/*============================================================================= 
 * SECURITY FIX (AUDIT 5): W^X Violation - Enforce Read-Only ELF Data 
 *============================================================================= 
 * Making embedded ELF read-only to prevent code modification attacks. 
 *===========================================================================*/ 

const unsigned char netprobe_elf_data[] = {
  0x7f, 0x45, 0x4c, 0x46, 0x01, 0x01, 0x01, 0x00, 0x00, 0x00, 0x00, 0x00,
  0x00, 0x00, 0x00, 0x00, 0x02, 0x00, 0x03, 0x00, 0x01, 0x00, 0x00, 0x00,
  0x00, 0x00, 0x00, 0x08, 0x34, 0x00, 0x00, 0x00, 0x84, 0x47, 0x00, 0x00,
  0x00, 0x00, 0x00, 0x00, 0x34, 0x00, 0x20, 0x00, 0x03, 0x00, 0x28, 0x00,
  0x08, 0x00, 0x07, 0x00, 0x01, 0x00, 0x00, 0x00, 0x00, 0x10, 0x00, 0x00,
  0x00, 0x00, 0x00, 0x08, 0x00, 0x00, 0x00, 0x08, 0x7a, 0x10, 0x00, 0x00,
  0x7a, 0x10, 0x00, 0x00, 0x05, 0x00, 0x00, 0x00, 0x00, 0x10, 0x00, 0x00,
  0x01, 0x00, 0x00, 0x00, 0x00, 0x30, 0x00, 0x00, 0x00, 0x20, 0x00, 0x08,
  0x00, 0x20, 0x00, 0x08, 0x1d, 0x02, 0x00, 0x00, 0x1d, 0x02, 0x00, 0x00,
  0x04, 0x00, 0x00, 0x00, 0x00, 0x10, 0x00, 0x00, 0x01, 0x00, 0x00, 0x00,
  0x00, 0x40, 0x00, 0x00, 0x00, 0x30, 0x00, 0x08, 0x00, 0x30, 0x00, 0x08,
  0x5c, 0x00, 0x00, 0x00, 0x04, 0x50, 0x00, 0x00, 0x06, 0x00, 0x00, 0x00,
  0x00, 0x10, 0x00, 0x00, 0x00, 0x00, 0x00, 0x00, 0x00, 0x00, 0x00, 0x00,
  0x00, 0x00, 0x00, 0x00, 0x00, 0x00, 0x00, 0x00, 0x00, 0x00, 0x00, 0x00,
  0x00, 0x00, 0x00, 0x00, 0x00, 0x00, 0x00, 0x00, 0x00, 0x00, 0x00, 0x00,
  0x00, 0x00, 0x00, 0x00, 0x00, 0x00, 0x00, 0x00, 0x00, 0x00, 0x00, 0x00,
  0x00, 0x00, 0x00, 0x00, 0x00, 0x00, 0x00, 0x00, 0x00, 0x00, 0x00, 0x00,
  0x00, 0x00, 0x00, 0x00, 0x00, 0x00, 0x00, 0x00, 0x00, 0x00, 0x00, 0x00,
  0x00, 0x00, 0x00, 0x00, 0x00, 0x00, 0x00, 0x00, 0x00, 0x00, 0x00, 0x00,
  0x00, 0x00, 0x00, 0x00, 0x00, 0x00, 0x00, 0x00, 0x00, 0x00, 0x00, 0x00,
  0x00, 0x00, 0x00, 0x00, 0x00, 0x00, 0x00, 0x00, 0x00, 0x00, 0x00, 0x00,
  0x00, 0x00, 0x00, 0x00, 0x00, 0x00, 0x00, 0x00, 0x00, 0x00, 0x00, 0x00,
  0x00, 0x00, 0x00, 0x00, 0x00, 0x00, 0x00, 0x00, 0x00, 0x00, 0x00, 0x00,
  0x00, 0x00, 0x00, 0x00, 0x00, 0x00, 0x00, 0x00, 0x00, 0x00, 0x00, 0x00,
  0x00, 0x00, 0x00, 0x00, 0x00, 0x00, 0x00, 0x00, 0x00, 0x00, 0x00, 0x00,
  0x00, 0x00, 0x00, 0x00, 0x00, 0x00, 0x00, 0x00, 0x00, 0x00, 0x00, 0x00,
  0x00, 0x00, 0x00, 0x00, 0x00, 0x00, 0x00, 0x00, 0x00, 0x00, 0x00, 0x00,
  0x00, 0x00, 0x00, 0x00, 0x00, 0x00, 0x00, 0x00, 0x00, 0x00, 0x00, 0x00,
  0x00, 0x00, 0x00, 0x00, 0x00, 0x00, 0x00, 0x00, 0x00, 0x00, 0x00, 0x00,
  0x00, 0x00, 0x00, 0x00, 0x00, 0x00, 0x00, 0x00, 0x00, 0x00, 0x00, 0x00,
  0x00, 0x00, 0x00, 0x00, 0x00, 0x00, 0x00, 0x00, 0x00, 0x00, 0x00, 0x00,
  0x00, 0x00, 0x00, 0x00, 0x00, 0x00, 0x00, 0x00, 0x00, 0x00, 0x00, 0x00,
  0x00, 0x00, 0x00, 0x00, 0x00, 0x00, 0x00, 0x00, 0x00, 0x00, 0x00, 0x00,
  0x00, 0x00, 0x00, 0x00, 0x00, 0x00, 0x00, 0x00, 0x00, 0x00, 0x00, 0x00,
  0x00, 0x00, 0x00, 0x00, 0x00, 0x00, 0x00, 0x00, 0x00, 0x00, 0x00, 0x00,
  0x00, 0x00, 0x00, 0x00, 0x00, 0x00, 0x00, 0x00, 0x00, 0x00, 0x00, 0x00,
  0x00, 0x00, 0x00, 0x00, 0x00, 0x00, 0x00, 0x00, 0x00, 0x00, 0x00, 0x00,
  0x00, 0x00, 0x00, 0x00, 0x00, 0x00, 0x00, 0x00, 0x00, 0x00, 0x00, 0x00,
  0x00, 0x00, 0x00, 0x00, 0x00, 0x00, 0x00, 0x00, 0x00, 0x00, 0x00, 0x00,
  0x00, 0x00, 0x00, 0x00, 0x00, 0x00, 0x00, 0x00, 0x00, 0x00, 0x00, 0x00,
  0x00, 0x00, 0x00, 0x00, 0x00, 0x00, 0x00, 0x00, 0x00, 0x00, 0x00, 0x00,
  0x00, 0x00, 0x00, 0x00, 0x00, 0x00, 0x00, 0x00, 0x00, 0x00, 0x00, 0x00,
  0x00, 0x00, 0x00, 0x00, 0x00, 0x00, 0x00, 0x00, 0x00, 0x00, 0x00, 0x00,
  0x00, 0x00, 0x00, 0x00, 0x00, 0x00, 0x00, 0x00, 0x00, 0x00, 0x00, 0x00,
  0x00, 0x00, 0x00, 0x00, 0x00, 0x00, 0x00, 0x00, 0x00, 0x00, 0x00, 0x00,
  0x00, 0x00, 0x00, 0x00, 0x00, 0x00, 0x00, 0x00, 0x00, 0x00, 0x00, 0x00,
  0x00, 0x00, 0x00, 0x00, 0x00, 0x00, 0x00, 0x00, 0x00, 0x00, 0x00, 0x00,
  0x00, 0x00, 0x00, 0x00, 0x00, 0x00, 0x00, 0x00, 0x00, 0x00, 0x00, 0x00,
  0x00, 0x00, 0x00, 0x00, 0x00, 0x00, 0x00, 0x00, 0x00, 0x00, 0x00, 0x00,
  0x00, 0x00, 0x00, 0x00, 0x00, 0x00, 0x00, 0x00, 0x00, 0x00, 0x00, 0x00,
  0x00, 0x00, 0x00, 0x00, 0x00, 0x00, 0x00, 0x00, 0x00, 0x00, 0x00, 0x00,
  0x00, 0x00, 0x00, 0x00, 0x00, 0x00, 0x00, 0x00, 0x00, 0x00, 0x00, 0x00,
  0x00, 0x00, 0x00, 0x00, 0x00, 0x00, 0x00, 0x00, 0x00, 0x00, 0x00, 0x00,
  0x00, 0x00, 0x00, 0x00, 0x00, 0x00, 0x00, 0x00, 0x00, 0x00, 0x00, 0x00,
  0x00, 0x00, 0x00, 0x00, 0x00, 0x00, 0x00, 0x00, 0x00, 0x00, 0x00, 0x00,
  0x00, 0x00, 0x00, 0x00, 0x00, 0x00, 0x00, 0x00, 0x00, 0x00, 0x00, 0x00,
  0x00, 0x00, 0x00, 0x00, 0x00, 0x00, 0x00, 0x00, 0x00, 0x00, 0x00, 0x00,
  0x00, 0x00, 0x00, 0x00, 0x00, 0x00, 0x00, 0x00, 0x00, 0x00, 0x00, 0x00,
  0x00, 0x00, 0x00, 0x00, 0x00, 0x00, 0x00, 0x00, 0x00, 0x00, 0x00, 0x00,
  0x00, 0x00, 0x00, 0x00, 0x00, 0x00, 0x00, 0x00, 0x00, 0x00, 0x00, 0x00,
  0x00, 0x00, 0x00, 0x00, 0x00, 0x00, 0x00, 0x00, 0x00, 0x00, 0x00, 0x00,
  0x00, 0x00, 0x00, 0x00, 0x00, 0x00, 0x00, 0x00, 0x00, 0x00, 0x00, 0x00,
  0x00, 0x00, 0x00, 0x00, 0x00, 0x00, 0x00, 0x00, 0x00, 0x00, 0x00, 0x00,
  0x00, 0x00, 0x00, 0x00, 0x00, 0x00, 0x00, 0x00, 0x00, 0x00, 0x00, 0x00,
  0x00, 0x00, 0x00, 0x00, 0x00, 0x00, 0x00, 0x00, 0x00, 0x00, 0x00, 0x00,
  0x00, 0x00, 0x00, 0x00, 0x00, 0x00, 0x00, 0x00, 0x00, 0x00, 0x00, 0x00,
  0x00, 0x00, 0x00, 0x00, 0x00, 0x00, 0x00, 0x00, 0x00, 0x00, 0x00, 0x00,
  0x00, 0x00, 0x00, 0x00, 0x00, 0x00, 0x00, 0x00, 0x00, 0x00, 0x00, 0x00,
  0x00, 0x00, 0x00, 0x00, 0x00, 0x00, 0x00, 0x00, 0x00, 0x00, 0x00, 0x00,
  0x00, 0x00, 0x00, 0x00, 0x00, 0x00, 0x00, 0x00, 0x00, 0x00, 0x00, 0x00,
  0x00, 0x00, 0x00, 0x00, 0x00, 0x00, 0x00, 0x00, 0x00, 0x00, 0x00, 0x00,
  0x00, 0x00, 0x00, 0x00, 0x00, 0x00, 0x00, 0x00, 0x00, 0x00, 0x00, 0x00,
  0x00, 0x00, 0x00, 0x00, 0x00, 0x00, 0x00, 0x00, 0x00, 0x00, 0x00, 0x00,
  0x00, 0x00, 0x00, 0x00, 0x00, 0x00, 0x00, 0x00, 0x00, 0x00, 0x00, 0x00,
  0x00, 0x00, 0x00, 0x00, 0x00, 0x00, 0x00, 0x00, 0x00, 0x00, 0x00, 0x00,
  0x00, 0x00, 0x00, 0x00, 0x00, 0x00, 0x00, 0x00, 0x00, 0x00, 0x00, 0x00,
  0x00, 0x00, 0x00, 0x00, 0x00, 0x00, 0x00, 0x00, 0x00, 0x00, 0x00, 0x00,
  0x00, 0x00, 0x00, 0x00, 0x00, 0x00, 0x00, 0x00, 0x00, 0x00, 0x00, 0x00,
  0x00, 0x00, 0x00, 0x00, 0x00, 0x00, 0x00, 0x00, 0x00, 0x00, 0x00, 0x00,
  0x00, 0x00, 0x00, 0x00, 0x00, 0x00, 0x00, 0x00, 0x00, 0x00, 0x00, 0x00,
  0x00, 0x00, 0x00, 0x00, 0x00, 0x00, 0x00, 0x00, 0x00, 0x00, 0x00, 0x00,
  0x00, 0x00, 0x00, 0x00, 0x00, 0x00, 0x00, 0x00, 0x00, 0x00, 0x00, 0x00,
  0x00, 0x00, 0x00, 0x00, 0x00, 0x00, 0x00, 0x00, 0x00, 0x00, 0x00, 0x00,
  0x00, 0x00, 0x00, 0x00, 0x00, 0x00, 0x00, 0x00, 0x00, 0x00, 0x00, 0x00,
  0x00, 0x00, 0x00, 0x00, 0x00, 0x00, 0x00, 0x00, 0x00, 0x00, 0x00, 0x00,
  0x00, 0x00, 0x00, 0x00, 0x00, 0x00, 0x00, 0x00, 0x00, 0x00, 0x00, 0x00,
  0x00, 0x00, 0x00, 0x00, 0x00, 0x00, 0x00, 0x00, 0x00, 0x00, 0x00, 0x00,
  0x00, 0x00, 0x00, 0x00, 0x00, 0x00, 0x00, 0x00, 0x00, 0x00, 0x00, 0x00,
  0x00, 0x00, 0x00, 0x00, 0x00, 0x00, 0x00, 0x00, 0x00, 0x00, 0x00, 0x00,
  0x00, 0x00, 0x00, 0x00, 0x00, 0x00, 0x00, 0x00, 0x00, 0x00, 0x00, 0x00,
  0x00, 0x00, 0x00, 0x00, 0x00, 0x00, 0x00, 0x00, 0x00, 0x00, 0x00, 0x00,
  0x00, 0x00, 0x00, 0x00, 0x00, 0x00, 0x00, 0x00, 0x00, 0x00, 0x00, 0x00,
  0x00, 0x00, 0x00, 0x00, 0x00, 0x00, 0x00, 0x00, 0x00, 0x00, 0x00, 0x00,
  0x00, 0x00, 0x00, 0x00, 0x00, 0x00, 0x00, 0x00, 0x00, 0x00, 0x00, 0x00,
  0x00, 0x00, 0x00, 0x00, 0x00, 0x00, 0x00, 0x00, 0x00, 0x00, 0x00, 0x00,
  0x00, 0x00, 0x00, 0x00, 0x00, 0x00, 0x00, 0x00, 0x00, 0x00, 0x00, 0x00,
  0x00, 0x00, 0x00, 0x00, 0x00, 0x00, 0x00, 0x00, 0x00, 0x00, 0x00, 0x00,
  0x00, 0x00, 0x00, 0x00, 0x00, 0x00, 0x00, 0x00, 0x00, 0x00, 0x00, 0x00,
  0x00, 0x00, 0x00, 0x00, 0x00, 0x00, 0x00, 0x00, 0x00, 0x00, 0x00, 0x00,
  0x00, 0x00, 0x00, 0x00, 0x00, 0x00, 0x00, 0x00, 0x00, 0x00, 0x00, 0x00,
  0x00, 0x00, 0x00, 0x00, 0x00, 0x00, 0x00, 0x00, 0x00, 0x00, 0x00, 0x00,
  0x00, 0x00, 0x00, 0x00, 0x00, 0x00, 0x00, 0x00, 0x00, 0x00, 0x00, 0x00,
  0x00, 0x00, 0x00, 0x00, 0x00, 0x00, 0x00, 0x00, 0x00, 0x00, 0x00, 0x00,
  0x00, 0x00, 0x00, 0x00, 0x00, 0x00, 0x00, 0x00, 0x00, 0x00, 0x00, 0x00,
  0x00, 0x00, 0x00, 0x00, 0x00, 0x00, 0x00, 0x00, 0x00, 0x00, 0x00, 0x00,
  0x00, 0x00, 0x00, 0x00, 0x00, 0x00, 0x00, 0x00, 0x00, 0x00, 0x00, 0x00,
  0x00, 0x00, 0x00, 0x00, 0x00, 0x00, 0x00, 0x00, 0x00, 0x00, 0x00, 0x00,
  0x00, 0x00, 0x00, 0x00, 0x00, 0x00, 0x00, 0x00, 0x00, 0x00, 0x00, 0x00,
  0x00, 0x00, 0x00, 0x00, 0x00, 0x00, 0x00, 0x00, 0x00, 0x00, 0x00, 0x00,
  0x00, 0x00, 0x00, 0x00, 0x00, 0x00, 0x00, 0x00, 0x00, 0x00, 0x00, 0x00,
  0x00, 0x00, 0x00, 0x00, 0x00, 0x00, 0x00, 0x00, 0x00, 0x00, 0x00, 0x00,
  0x00, 0x00, 0x00, 0x00, 0x00, 0x00, 0x00, 0x00, 0x00, 0x00, 0x00, 0x00,
  0x00, 0x00, 0x00, 0x00, 0x00, 0x00, 0x00, 0x00, 0x00, 0x00, 0x00, 0x00,
  0x00, 0x00, 0x00, 0x00, 0x00, 0x00, 0x00, 0x00, 0x00, 0x00, 0x00, 0x00,
  0x00, 0x00, 0x00, 0x00, 0x00, 0x00, 0x00, 0x00, 0x00, 0x00, 0x00, 0x00,
  0x00, 0x00, 0x00, 0x00, 0x00, 0x00, 0x00, 0x00, 0x00, 0x00, 0x00, 0x00,
  0x00, 0x00, 0x00, 0x00, 0x00, 0x00, 0x00, 0x00, 0x00, 0x00, 0x00, 0x00,
  0x00, 0x00, 0x00, 0x00, 0x00, 0x00, 0x00, 0x00, 0x00, 0x00, 0x00, 0x00,
  0x00, 0x00, 0x00, 0x00, 0x00, 0x00, 0x00, 0x00, 0x00, 0x00, 0x00, 0x00,
  0x00, 0x00, 0x00, 0x00, 0x00, 0x00, 0x00, 0x00, 0x00, 0x00, 0x00, 0x00,
  0x00, 0x00, 0x00, 0x00, 0x00, 0x00, 0x00, 0x00, 0x00, 0x00, 0x00, 0x00,
  0x00, 0x00, 0x00, 0x00, 0x00, 0x00, 0x00, 0x00, 0x00, 0x00, 0x00, 0x00,
  0x00, 0x00, 0x00, 0x00, 0x00, 0x00, 0x00, 0x00, 0x00, 0x00, 0x00, 0x00,
  0x00, 0x00, 0x00, 0x00, 0x00, 0x00, 0x00, 0x00, 0x00, 0x00, 0x00, 0x00,
  0x00, 0x00, 0x00, 0x00, 0x00, 0x00, 0x00, 0x00, 0x00, 0x00, 0x00, 0x00,
  0x00, 0x00, 0x00, 0x00, 0x00, 0x00, 0x00, 0x00, 0x00, 0x00, 0x00, 0x00,
  0x00, 0x00, 0x00, 0x00, 0x00, 0x00, 0x00, 0x00, 0x00, 0x00, 0x00, 0x00,
  0x00, 0x00, 0x00, 0x00, 0x00, 0x00, 0x00, 0x00, 0x00, 0x00, 0x00, 0x00,
  0x00, 0x00, 0x00, 0x00, 0x00, 0x00, 0x00, 0x00, 0x00, 0x00, 0x00, 0x00,
  0x00, 0x00, 0x00, 0x00, 0x00, 0x00, 0x00, 0x00, 0x00, 0x00, 0x00, 0x00,
  0x00, 0x00, 0x00, 0x00, 0x00, 0x00, 0x00, 0x00, 0x00, 0x00, 0x00, 0x00,
  0x00, 0x00, 0x00, 0x00, 0x00, 0x00, 0x00, 0x00, 0x00, 0x00, 0x00, 0x00,
  0x00, 0x00, 0x00, 0x00, 0x00, 0x00, 0x00, 0x00, 0x00, 0x00, 0x00, 0x00,
  0x00, 0x00, 0x00, 0x00, 0x00, 0x00, 0x00, 0x00, 0x00, 0x00, 0x00, 0x00,
  0x00, 0x00, 0x00, 0x00, 0x00, 0x00, 0x00, 0x00, 0x00, 0x00, 0x00, 0x00,
  0x00, 0x00, 0x00, 0x00, 0x00, 0x00, 0x00, 0x00, 0x00, 0x00, 0x00, 0x00,
  0x00, 0x00, 0x00, 0x00, 0x00, 0x00, 0x00, 0x00, 0x00, 0x00, 0x00, 0x00,
  0x00, 0x00, 0x00, 0x00, 0x00, 0x00, 0x00, 0x00, 0x00, 0x00, 0x00, 0x00,
  0x00, 0x00, 0x00, 0x00, 0x00, 0x00, 0x00, 0x00, 0x00, 0x00, 0x00, 0x00,
  0x00, 0x00, 0x00, 0x00, 0x00, 0x00, 0x00, 0x00, 0x00, 0x00, 0x00, 0x00,
  0x00, 0x00, 0x00, 0x00, 0x00, 0x00, 0x00, 0x00, 0x00, 0x00, 0x00, 0x00,
  0x00, 0x00, 0x00, 0x00, 0x00, 0x00, 0x00, 0x00, 0x00, 0x00, 0x00, 0x00,
  0x00, 0x00, 0x00, 0x00, 0x00, 0x00, 0x00, 0x00, 0x00, 0x00, 0x00, 0x00,
  0x00, 0x00, 0x00, 0x00, 0x00, 0x00, 0x00, 0x00, 0x00, 0x00, 0x00, 0x00,
  0x00, 0x00, 0x00, 0x00, 0x00, 0x00, 0x00, 0x00, 0x00, 0x00, 0x00, 0x00,
  0x00, 0x00, 0x00, 0x00, 0x00, 0x00, 0x00, 0x00, 0x00, 0x00, 0x00, 0x00,
  0x00, 0x00, 0x00, 0x00, 0x00, 0x00, 0x00, 0x00, 0x00, 0x00, 0x00, 0x00,
  0x00, 0x00, 0x00, 0x00, 0x00, 0x00, 0x00, 0x00, 0x00, 0x00, 0x00, 0x00,
  0x00, 0x00, 0x00, 0x00, 0x00, 0x00, 0x00, 0x00, 0x00, 0x00, 0x00, 0x00,
  0x00, 0x00, 0x00, 0x00, 0x00, 0x00, 0x00, 0x00, 0x00, 0x00, 0x00, 0x00,
  0x00, 0x00, 0x00, 0x00, 0x00, 0x00, 0x00, 0x00, 0x00, 0x00, 0x00, 0x00,
  0x00, 0x00, 0x00, 0x00, 0x00, 0x00, 0x00, 0x00, 0x00, 0x00, 0x00, 0x00,
  0x00, 0x00, 0x00, 0x00, 0x00, 0x00, 0x00, 0x00, 0x00, 0x00, 0x00, 0x00,
  0x00, 0x00, 0x00, 0x00, 0x00, 0x00, 0x00, 0x00, 0x00, 0x00, 0x00, 0x00,
  0x00, 0x00, 0x00, 0x00, 0x00, 0x00, 0x00, 0x00, 0x00, 0x00, 0x00, 0x00,
  0x00, 0x00, 0x00, 0x00, 0x00, 0x00, 0x00, 0x00, 0x00, 0x00, 0x00, 0x00,
  0x00, 0x00, 0x00, 0x00, 0x00, 0x00, 0x00, 0x00, 0x00, 0x00, 0x00, 0x00,
  0x00, 0x00, 0x00, 0x00, 0x00, 0x00, 0x00, 0x00, 0x00, 0x00, 0x00, 0x00,
  0x00, 0x00, 0x00, 0x00, 0x00, 0x00, 0x00, 0x00, 0x00, 0x00, 0x00, 0x00,
  0x00, 0x00, 0x00, 0x00, 0x00, 0x00, 0x00, 0x00, 0x00, 0x00, 0x00, 0x00,
  0x00, 0x00, 0x00, 0x00, 0x00, 0x00, 0x00, 0x00, 0x00, 0x00, 0x00, 0x00,
  0x00, 0x00, 0x00, 0x00, 0x00, 0x00, 0x00, 0x00, 0x00, 0x00, 0x00, 0x00,
  0x00, 0x00, 0x00, 0x00, 0x00, 0x00, 0x00, 0x00, 0x00, 0x00, 0x00, 0x00,
  0x00, 0x00, 0x00, 0x00, 0x00, 0x00, 0x00, 0x00, 0x00, 0x00, 0x00, 0x00,
  0x00, 0x00, 0x00, 0x00, 0x00, 0x00, 0x00, 0x00, 0x00, 0x00, 0x00, 0x00,
  0x00, 0x00, 0x00, 0x00, 0x00, 0x00, 0x00, 0x00, 0x00, 0x00, 0x00, 0x00,
  0x00, 0x00, 0x00, 0x00, 0x00, 0x00, 0x00, 0x00, 0x00, 0x00, 0x00, 0x00,
  0x00, 0x00, 0x00, 0x00, 0x00, 0x00, 0x00, 0x00, 0x00, 0x00, 0x00, 0x00,
  0x00, 0x00, 0x00, 0x00, 0x00, 0x00, 0x00, 0x00, 0x00, 0x00, 0x00, 0x00,
  0x00, 0x00, 0x00, 0x00, 0x00, 0x00, 0x00, 0x00, 0x00, 0x00, 0x00, 0x00,
  0x00, 0x00, 0x00, 0x00, 0x00, 0x00, 0x00, 0x00, 0x00, 0x00, 0x00, 0x00,
  0x00, 0x00, 0x00, 0x00, 0x00, 0x00, 0x00, 0x00, 0x00, 0x00, 0x00, 0x00,
  0x00, 0x00, 0x00, 0x00, 0x00, 0x00, 0x00, 0x00, 0x00, 0x00, 0x00, 0x00,
  0x00, 0x00, 0x00, 0x00, 0x00, 0x00, 0x00, 0x00, 0x00, 0x00, 0x00, 0x00,
  0x00, 0x00, 0x00, 0x00, 0x00, 0x00, 0x00, 0x00, 0x00, 0x00, 0x00, 0x00,
  0x00, 0x00, 0x00, 0x00, 0x00, 0x00, 0x00, 0x00, 0x00, 0x00, 0x00, 0x00,
  0x00, 0x00, 0x00, 0x00, 0x00, 0x00, 0x00, 0x00, 0x00, 0x00, 0x00, 0x00,
  0x00, 0x00, 0x00, 0x00, 0x00, 0x00, 0x00, 0x00, 0x00, 0x00, 0x00, 0x00,
  0x00, 0x00, 0x00, 0x00, 0x00, 0x00, 0x00, 0x00, 0x00, 0x00, 0x00, 0x00,
  0x00, 0x00, 0x00, 0x00, 0x00, 0x00, 0x00, 0x00, 0x00, 0x00, 0x00, 0x00,
  0x00, 0x00, 0x00, 0x00, 0x00, 0x00, 0x00, 0x00, 0x00, 0x00, 0x00, 0x00,
  0x00, 0x00, 0x00, 0x00, 0x00, 0x00, 0x00, 0x00, 0x00, 0x00, 0x00, 0x00,
  0x00, 0x00, 0x00, 0x00, 0x00, 0x00, 0x00, 0x00, 0x00, 0x00, 0x00, 0x00,
  0x00, 0x00, 0x00, 0x00, 0x00, 0x00, 0x00, 0x00, 0x00, 0x00, 0x00, 0x00,
  0x00, 0x00, 0x00, 0x00, 0x00, 0x00, 0x00, 0x00, 0x00, 0x00, 0x00, 0x00,
  0x00, 0x00, 0x00, 0x00, 0x00, 0x00, 0x00, 0x00, 0x00, 0x00, 0x00, 0x00,
  0x00, 0x00, 0x00, 0x00, 0x00, 0x00, 0x00, 0x00, 0x00, 0x00, 0x00, 0x00,
  0x00, 0x00, 0x00, 0x00, 0x00, 0x00, 0x00, 0x00, 0x00, 0x00, 0x00, 0x00,
  0x00, 0x00, 0x00, 0x00, 0x00, 0x00, 0x00, 0x00, 0x00, 0x00, 0x00, 0x00,
  0x00, 0x00, 0x00, 0x00, 0x00, 0x00, 0x00, 0x00, 0x00, 0x00, 0x00, 0x00,
  0x00, 0x00, 0x00, 0x00, 0x00, 0x00, 0x00, 0x00, 0x00, 0x00, 0x00, 0x00,
  0x00, 0x00, 0x00, 0x00, 0x00, 0x00, 0x00, 0x00, 0x00, 0x00, 0x00, 0x00,
  0x00, 0x00, 0x00, 0x00, 0x00, 0x00, 0x00, 0x00, 0x00, 0x00, 0x00, 0x00,
  0x00, 0x00, 0x00, 0x00, 0x00, 0x00, 0x00, 0x00, 0x00, 0x00, 0x00, 0x00,
  0x00, 0x00, 0x00, 0x00, 0x00, 0x00, 0x00, 0x00, 0x00, 0x00, 0x00, 0x00,
  0x00, 0x00, 0x00, 0x00, 0x00, 0x00, 0x00, 0x00, 0x00, 0x00, 0x00, 0x00,
  0x00, 0x00, 0x00, 0x00, 0x00, 0x00, 0x00, 0x00, 0x00, 0x00, 0x00, 0x00,
  0x00, 0x00, 0x00, 0x00, 0x00, 0x00, 0x00, 0x00, 0x00, 0x00, 0x00, 0x00,
  0x00, 0x00, 0x00, 0x00, 0x00, 0x00, 0x00, 0x00, 0x00, 0x00, 0x00, 0x00,
  0x00, 0x00, 0x00, 0x00, 0x00, 0x00, 0x00, 0x00, 0x00, 0x00, 0x00, 0x00,
  0x00, 0x00, 0x00, 0x00, 0x00, 0x00, 0x00, 0x00, 0x00, 0x00, 0x00, 0x00,
  0x00, 0x00, 0x00, 0x00, 0x00, 0x00, 0x00, 0x00, 0x00, 0x00, 0x00, 0x00,
  0x00, 0x00, 0x00, 0x00, 0x00, 0x00, 0x00, 0x00, 0x00, 0x00, 0x00, 0x00,
  0x00, 0x00, 0x00, 0x00, 0x00, 0x00, 0x00, 0x00, 0x00, 0x00, 0x00, 0x00,
  0x00, 0x00, 0x00, 0x00, 0x00, 0x00, 0x00, 0x00, 0x00, 0x00, 0x00, 0x00,
  0x00, 0x00, 0x00, 0x00, 0x00, 0x00, 0x00, 0x00, 0x00, 0x00, 0x00, 0x00,
  0x00, 0x00, 0x00, 0x00, 0x00, 0x00, 0x00, 0x00, 0x00, 0x00, 0x00, 0x00,
  0x00, 0x00, 0x00, 0x00, 0x00, 0x00, 0x00, 0x00, 0x00, 0x00, 0x00, 0x00,
  0x00, 0x00, 0x00, 0x00, 0x00, 0x00, 0x00, 0x00, 0x00, 0x00, 0x00, 0x00,
  0x00, 0x00, 0x00, 0x00, 0x00, 0x00, 0x00, 0x00, 0x00, 0x00, 0x00, 0x00,
  0x00, 0x00, 0x00, 0x00, 0x00, 0x00, 0x00, 0x00, 0x00, 0x00, 0x00, 0x00,
  0x00, 0x00, 0x00, 0x00, 0x00, 0x00, 0x00, 0x00, 0x00, 0x00, 0x00, 0x00,
  0x00, 0x00, 0x00, 0x00, 0x00, 0x00, 0x00, 0x00, 0x00, 0x00, 0x00, 0x00,
  0x00, 0x00, 0x00, 0x00, 0x00, 0x00, 0x00, 0x00, 0x00, 0x00, 0x00, 0x00,
  0x00, 0x00, 0x00, 0x00, 0x00, 0x00, 0x00, 0x00, 0x00, 0x00, 0x00, 0x00,
  0x00, 0x00, 0x00, 0x00, 0x00, 0x00, 0x00, 0x00, 0x00, 0x00, 0x00, 0x00,
  0x00, 0x00, 0x00, 0x00, 0x00, 0x00, 0x00, 0x00, 0x00, 0x00, 0x00, 0x00,
  0x00, 0x00, 0x00, 0x00, 0x00, 0x00, 0x00, 0x00, 0x00, 0x00, 0x00, 0x00,
  0x00, 0x00, 0x00, 0x00, 0x00, 0x00, 0x00, 0x00, 0x00, 0x00, 0x00, 0x00,
  0x00, 0x00, 0x00, 0x00, 0x00, 0x00, 0x00, 0x00, 0x00, 0x00, 0x00, 0x00,
  0x00, 0x00, 0x00, 0x00, 0x00, 0x00, 0x00, 0x00, 0x00, 0x00, 0x00, 0x00,
  0x00, 0x00, 0x00, 0x00, 0x00, 0x00, 0x00, 0x00, 0x00, 0x00, 0x00, 0x00,
  0x00, 0x00, 0x00, 0x00, 0x00, 0x00, 0x00, 0x00, 0x00, 0x00, 0x00, 0x00,
  0x00, 0x00, 0x00, 0x00, 0x00, 0x00, 0x00, 0x00, 0x00, 0x00, 0x00, 0x00,
  0x00, 0x00, 0x00, 0x00, 0x00, 0x00, 0x00, 0x00, 0x00, 0x00, 0x00, 0x00,
  0x00, 0x00, 0x00, 0x00, 0x00, 0x00, 0x00, 0x00, 0x00, 0x00, 0x00, 0x00,
  0x00, 0x00, 0x00, 0x00, 0x00, 0x00, 0x00, 0x00, 0x00, 0x00, 0x00, 0x00,
  0x00, 0x00, 0x00, 0x00, 0x00, 0x00, 0x00, 0x00, 0x00, 0x00, 0x00, 0x00,
  0x00, 0x00, 0x00, 0x00, 0x00, 0x00, 0x00, 0x00, 0x00, 0x00, 0x00, 0x00,
  0x00, 0x00, 0x00, 0x00, 0x00, 0x00, 0x00, 0x00, 0x00, 0x00, 0x00, 0x00,
  0x00, 0x00, 0x00, 0x00, 0x00, 0x00, 0x00, 0x00, 0x00, 0x00, 0x00, 0x00,
  0x00, 0x00, 0x00, 0x00, 0x00, 0x00, 0x00, 0x00, 0x00, 0x00, 0x00, 0x00,
  0x00, 0x00, 0x00, 0x00, 0x00, 0x00, 0x00, 0x00, 0x00, 0x00, 0x00, 0x00,
  0x00, 0x00, 0x00, 0x00, 0x00, 0x00, 0x00, 0x00, 0x00, 0x00, 0x00, 0x00,
  0x00, 0x00, 0x00, 0x00, 0x00, 0x00, 0x00, 0x00, 0x00, 0x00, 0x00, 0x00,
  0x00, 0x00, 0x00, 0x00, 0x00, 0x00, 0x00, 0x00, 0x00, 0x00, 0x00, 0x00,
  0x00, 0x00, 0x00, 0x00, 0x00, 0x00, 0x00, 0x00, 0x00, 0x00, 0x00, 0x00,
  0x00, 0x00, 0x00, 0x00, 0x00, 0x00, 0x00, 0x00, 0x00, 0x00, 0x00, 0x00,
  0x00, 0x00, 0x00, 0x00, 0x00, 0x00, 0x00, 0x00, 0x00, 0x00, 0x00, 0x00,
  0x00, 0x00, 0x00, 0x00, 0x00, 0x00, 0x00, 0x00, 0x00, 0x00, 0x00, 0x00,
  0x00, 0x00, 0x00, 0x00, 0x00, 0x00, 0x00, 0x00, 0x00, 0x00, 0x00, 0x00,
  0x00, 0x00, 0x00, 0x00, 0x00, 0x00, 0x00, 0x00, 0x00, 0x00, 0x00, 0x00,
  0x00, 0x00, 0x00, 0x00, 0x00, 0x00, 0x00, 0x00, 0x00, 0x00, 0x00, 0x00,
  0x00, 0x00, 0x00, 0x00, 0x00, 0x00, 0x00, 0x00, 0x00, 0x00, 0x00, 0x00,
  0x00, 0x00, 0x00, 0x00, 0x00, 0x00, 0x00, 0x00, 0x00, 0x00, 0x00, 0x00,
  0x00, 0x00, 0x00, 0x00, 0x00, 0x00, 0x00, 0x00, 0x00, 0x00, 0x00, 0x00,
  0x00, 0x00, 0x00, 0x00, 0x00, 0x00, 0x00, 0x00, 0x00, 0x00, 0x00, 0x00,
  0x00, 0x00, 0x00, 0x00, 0x00, 0x00, 0x00, 0x00, 0x00, 0x00, 0x00, 0x00,
  0x00, 0x00, 0x00, 0x00, 0x00, 0x00, 0x00, 0x00, 0x00, 0x00, 0x00, 0x00,
  0x00, 0x00, 0x00, 0x00, 0x00, 0x00, 0x00, 0x00, 0x00, 0x00, 0x00, 0x00,
  0x00, 0x00, 0x00, 0x00, 0x00, 0x00, 0x00, 0x00, 0x00, 0x00, 0x00, 0x00,
  0x00, 0x00, 0x00, 0x00, 0x00, 0x00, 0x00, 0x00, 0x00, 0x00, 0x00, 0x00,
  0x00, 0x00, 0x00, 0x00, 0x00, 0x00, 0x00, 0x00, 0x00, 0x00, 0x00, 0x00,
  0x00, 0x00, 0x00, 0x00, 0x00, 0x00, 0x00, 0x00, 0x00, 0x00, 0x00, 0x00,
  0x00, 0x00, 0x00, 0x00, 0x00, 0x00, 0x00, 0x00, 0x00, 0x00, 0x00, 0x00,
  0x00, 0x00, 0x00, 0x00, 0x00, 0x00, 0x00, 0x00, 0x00, 0x00, 0x00, 0x00,
  0x00, 0x00, 0x00, 0x00, 0x00, 0x00, 0x00, 0x00, 0x00, 0x00, 0x00, 0x00,
  0x00, 0x00, 0x00, 0x00, 0x00, 0x00, 0x00, 0x00, 0x00, 0x00, 0x00, 0x00,
  0x00, 0x00, 0x00, 0x00, 0x00, 0x00, 0x00, 0x00, 0x00, 0x00, 0x00, 0x00,
  0x00, 0x00, 0x00, 0x00, 0x00, 0x00, 0x00, 0x00, 0x00, 0x00, 0x00, 0x00,
  0x00, 0x00, 0x00, 0x00, 0x00, 0x00, 0x00, 0x00, 0x00, 0x00, 0x00, 0x00,
  0x00, 0x00, 0x00, 0x00, 0x00, 0x00, 0x00, 0x00, 0x00, 0x00, 0x00, 0x00,
  0x00, 0x00, 0x00, 0x00, 0x00, 0x00, 0x00, 0x00, 0x00, 0x00, 0x00, 0x00,
  0x00, 0x00, 0x00, 0x00, 0x00, 0x00, 0x00, 0x00, 0x00, 0x00, 0x00, 0x00,
  0x00, 0x00, 0x00, 0x00, 0x00, 0x00, 0x00, 0x00, 0x00, 0x00, 0x00, 0x00,
  0x00, 0x00, 0x00, 0x00, 0x00, 0x00, 0x00, 0x00, 0x00, 0x00, 0x00, 0x00,
  0x00, 0x00, 0x00, 0x00, 0x00, 0x00, 0x00, 0x00, 0x00, 0x00, 0x00, 0x00,
  0x00, 0x00, 0x00, 0x00, 0x00, 0x00, 0x00, 0x00, 0x00, 0x00, 0x00, 0x00,
  0x00, 0x00, 0x00, 0x00, 0x00, 0x00, 0x00, 0x00, 0x00, 0x00, 0x00, 0x00,
  0x00, 0x00, 0x00, 0x00, 0x00, 0x00, 0x00, 0x00, 0x00, 0x00, 0x00, 0x00,
  0x00, 0x00, 0x00, 0x00, 0x00, 0x00, 0x00, 0x00, 0x00, 0x00, 0x00, 0x00,
  0x00, 0x00, 0x00, 0x00, 0x00, 0x00, 0x00, 0x00, 0x00, 0x00, 0x00, 0x00,
  0x00, 0x00, 0x00, 0x00, 0x00, 0x00, 0x00, 0x00, 0x00, 0x00, 0x00, 0x00,
  0x00, 0x00, 0x00, 0x00, 0x00, 0x00, 0x00, 0x00, 0x00, 0x00, 0x00, 0x00,
  0x00, 0x00, 0x00, 0x00, 0x00, 0x00, 0x00, 0x00, 0x00, 0x00, 0x00, 0x00,
  0x00, 0x00, 0x00, 0x00, 0x00, 0x00, 0x00, 0x00, 0x00, 0x00, 0x00, 0x00,
  0x00, 0x00, 0x00, 0x00, 0x00, 0x00, 0x00, 0x00, 0x00, 0x00, 0x00, 0x00,
  0x00, 0x00, 0x00, 0x00, 0x00, 0x00, 0x00, 0x00, 0x00, 0x00, 0x00, 0x00,
  0x00, 0x00, 0x00, 0x00, 0x00, 0x00, 0x00, 0x00, 0x00, 0x00, 0x00, 0x00,
  0x00, 0x00, 0x00, 0x00, 0x00, 0x00, 0x00, 0x00, 0x00, 0x00, 0x00, 0x00,
  0x00, 0x00, 0x00, 0x00, 0x00, 0x00, 0x00, 0x00, 0x00, 0x00, 0x00, 0x00,
  0x00, 0x00, 0x00, 0x00, 0x00, 0x00, 0x00, 0x00, 0x00, 0x00, 0x00, 0x00,
  0x00, 0x00, 0x00, 0x00, 0x00, 0x00, 0x00, 0x00, 0x00, 0x00, 0x00, 0x00,
  0x00, 0x00, 0x00, 0x00, 0x00, 0x00, 0x00, 0x00, 0x00, 0x00, 0x00, 0x00,
  0x00, 0x00, 0x00, 0x00, 0x00, 0x00, 0x00, 0x00, 0x00, 0x00, 0x00, 0x00,
  0x00, 0x00, 0x00, 0x00, 0x00, 0x00, 0x00, 0x00, 0x00, 0x00, 0x00, 0x00,
  0x00, 0x00, 0x00, 0x00, 0x00, 0x00, 0x00, 0x00, 0x00, 0x00, 0x00, 0x00,
  0x00, 0x00, 0x00, 0x00, 0x00, 0x00, 0x00, 0x00, 0x00, 0x00, 0x00, 0x00,
  0x00, 0x00, 0x00, 0x00, 0x00, 0x00, 0x00, 0x00, 0x00, 0x00, 0x00, 0x00,
  0x00, 0x00, 0x00, 0x00, 0x00, 0x00, 0x00, 0x00, 0x00, 0x00, 0x00, 0x00,
  0x00, 0x00, 0x00, 0x00, 0x00, 0x00, 0x00, 0x00, 0x00, 0x00, 0x00, 0x00,
  0x00, 0x00, 0x00, 0x00, 0x00, 0x00, 0x00, 0x00, 0x00, 0x00, 0x00, 0x00,
  0x00, 0x00, 0x00, 0x00, 0x00, 0x00, 0x00, 0x00, 0x00, 0x00, 0x00, 0x00,
  0x00, 0x00, 0x00, 0x00, 0x00, 0x00, 0x00, 0x00, 0x00, 0x00, 0x00, 0x00,
  0x00, 0x00, 0x00, 0x00, 0x00, 0x00, 0x00, 0x00, 0x00, 0x00, 0x00, 0x00,
  0x00, 0x00, 0x00, 0x00, 0x00, 0x00, 0x00, 0x00, 0x00, 0x00, 0x00, 0x00,
  0x00, 0x00, 0x00, 0x00, 0x00, 0x00, 0x00, 0x00, 0x00, 0x00, 0x00, 0x00,
  0x00, 0x00, 0x00, 0x00, 0x00, 0x00, 0x00, 0x00, 0x00, 0x00, 0x00, 0x00,
  0x00, 0x00, 0x00, 0x00, 0x00, 0x00, 0x00, 0x00, 0x00, 0x00, 0x00, 0x00,
  0x00, 0x00, 0x00, 0x00, 0x00, 0x00, 0x00, 0x00, 0x00, 0x00, 0x00, 0x00,
  0x00, 0x00, 0x00, 0x00, 0x00, 0x00, 0x00, 0x00, 0x00, 0x00, 0x00, 0x00,
  0x00, 0x00, 0x00, 0x00, 0x00, 0x00, 0x00, 0x00, 0x00, 0x00, 0x00, 0x00,
  0x00, 0x00, 0x00, 0x00, 0x00, 0x00, 0x00, 0x00, 0x00, 0x00, 0x00, 0x00,
  0x00, 0x00, 0x00, 0x00, 0x00, 0x00, 0x00, 0x00, 0x00, 0x00, 0x00, 0x00,
  0x00, 0x00, 0x00, 0x00, 0x00, 0x00, 0x00, 0x00, 0x00, 0x00, 0x00, 0x00,
  0x00, 0x00, 0x00, 0x00, 0x00, 0x00, 0x00, 0x00, 0x00, 0x00, 0x00, 0x00,
  0x00, 0x00, 0x00, 0x00, 0x00, 0x00, 0x00, 0x00, 0x00, 0x00, 0x00, 0x00,
  0x00, 0x00, 0x00, 0x00, 0x00, 0x00, 0x00, 0x00, 0x00, 0x00, 0x00, 0x00,
  0x00, 0x00, 0x00, 0x00, 0x00, 0x00, 0x00, 0x00, 0x00, 0x00, 0x00, 0x00,
  0x00, 0x00, 0x00, 0x00, 0x00, 0x00, 0x00, 0x00, 0x00, 0x00, 0x00, 0x00,
  0x00, 0x00, 0x00, 0x00, 0x00, 0x00, 0x00, 0x00, 0x00, 0x00, 0x00, 0x00,
  0x00, 0x00, 0x00, 0x00, 0x00, 0x00, 0x00, 0x00, 0x00, 0x00, 0x00, 0x00,
  0x00, 0x00, 0x00, 0x00, 0x00, 0x00, 0x00, 0x00, 0x00, 0x00, 0x00, 0x00,
  0x00, 0x00, 0x00, 0x00, 0x00, 0x00, 0x00, 0x00, 0x00, 0x00, 0x00, 0x00,
  0x00, 0x00, 0x00, 0x00, 0x00, 0x00, 0x00, 0x00, 0x00, 0x00, 0x00, 0x00,
  0x00, 0x00, 0x00, 0x00, 0x00, 0x00, 0x00, 0x00, 0x00, 0x00, 0x00, 0x00,
  0x00, 0x00, 0x00, 0x00, 0x00, 0x00, 0x00, 0x00, 0x00, 0x00, 0x00, 0x00,
  0x00, 0x00, 0x00, 0x00, 0x00, 0x00, 0x00, 0x00, 0x00, 0x00, 0x00, 0x00,
  0x00, 0x00, 0x00, 0x00, 0x00, 0x00, 0x00, 0x00, 0x00, 0x00, 0x00, 0x00,
  0x00, 0x00, 0x00, 0x00, 0x00, 0x00, 0x00, 0x00, 0x00, 0x00, 0x00, 0x00,
  0x00, 0x00, 0x00, 0x00, 0x00, 0x00, 0x00, 0x00, 0x00, 0x00, 0x00, 0x00,
  0x00, 0x00, 0x00, 0x00, 0x00, 0x00, 0x00, 0x00, 0x00, 0x00, 0x00, 0x00,
  0x00, 0x00, 0x00, 0x00, 0x00, 0x00, 0x00, 0x00, 0x00, 0x00, 0x00, 0x00,
  0x00, 0x00, 0x00, 0x00, 0x00, 0x00, 0x00, 0x00, 0x00, 0x00, 0x00, 0x00,
  0x00, 0x00, 0x00, 0x00, 0x00, 0x00, 0x00, 0x00, 0x00, 0x00, 0x00, 0x00,
  0x00, 0x00, 0x00, 0x00, 0x00, 0x00, 0x00, 0x00, 0x00, 0x00, 0x00, 0x00,
  0x00, 0x00, 0x00, 0x00, 0x00, 0x00, 0x00, 0x00, 0x00, 0x00, 0x00, 0x00,
  0x00, 0x00, 0x00, 0x00, 0x00, 0x00, 0x00, 0x00, 0x00, 0x00, 0x00, 0x00,
  0x00, 0x00, 0x00, 0x00, 0x00, 0x00, 0x00, 0x00, 0x00, 0x00, 0x00, 0x00,
  0x00, 0x00, 0x00, 0x00, 0x00, 0x00, 0x00, 0x00, 0x00, 0x00, 0x00, 0x00,
  0x00, 0x00, 0x00, 0x00, 0x00, 0x00, 0x00, 0x00, 0x00, 0x00, 0x00, 0x00,
  0x00, 0x00, 0x00, 0x00, 0x00, 0x00, 0x00, 0x00, 0x00, 0x00, 0x00, 0x00,
  0x00, 0x00, 0x00, 0x00, 0x00, 0x00, 0x00, 0x00, 0x00, 0x00, 0x00, 0x00,
  0x00, 0x00, 0x00, 0x00, 0x00, 0x00, 0x00, 0x00, 0x00, 0x00, 0x00, 0x00,
  0x00, 0x00, 0x00, 0x00, 0x00, 0x00, 0x00, 0x00, 0x00, 0x00, 0x00, 0x00,
  0x00, 0x00, 0x00, 0x00, 0x00, 0x00, 0x00, 0x00, 0x00, 0x00, 0x00, 0x00,
  0x00, 0x00, 0x00, 0x00, 0x00, 0x00, 0x00, 0x00, 0x00, 0x00, 0x00, 0x00,
  0x00, 0x00, 0x00, 0x00, 0x00, 0x00, 0x00, 0x00, 0x00, 0x00, 0x00, 0x00,
  0x00, 0x00, 0x00, 0x00, 0x00, 0x00, 0x00, 0x00, 0x00, 0x00, 0x00, 0x00,
  0x00, 0x00, 0x00, 0x00, 0x00, 0x00, 0x00, 0x00, 0x00, 0x00, 0x00, 0x00,
  0x00, 0x00, 0x00, 0x00, 0x00, 0x00, 0x00, 0x00, 0x00, 0x00, 0x00, 0x00,
  0x00, 0x00, 0x00, 0x00, 0x66, 0xb8, 0x2b, 0x00, 0x8e, 0xd8, 0x8e, 0xc0,
  0x8e, 0xe0, 0x8e, 0xe8, 0x8b, 0x3c, 0x24, 0x8b, 0x74, 0x24, 0x04, 0x31,
  0xed, 0x56, 0x57, 0xe8, 0x28, 0x02, 0x00, 0x00, 0x83, 0xc4, 0x08, 0x89,
  0xc3, 0x31, 0xc0, 0xcd, 0x80, 0xeb, 0xfe, 0x55, 0x89, 0xe5, 0x83, 0xec,
  0x08, 0x8b, 0x45, 0x08, 0x6a, 0x00, 0xff, 0x75, 0x0c, 0x50, 0x6a, 0x23,
  0xe8, 0xdc, 0x03, 0x00, 0x00, 0x83, 0xc4, 0x10, 0xc9, 0xc3, 0x55, 0x89,
  0xe5, 0x83, 0xec, 0x08, 0x8b, 0x45, 0x08, 0x6a, 0x00, 0xff, 0x75, 0x0c,
  0x50, 0x6a, 0x24, 0xe8, 0xc1, 0x03, 0x00, 0x00, 0x83, 0xc4, 0x10, 0xc9,
  0xc3, 0x55, 0x89, 0xe5, 0x83, 0xec, 0x08, 0x8b, 0x45, 0x10, 0x8b, 0x55,
  0x08, 0x0f, 0xb7, 0xd2, 0x8b, 0x4d, 0x0c, 0xc1, 0xe1, 0x10, 0x09, 0xca,
  0xff, 0x75, 0x14, 0x50, 0x52, 0x6a, 0x25, 0xe8, 0x99, 0x03, 0x00, 0x00,
  0x83, 0xc4, 0x10, 0xc9, 0xc3, 0x55, 0x89, 0xe5, 0x57, 0x56, 0x53, 0x83,
  0xec, 0x4c, 0x6a, 0x14, 0x8d, 0x45, 0xd0, 0x50, 0x6a, 0x00, 0x6a, 0x00,
  0xe8, 0xc0, 0xff, 0xff, 0xff, 0x83, 0xc4, 0x10, 0x89, 0x45, 0xe4, 0x0f,
  0xb6, 0x45, 0xdb, 0x0f, 0xb6, 0xc8, 0x0f, 0xb6, 0x45, 0xda, 0x0f, 0xb6,
  0xc0, 0x89, 0x45, 0xb4, 0x0f, 0xb6, 0x45, 0xd9, 0x0f, 0xb6, 0xd0, 0x89,
  0x55, 0xb0, 0x0f, 0xb6, 0x45, 0xd8, 0x0f, 0xb6, 0xf8, 0x0f, 0xb6, 0x45,
  0xd3, 0x0f, 0xb6, 0xf0, 0x0f, 0xb6, 0x45, 0xd2, 0x0f, 0xb6, 0xd8, 0x0f,
  0xb6, 0x45, 0xd1, 0x0f, 0xb6, 0xd0, 0x0f, 0xb6, 0x45, 0xd0, 0x0f, 0xb6,
  0xc0, 0x83, 0xec, 0x08, 0x51, 0xff, 0x75, 0xb4, 0xff, 0x75, 0xb0, 0x57,
  0x56, 0x53, 0x52, 0x50, 0xff, 0x75, 0xe4, 0x68, 0x00, 0x20, 0x00, 0x08,
  0xe8, 0xad, 0x0b, 0x00, 0x00, 0x83, 0xc4, 0x30, 0x6a, 0x13, 0x8d, 0x45,
  0xd0, 0x50, 0x6a, 0x00, 0x6a, 0x00, 0xe8, 0x4e, 0xff, 0xff, 0xff, 0x83,
  0xc4, 0x10, 0x89, 0x45, 0xe4, 0x83, 0xec, 0x08, 0xff, 0x75, 0xe4, 0x68,
  0x39, 0x20, 0x00, 0x08, 0xe8, 0x85, 0x0b, 0x00, 0x00, 0x83, 0xc4, 0x10,
  0x6a, 0x14, 0x8d, 0x45, 0xd0, 0x50, 0x6a, 0x00, 0x6a, 0x63, 0xe8, 0x26,
  0xff, 0xff, 0xff, 0x83, 0xc4, 0x10, 0x89, 0x45, 0xe4, 0x83, 0xec, 0x08,
  0xff, 0x75, 0xe4, 0x68, 0x55, 0x20, 0x00, 0x08, 0xe8, 0x5d, 0x0b, 0x00,
  0x00, 0x83, 0xc4, 0x10, 0x6a, 0x04, 0x8d, 0x45, 0xcc, 0x50, 0x6a, 0x00,
  0x6a, 0x04, 0xe8, 0xfe, 0xfe, 0xff, 0xff, 0x83, 0xc4, 0x10, 0x89, 0x45,
  0xe4, 0x8b, 0x45, 0xcc, 0x83, 0xec, 0x04, 0x50, 0xff, 0x75, 0xe4, 0x68,
  0x74, 0x20, 0x00, 0x08, 0xe8, 0x31, 0x0b, 0x00, 0x00, 0x83, 0xc4, 0x10,
  0x6a, 0x14, 0x8d, 0x45, 0xb8, 0x50, 0x6a, 0x1f, 0x6a, 0x03, 0xe8, 0xd2,
  0xfe, 0xff, 0xff, 0x83, 0xc4, 0x10, 0x89, 0x45, 0xe4, 0x83, 0xec, 0x08,
  0xff, 0x75, 0xe4, 0x68, 0x9a, 0x20, 0x00, 0x08, 0xe8, 0x09, 0x0b, 0x00,
  0x00, 0x83, 0xc4, 0x10, 0x6a, 0x14, 0x8d, 0x45, 0xb8, 0x50, 0x6a, 0x00,
  0x6a, 0x03, 0xe8, 0xaa, 0xfe, 0xff, 0xff, 0x83, 0xc4, 0x10, 0x89, 0x45,
  0xe4, 0x83, 0xec, 0x08, 0xff, 0x75, 0xe4, 0x68, 0xb8, 0x20, 0x00, 0x08,
  0xe8, 0xe1, 0x0a, 0x00, 0x00, 0x83, 0xc4, 0x10, 0x83, 0x7d, 0x08, 0x00,
  0x74, 0x55, 0x8b, 0x45, 0xcc, 0x85, 0xc0, 0x74, 0x17, 0x83, 0xec, 0x0c,
  0x68, 0xd4, 0x20, 0x00, 0x08, 0xe8, 0xc4, 0x0a, 0x00, 0x00, 0x83, 0xc4,
  0x10, 0xb8, 0x01, 0x00, 0x00, 0x00, 0xeb, 0x4c, 0x83, 0x7d, 0xe4, 0xf7,
  0x74, 0x1a, 0x83, 0xec, 0x08, 0xff, 0x75, 0xe4, 0x68, 0xf8, 0x20, 0x00,
  0x08, 0xe8, 0xa4, 0x0a, 0x00, 0x00, 0x83, 0xc4, 0x10, 0xb8, 0x01, 0x00,
  0x00, 0x00, 0xeb, 0x2c, 0x83, 0xec, 0x0c, 0x68, 0x22, 0x21, 0x00, 0x08,
  0xe8, 0x8d, 0x0a, 0x00, 0x00, 0x83, 0xc4, 0x10, 0xb8, 0x00, 0x00, 0x00,
  0x00, 0xeb, 0x15, 0x83, 0xec, 0x0c, 0x68, 0x40, 0x21, 0x00, 0x08, 0xe8,
  0x76, 0x0a, 0x00, 0x00, 0x83, 0xc4, 0x10, 0xb8, 0x00, 0x00, 0x00, 0x00,
  0x8d, 0x65, 0xf4, 0x5b, 0x5e, 0x5f, 0x5d, 0xc3, 0x8d, 0x4c, 0x24, 0x04,
  0x83, 0xe4, 0xf0, 0xff, 0x71, 0xfc, 0x55, 0x89, 0xe5, 0x51, 0x81, 0xec,
  0x64, 0x06, 0x00, 0x00, 0xe8, 0xff, 0x01, 0x00, 0x00, 0x89, 0x45, 0xe8,
  0x83, 0xec, 0x08, 0xff, 0x75, 0xe8, 0x68, 0x5a, 0x21, 0x00, 0x08, 0xe8,
  0x3a, 0x0a, 0x00, 0x00, 0x83, 0xc4, 0x10, 0x83, 0xec, 0x08, 0x6a, 0x3c,
  0x68, 0x20, 0x30, 0x00, 0x08, 0xe8, 0xc0, 0xfd, 0xff, 0xff, 0x83, 0xc4,
  0x10, 0x89, 0x45, 0xe4, 0x83, 0xec, 0x08, 0xff, 0x75, 0xe4, 0x68, 0x68,
  0x21, 0x00, 0x08, 0xe8, 0x12, 0x0a, 0x00, 0x00, 0x83, 0xc4, 0x10, 0x83,
  0xec, 0x08, 0x6a, 0x04, 0x68, 0x20, 0x30, 0x00, 0x08, 0xe8, 0x98, 0xfd,
  0xff, 0xff, 0x83, 0xc4, 0x10, 0x89, 0x45, 0xe0, 0x83, 0xec, 0x08, 0xff,
  0x75, 0xe0, 0x68, 0x7b, 0x21, 0x00, 0x08, 0xe8, 0xea, 0x09, 0x00, 0x00,
  0x83, 0xc4, 0x10, 0xc7, 0x45, 0xf4, 0x00, 0x00, 0x00, 0x00, 0xc7, 0x45,
  0xf0, 0x00, 0x00, 0x00, 0x00, 0xeb, 0x43, 0x83, 0xec, 0x08, 0x68, 0x40,
  0x06, 0x00, 0x00, 0x8d, 0x85, 0x98, 0xf9, 0xff, 0xff, 0x50, 0xe8, 0x40,
  0xfd, 0xff, 0xff, 0x83, 0xc4, 0x10, 0x89, 0x45, 0xdc, 0x83, 0x7d, 0xdc,
  0xf5, 0x74, 0x2b, 0x83, 0x7d, 0xdc, 0x00, 0x79, 0x15, 0x83, 0xec, 0x08,
  0xff, 0x75, 0xdc, 0x68, 0x94, 0x21, 0x00, 0x08, 0xe8, 0xa1, 0x09, 0x00,
  0x00, 0x83, 0xc4, 0x10, 0xeb, 0x11, 0x83, 0x45, 0xf4, 0x01, 0x83, 0x45,
  0xf0, 0x01, 0x83, 0x7d, 0xf0, 0x3f, 0x7e, 0xb7, 0xeb, 0x01, 0x90, 0x83,
  0xec, 0x04, 0xff, 0x75, 0xf0, 0xff, 0x75, 0xf4, 0x68, 0xa8, 0x21, 0x00,
  0x08, 0xe8, 0x78, 0x09, 0x00, 0x00, 0x83, 0xc4, 0x10, 0x83, 0xec, 0x0c,
  0xff, 0x75, 0xe8, 0xe8, 0x45, 0xfd, 0xff, 0xff, 0x83, 0xc4, 0x10, 0x89,
  0x45, 0xd8, 0x83, 0x7d, 0xe8, 0x00, 0x74, 0x40, 0x83, 0x7d, 0xe4, 0xff,
  0x75, 0x06, 0x83, 0x7d, 0xf4, 0x00, 0x74, 0x07, 0xb8, 0x01, 0x00, 0x00,
  0x00, 0xeb, 0x05, 0xb8, 0x00, 0x00, 0x00, 0x00, 0x89, 0x45, 0xec, 0x83,
  0x7d, 0xec, 0x00, 0x74, 0x07, 0xb8, 0xd7, 0x21, 0x00, 0x08, 0xeb, 0x05,
  0xb8, 0xde, 0x21, 0x00, 0x08, 0x83, 0xec, 0x08, 0x50, 0x68, 0xe5, 0x21,
  0x00, 0x08, 0xe8, 0x23, 0x09, 0x00, 0x00, 0x83, 0xc4, 0x10, 0xeb, 0x3e,
  0x83, 0x7d, 0xe4, 0x3c, 0x75, 0x06, 0x83, 0x7d, 0xe0, 0xea, 0x74, 0x07,
  0xb8, 0x01, 0x00, 0x00, 0x00, 0xeb, 0x05, 0xb8, 0x00, 0x00, 0x00, 0x00,
  0x89, 0x45, 0xec, 0x83, 0x7d, 0xec, 0x00, 0x74, 0x07, 0xb8, 0xf7, 0x21,
  0x00, 0x08, 0xeb, 0x05, 0xb8, 0xfe, 0x21, 0x00, 0x08, 0x83, 0xec, 0x08,
  0x50, 0x68, 0xe5, 0x21, 0x00, 0x08, 0xe8, 0xe3, 0x08, 0x00, 0x00, 0x83,
  0xc4, 0x10, 0x83, 0x7d, 0xec, 0x00, 0x75, 0x06, 0x83, 0x7d, 0xd8, 0x00,
  0x74, 0x07, 0xb8, 0x01, 0x00, 0x00, 0x00, 0xeb, 0x05, 0xb8, 0x00, 0x00,
  0x00, 0x00, 0x8b, 0x4d, 0xfc, 0xc9, 0x8d, 0x61, 0xfc, 0xc3, 0x55, 0x89,
  0xe5, 0x83, 0xec, 0x10, 0x8b, 0x45, 0x08, 0xcd, 0x80, 0x89, 0x45, 0xfc,
  0x8b, 0x45, 0xfc, 0xc9, 0xc3, 0x55, 0x89, 0xe5, 0x53, 0x83, 0xec, 0x10,
  0x8b, 0x45, 0x08, 0x8b, 0x55, 0x0c, 0x89, 0xd3, 0xcd, 0x80, 0x89, 0x45,
  0xf8, 0x8b, 0x45, 0xf8, 0x8b, 0x5d, 0xfc, 0xc9, 0xc3, 0x55, 0x89, 0xe5,
  0x53, 0x83, 0xec, 0x10, 0x8b, 0x45, 0x08, 0x8b, 0x5d, 0x0c, 0x8b, 0x4d,
  0x10, 0x8b, 0x55, 0x14, 0xcd, 0x80, 0x89, 0x45, 0xf8, 0x8b, 0x45, 0xf8,
  0x8b, 0x5d, 0xfc, 0xc9, 0xc3, 0x55, 0x89, 0xe5, 0x8b, 0x45, 0x08, 0x50,
  0x6a, 0x00, 0xe8, 0xb6, 0xff, 0xff, 0xff, 0x83, 0xc4, 0x08, 0x90, 0xeb,
  0xfd, 0x55, 0x89, 0xe5, 0x6a, 0x03, 0xe8, 0x93, 0xff, 0xff, 0xff, 0x83,
  0xc4, 0x04, 0xc9, 0xc3, 0x55, 0x89, 0xe5, 0x6a, 0x05, 0xe8, 0x84, 0xff,
  0xff, 0xff, 0x83, 0xc4, 0x04, 0xc9, 0xc3, 0x55, 0x89, 0xe5, 0x6a, 0x06,
  0xe8, 0x75, 0xff, 0xff, 0xff, 0x83, 0xc4, 0x04, 0xc9, 0xc3, 0x55, 0x89,
  0xe5, 0x6a, 0x04, 0xe8, 0x66, 0xff, 0xff, 0xff, 0x83, 0xc4, 0x04, 0x90,
  0xc9, 0xc3, 0x55, 0x89, 0xe5, 0xff, 0x75, 0x08, 0x6a, 0x11, 0xe8, 0x66,
  0xff, 0xff, 0xff, 0x83, 0xc4, 0x08, 0xc9, 0xc3, 0x55, 0x89, 0xe5, 0x8b,
  0x45, 0x08, 0x50, 0x6a, 0x12, 0xe8, 0x53, 0xff, 0xff, 0xff, 0x83, 0xc4,
  0x08, 0xc9, 0xc3, 0x55, 0x89, 0xe5, 0x8b, 0x55, 0x0c, 0x8b, 0x45, 0x08,
  0x6a, 0x00, 0x52, 0x50, 0x6a, 0x13, 0xe8, 0x56, 0xff, 0xff, 0xff, 0x83,
  0xc4, 0x10, 0xc9, 0xc3, 0x55, 0x89, 0xe5, 0x8b, 0x55, 0x0c, 0x8b, 0x45,
  0x08, 0xff, 0x75, 0x10, 0x52, 0x50, 0x6a, 0x01, 0xe8, 0x3c, 0xff, 0xff,
  0xff, 0x83, 0xc4, 0x10, 0xc9, 0xc3, 0x55, 0x89, 0xe5, 0x8b, 0x55, 0x0c,
  0x8b, 0x45, 0x08, 0xff, 0x75, 0x10, 0x52, 0x50, 0x6a, 0x02, 0xe8, 0x22,
  0xff, 0xff, 0xff, 0x83, 0xc4, 0x10, 0xc9, 0xc3, 0x55, 0x89, 0xe5, 0x8b,
  0x55, 0x0c, 0x8b, 0x45, 0x08, 0x6a, 0x00, 0x52, 0x50, 0x6a, 0x14, 0xe8,
  0x09, 0xff, 0xff, 0xff, 0x83, 0xc4, 0x10, 0xc9, 0xc3, 0x55, 0x89, 0xe5,
  0x8b, 0x45, 0x08, 0x50, 0x6a, 0x15, 0xe8, 0xda, 0xfe, 0xff, 0xff, 0x83,
  0xc4, 0x08, 0xc9, 0xc3, 0x55, 0x89, 0xe5, 0x8b, 0x55, 0x0c, 0x8b, 0x45,
  0x08, 0xff, 0x75, 0x10, 0x52, 0x50, 0x6a, 0x16, 0xe8, 0xdc, 0xfe, 0xff,
  0xff, 0x83, 0xc4, 0x10, 0xc9, 0xc3, 0x55, 0x89, 0xe5, 0x8b, 0x55, 0x0c,
  0x8b, 0x45, 0x08, 0xff, 0x75, 0x10, 0x52, 0x50, 0x6a, 0x17, 0xe8, 0xc2,
  0xfe, 0xff, 0xff, 0x83, 0xc4, 0x10, 0xc9, 0xc3, 0x55, 0x89, 0xe5, 0x8b,
  0x4d, 0x10, 0x8b, 0x55, 0x0c, 0x8b, 0x45, 0x08, 0x51, 0x52, 0x50, 0x6a,
  0x18, 0xe8, 0xa7, 0xfe, 0xff, 0xff, 0x83, 0xc4, 0x10, 0xc9, 0xc3, 0x55,
  0x89, 0xe5, 0x8b, 0x45, 0x08, 0x50, 0x6a, 0x19, 0xe8, 0x78, 0xfe, 0xff,
  0xff, 0x83, 0xc4, 0x08, 0xc9, 0xc3, 0x55, 0x89, 0xe5, 0x8b, 0x45, 0x08,
  0x50, 0x6a, 0x1a, 0xe8, 0x65, 0xfe, 0xff, 0xff, 0x83, 0xc4, 0x08, 0xc9,
  0xc3, 0x55, 0x89, 0xe5, 0x8b, 0x45, 0x08, 0x50, 0x6a, 0x1b, 0xe8, 0x52,
  0xfe, 0xff, 0xff, 0x83, 0xc4, 0x08, 0xc9, 0xc3, 0x55, 0x89, 0xe5, 0x8b,
  0x45, 0x08, 0x6a, 0x00, 0xff, 0x75, 0x0c, 0x50, 0x6a, 0x1c, 0xe8, 0x56,
  0xfe, 0xff, 0xff, 0x83, 0xc4, 0x10, 0xc9, 0xc3, 0x55, 0x89, 0xe5, 0x8b,
  0x45, 0x08, 0x50, 0x6a, 0x1d, 0xe8, 0x27, 0xfe, 0xff, 0xff, 0x83, 0xc4,
  0x08, 0xc9, 0xc3, 0x55, 0x89, 0xe5, 0x8b, 0x45, 0x08, 0x6a, 0x00, 0xff,
  0x75, 0x0c, 0x50, 0x6a, 0x21, 0xe8, 0x2b, 0xfe, 0xff, 0xff, 0x83, 0xc4,
  0x10, 0xc9, 0xc3, 0x55, 0x89, 0xe5, 0x8b, 0x45, 0x08, 0x50, 0x6a, 0x22,
  0xe8, 0xfc, 0xfd, 0xff, 0xff, 0x83, 0xc4, 0x08, 0xc9, 0xc3, 0x55, 0x89,
  0xe5, 0x8b, 0x4d, 0x10, 0x8b, 0x55, 0x0c, 0x8b, 0x45, 0x08, 0x51, 0x52,
  0x50, 0x6a, 0x1e, 0xe8, 0xfd, 0xfd, 0xff, 0xff, 0x83, 0xc4, 0x10, 0xc9,
  0xc3, 0x55, 0x89, 0xe5, 0x8b, 0x55, 0x0c, 0x8b, 0x45, 0x08, 0x6a, 0x00,
  0x52, 0x50, 0x6a, 0x1f, 0xe8, 0xe4, 0xfd, 0xff, 0xff, 0x83, 0xc4, 0x10,
  0xc9, 0xc3, 0x55, 0x89, 0xe5, 0x8b, 0x55, 0x0c, 0x8b, 0x45, 0x08, 0x6a,
  0x00, 0x52, 0x50, 0x6a, 0x20, 0xe8, 0xcb, 0xfd, 0xff, 0xff, 0x83, 0xc4,
  0x10, 0xc9, 0xc3, 0x55, 0x89, 0xe5, 0x83, 0xec, 0x10, 0x8b, 0x45, 0x08,
  0x88, 0x45, 0xff, 0x6a, 0x01, 0x8d, 0x45, 0xff, 0x50, 0x6a, 0x01, 0xe8,
  0x5c, 0xfe, 0xff, 0xff, 0x83, 0xc4, 0x0c, 0x8b, 0x45, 0x08, 0x0f, 0xb6,
  0xc0, 0xc9, 0xc3, 0x55, 0x89, 0xe5, 0x83, 0xec, 0x08, 0x83, 0xec, 0x0c,
  0xff, 0x75, 0x08, 0xe8, 0x45, 0x06, 0x00, 0x00, 0x83, 0xc4, 0x10, 0x83,
  0xec, 0x04, 0x50, 0xff, 0x75, 0x08, 0x6a, 0x01, 0xe8, 0x2f, 0xfe, 0xff,
  0xff, 0x83, 0xc4, 0x10, 0x90, 0xc9, 0xc3, 0x55, 0x89, 0xe5, 0x83, 0xec,
  0x08, 0x83, 0xec, 0x0c, 0xff, 0x75, 0x08, 0xe8, 0xc7, 0xff, 0xff, 0xff,
  0x83, 0xc4, 0x10, 0x83, 0xec, 0x0c, 0x6a, 0x0a, 0xe8, 0x96, 0xff, 0xff,
  0xff, 0x83, 0xc4, 0x10, 0xb8, 0x00, 0x00, 0x00, 0x00, 0xc9, 0xc3, 0x55,
  0x89, 0xe5, 0x83, 0xec, 0x10, 0x6a, 0x01, 0x8d, 0x45, 0xfb, 0x50, 0x6a,
  0x00, 0xe8, 0x08, 0xfe, 0xff, 0xff, 0x83, 0xc4, 0x0c, 0x89, 0x45, 0xfc,
  0x83, 0x7d, 0xfc, 0x01, 0x75, 0x09, 0x0f, 0xb6, 0x45, 0xfb, 0x0f, 0xb6,
  0xc0, 0xeb, 0x05, 0xb8, 0xff, 0xff, 0xff, 0xff, 0xc9, 0xc3, 0x55, 0x89,
  0xe5, 0x83, 0xec, 0x10, 0x83, 0x7d, 0x0c, 0x00, 0x75, 0x07, 0xb8, 0xff,
  0xff, 0xff, 0xff, 0xeb, 0x4c, 0x8b, 0x45, 0x0c, 0x83, 0xe8, 0x01, 0x50,
  0xff, 0x75, 0x08, 0x6a, 0x00, 0xe8, 0xc8, 0xfd, 0xff, 0xff, 0x83, 0xc4,
  0x0c, 0x89, 0x45, 0xfc, 0x83, 0x7d, 0xfc, 0x00, 0x79, 0x05, 0x8b, 0x45,
  0xfc, 0xeb, 0x2a, 0x83, 0x7d, 0xfc, 0x00, 0x7e, 0x16, 0x8b, 0x45, 0xfc,
  0x8d, 0x50, 0xff, 0x8b, 0x45, 0x08, 0x01, 0xd0, 0x0f, 0xb6, 0x00, 0x3c,
  0x0a, 0x75, 0x04, 0x83, 0x6d, 0xfc, 0x01, 0x8b, 0x55, 0xfc, 0x8b, 0x45,
  0x08, 0x01, 0xd0, 0xc6, 0x00, 0x00, 0x8b, 0x45, 0xfc, 0xc9, 0xc3, 0x55,
  0x89, 0xe5, 0x8b, 0x45, 0x08, 0x8b, 0x80, 0x80, 0x00, 0x00, 0x00, 0x85,
  0xc0, 0x74, 0x25, 0x8b, 0x45, 0x08, 0x8b, 0x90, 0x80, 0x00, 0x00, 0x00,
  0x8b, 0x45, 0x08, 0x52, 0x50, 0x6a, 0x01, 0xe8, 0x4c, 0xfd, 0xff, 0xff,
  0x83, 0xc4, 0x0c, 0x8b, 0x45, 0x08, 0xc7, 0x80, 0x80, 0x00, 0x00, 0x00,
  0x00, 0x00, 0x00, 0x00, 0x90, 0xc9, 0xc3, 0x55, 0x89, 0xe5, 0x8b, 0x45,
  0x08, 0x8b, 0x80, 0x80, 0x00, 0x00, 0x00, 0x3d, 0x80, 0x00, 0x00, 0x00,
  0x75, 0x0b, 0xff, 0x75, 0x08, 0xe8, 0xad, 0xff, 0xff, 0xff, 0x83, 0xc4,
  0x04, 0x8b, 0x45, 0x08, 0x8b, 0x80, 0x80, 0x00, 0x00, 0x00, 0x8d, 0x48,
  0x01, 0x8b, 0x55, 0x08, 0x89, 0x8a, 0x80, 0x00, 0x00, 0x00, 0x8b, 0x55,
  0x08, 0x0f, 0xb6, 0x4d, 0x0c, 0x88, 0x0c, 0x02, 0x8b, 0x45, 0x08, 0x8b,
  0x80, 0x84, 0x00, 0x00, 0x00, 0x8d, 0x50, 0x01, 0x8b, 0x45, 0x08, 0x89,
  0x90, 0x84, 0x00, 0x00, 0x00, 0x90, 0xc9, 0xc3, 0x55, 0x89, 0xe5, 0xeb,
  0x1b, 0x8b, 0x45, 0x0c, 0x8d, 0x50, 0x01, 0x89, 0x55, 0x0c, 0x0f, 0xb6,
  0x00, 0x0f, 0xbe, 0xc0, 0x50, 0xff, 0x75, 0x08, 0xe8, 0x8e, 0xff, 0xff,
  0xff, 0x83, 0xc4, 0x08, 0x8b, 0x45, 0x0c, 0x0f, 0xb6, 0x00, 0x84, 0xc0,
  0x75, 0xdb, 0x90, 0x90, 0xc9, 0xc3, 0x55, 0x89, 0xe5, 0x83, 0xec, 0x20,
  0xc7, 0x45, 0xfc, 0x00, 0x00, 0x00, 0x00, 0xc7, 0x45, 0xf8, 0x00, 0x00,
  0x00, 0x00, 0x8b, 0x4d, 0x0c, 0xba, 0xcd, 0xcc, 0xcc, 0xcc, 0x89, 0xc8,
  0xf7, 0xe2, 0xc1, 0xea, 0x03, 0x89, 0xd0, 0xc1, 0xe0, 0x02, 0x01, 0xd0,
  0x01, 0xc0, 0x29, 0xc1, 0x89, 0xca, 0x89, 0xd0, 0x8d, 0x48, 0x30, 0x8b,
  0x45, 0xfc, 0x8d, 0x50, 0x01, 0x89, 0x55, 0xfc, 0x89, 0xca, 0x88, 0x54,
  0x05, 0xec, 0x8b, 0x45, 0x0c, 0xba, 0xcd, 0xcc, 0xcc, 0xcc, 0xf7, 0xe2,
  0x89, 0xd0, 0xc1, 0xe8, 0x03, 0x89, 0x45, 0x0c, 0x83, 0x7d, 0x0c, 0x00,
  0x75, 0xb8, 0xeb, 0x21, 0x83, 0x6d, 0xfc, 0x01, 0x8b, 0x45, 0xf8, 0x8d,
  0x50, 0x01, 0x89, 0x55, 0xf8, 0x89, 0xc2, 0x8b, 0x45, 0x08, 0x01, 0xc2,
  0x8d, 0x4d, 0xec, 0x8b, 0x45, 0xfc, 0x01, 0xc8, 0x0f, 0xb6, 0x00, 0x88,
  0x02, 0x83, 0x7d, 0xfc, 0x00, 0x7f, 0xd9, 0x8b, 0x55, 0xf8, 0x8b, 0x45,
  0x08, 0x01, 0xd0, 0xc6, 0x00, 0x00, 0x90, 0xc9, 0xc3, 0x55, 0x89, 0xe5,
  0x83, 0xec, 0x10, 0xc7, 0x45, 0xfc, 0x00, 0x00, 0x00, 0x00, 0xc7, 0x45,
  0xf8, 0x00, 0x00, 0x00, 0x00, 0x83, 0x7d, 0x10, 0x00, 0x74, 0x26, 0x8b,
  0x45, 0xf8, 0x8d, 0x50, 0x01, 0x89, 0x55, 0xf8, 0x89, 0xc2, 0x8b, 0x45,
  0x08, 0x01, 0xd0, 0xc6, 0x00, 0x30, 0x8b, 0x45, 0xf8, 0x8d, 0x50, 0x01,
  0x89, 0x55, 0xf8, 0x89, 0xc2, 0x8b, 0x45, 0x08, 0x01, 0xd0, 0xc6, 0x00,
  0x78, 0x8b, 0x45, 0x0c, 0x83, 0xe0, 0x0f, 0x89, 0xc1, 0x8b, 0x45, 0xfc,
  0x8d, 0x50, 0x01, 0x89, 0x55, 0xfc, 0x0f, 0xb6, 0x91, 0x0c, 0x22, 0x00,
  0x08, 0x88, 0x54, 0x05, 0xf0, 0xc1, 0x6d, 0x0c, 0x04, 0x83, 0x7d, 0x0c,
  0x00, 0x75, 0xda, 0xeb, 0x21, 0x83, 0x6d, 0xfc, 0x01, 0x8b, 0x45, 0xf8,
  0x8d, 0x50, 0x01, 0x89, 0x55, 0xf8, 0x89, 0xc2, 0x8b, 0x45, 0x08, 0x01,
  0xc2, 0x8d, 0x4d, 0xf0, 0x8b, 0x45, 0xfc, 0x01, 0xc8, 0x0f, 0xb6, 0x00,
  0x88, 0x02, 0x83, 0x7d, 0xfc, 0x00, 0x7f, 0xd9, 0x8b, 0x55, 0xf8, 0x8b,
  0x45, 0x08, 0x01, 0xd0, 0xc6, 0x00, 0x00, 0x90, 0xc9, 0xc3, 0x55, 0x89,
  0xe5, 0x81, 0xec, 0xd0, 0x00, 0x00, 0x00, 0xba, 0x00, 0x00, 0x00, 0x00,
  0xb8, 0x88, 0x00, 0x00, 0x00, 0x83, 0xe0, 0xf8, 0x89, 0xc1, 0xb8, 0x00,
  0x00, 0x00, 0x00, 0x89, 0x94, 0x05, 0x5c, 0xff, 0xff, 0xff, 0x89, 0x94,
  0x05, 0x60, 0xff, 0xff, 0xff, 0x83, 0xc0, 0x08, 0x39, 0xc8, 0x72, 0xeb,
  0xe9, 0x0f, 0x03, 0x00, 0x00, 0x8b, 0x45, 0x08, 0x0f, 0xb6, 0x00, 0x3c,
  0x25, 0x74, 0x1e, 0x8b, 0x45, 0x08, 0x0f, 0xb6, 0x00, 0x0f, 0xbe, 0xc0,
  0x50, 0x8d, 0x85, 0x5c, 0xff, 0xff, 0xff, 0x50, 0xe8, 0xf6, 0xfd, 0xff,
  0xff, 0x83, 0xc4, 0x08, 0xe9, 0xe3, 0x02, 0x00, 0x00, 0x83, 0x45, 0x08,
  0x01, 0xc7, 0x45, 0xfc, 0x00, 0x00, 0x00, 0x00, 0xeb, 0x0b, 0xc7, 0x45,
  0xfc, 0x01, 0x00, 0x00, 0x00, 0x83, 0x45, 0x08, 0x01, 0x8b, 0x45, 0x08,
  0x0f, 0xb6, 0x00, 0x3c, 0x2d, 0x74, 0xeb, 0xc7, 0x45, 0xf8, 0x00, 0x00,
  0x00, 0x00, 0xeb, 0x23, 0x8b, 0x55, 0xf8, 0x89, 0xd0, 0xc1, 0xe0, 0x02,
  0x01, 0xd0, 0x01, 0xc0, 0x89, 0xc2, 0x8b, 0x45, 0x08, 0x0f, 0xb6, 0x00,
  0x0f, 0xbe, 0xc0, 0x83, 0xe8, 0x30, 0x01, 0xd0, 0x89, 0x45, 0xf8, 0x83,
  0x45, 0x08, 0x01, 0x8b, 0x45, 0x08, 0x0f, 0xb6, 0x00, 0x3c, 0x2f, 0x7e,
  0x0a, 0x8b, 0x45, 0x08, 0x0f, 0xb6, 0x00, 0x3c, 0x39, 0x7e, 0xc9, 0x8d,
  0x85, 0x3c, 0xff, 0xff, 0xff, 0x89, 0x45, 0xf4, 0x8b, 0x45, 0x08, 0x0f,
  0xb6, 0x00, 0x0f, 0xbe, 0xc0, 0x83, 0xf8, 0x78, 0x0f, 0x84, 0x4c, 0x01,
  0x00, 0x00, 0x83, 0xf8, 0x78, 0x0f, 0x8f, 0x9a, 0x01, 0x00, 0x00, 0x83,
  0xf8, 0x75, 0x0f, 0x84, 0x1a, 0x01, 0x00, 0x00, 0x83, 0xf8, 0x75, 0x0f,
  0x8f, 0x88, 0x01, 0x00, 0x00, 0x83, 0xf8, 0x73, 0x0f, 0x84, 0x80, 0x00,
  0x00, 0x00, 0x83, 0xf8, 0x73, 0x0f, 0x8f, 0x76, 0x01, 0x00, 0x00, 0x83,
  0xf8, 0x70, 0x0f, 0x84, 0x35, 0x01, 0x00, 0x00, 0x83, 0xf8, 0x70, 0x0f,
  0x8f, 0x64, 0x01, 0x00, 0x00, 0x83, 0xf8, 0x69, 0x0f, 0x84, 0x92, 0x00,
  0x00, 0x00, 0x83, 0xf8, 0x69, 0x0f, 0x8f, 0x52, 0x01, 0x00, 0x00, 0x83,
  0xf8, 0x64, 0x0f, 0x84, 0x80, 0x00, 0x00, 0x00, 0x83, 0xf8, 0x64, 0x0f,
  0x8f, 0x40, 0x01, 0x00, 0x00, 0x83, 0xf8, 0x63, 0x74, 0x1f, 0x83, 0xf8,
  0x63, 0x0f, 0x8f, 0x32, 0x01, 0x00, 0x00, 0x85, 0xc0, 0x0f, 0x84, 0x21,
  0x01, 0x00, 0x00, 0x83, 0xf8, 0x25, 0x0f, 0x84, 0x08, 0x01, 0x00, 0x00,
  0xe9, 0x1c, 0x01, 0x00, 0x00, 0x8b, 0x45, 0x0c, 0x8d, 0x50, 0x04, 0x89,
  0x55, 0x0c, 0x8b, 0x00, 0x88, 0x85, 0x3c, 0xff, 0xff, 0xff, 0xc6, 0x85,
  0x3d, 0xff, 0xff, 0xff, 0x00, 0xe9, 0x2e, 0x01, 0x00, 0x00, 0x8b, 0x45,
  0x0c, 0x8d, 0x50, 0x04, 0x89, 0x55, 0x0c, 0x8b, 0x00, 0x89, 0x45, 0xe8,
  0x83, 0x7d, 0xe8, 0x00, 0x0f, 0x95, 0xc0, 0x0f, 0xb6, 0xc0, 0x83, 0xe0,
  0x01, 0x84, 0xc0, 0x74, 0x0b, 0x8b, 0x45, 0xe8, 0x89, 0x45, 0xf4, 0xe9,
  0x04, 0x01, 0x00, 0x00, 0xc7, 0x45, 0xf4, 0x04, 0x22, 0x00, 0x08, 0xe9,
  0xf8, 0x00, 0x00, 0x00, 0x8b, 0x45, 0x0c, 0x8d, 0x50, 0x04, 0x89, 0x55,
  0x0c, 0x8b, 0x00, 0x89, 0x45, 0xe4, 0x83, 0x7d, 0xe4, 0x00, 0x79, 0x26,
  0xc6, 0x85, 0x3c, 0xff, 0xff, 0xff, 0x2d, 0x8b, 0x45, 0xe4, 0xf7, 0xd8,
  0x89, 0xc2, 0x8d, 0x85, 0x3c, 0xff, 0xff, 0xff, 0x83, 0xc0, 0x01, 0x52,
  0x50, 0xe8, 0xe8, 0xfc, 0xff, 0xff, 0x83, 0xc4, 0x08, 0xe9, 0xbe, 0x00,
  0x00, 0x00, 0x8b, 0x45, 0xe4, 0x50, 0x8d, 0x85, 0x3c, 0xff, 0xff, 0xff,
  0x50, 0xe8, 0xd0, 0xfc, 0xff, 0xff, 0x83, 0xc4, 0x08, 0xe9, 0xa6, 0x00,
  0x00, 0x00, 0x8b, 0x45, 0x0c, 0x8d, 0x50, 0x04, 0x89, 0x55, 0x0c, 0x8b,
  0x00, 0x50, 0x8d, 0x85, 0x3c, 0xff, 0xff, 0xff, 0x50, 0xe8, 0xb0, 0xfc,
  0xff, 0xff, 0x83, 0xc4, 0x08, 0xe9, 0x86, 0x00, 0x00, 0x00, 0x8b, 0x45,
  0x0c, 0x8d, 0x50, 0x04, 0x89, 0x55, 0x0c, 0x8b, 0x00, 0x6a, 0x00, 0x50,
  0x8d, 0x85, 0x3c, 0xff, 0xff, 0xff, 0x50, 0xe8, 0x21, 0xfd, 0xff, 0xff,
  0x83, 0xc4, 0x0c, 0xeb, 0x67, 0x8b, 0x45, 0x0c, 0x8d, 0x50, 0x04, 0x89,
  0x55, 0x0c, 0x8b, 0x00, 0x6a, 0x01, 0x50, 0x8d, 0x85, 0x3c, 0xff, 0xff,
  0xff, 0x50, 0xe8, 0x02, 0xfd, 0xff, 0xff, 0x83, 0xc4, 0x0c, 0xeb, 0x48,
  0xc6, 0x85, 0x3c, 0xff, 0xff, 0xff, 0x25, 0xc6, 0x85, 0x3d, 0xff, 0xff,
  0xff, 0x00, 0xeb, 0x38, 0x83, 0x6d, 0x08, 0x01, 0xe9, 0xc3, 0x00, 0x00,
  0x00, 0x6a, 0x25, 0x8d, 0x85, 0x5c, 0xff, 0xff, 0xff, 0x50, 0xe8, 0xc0,
  0xfb, 0xff, 0xff, 0x83, 0xc4, 0x08, 0x8b, 0x45, 0x08, 0x0f, 0xb6, 0x00,
  0x0f, 0xbe, 0xc0, 0x50, 0x8d, 0x85, 0x5c, 0xff, 0xff, 0xff, 0x50, 0xe8,
  0xa7, 0xfb, 0xff, 0xff, 0x83, 0xc4, 0x08, 0xe9, 0x94, 0x00, 0x00, 0x00,
  0xc7, 0x45, 0xf0, 0x00, 0x00, 0x00, 0x00, 0xeb, 0x04, 0x83, 0x45, 0xf0,
  0x01, 0x8b, 0x55, 0xf0, 0x8b, 0x45, 0xf4, 0x01, 0xd0, 0x0f, 0xb6, 0x00,
  0x84, 0xc0, 0x75, 0xed, 0x8b, 0x45, 0xf8, 0x3b, 0x45, 0xf0, 0x7e, 0x0b,
  0x8b, 0x45, 0xf8, 0x2b, 0x45, 0xf0, 0x89, 0x45, 0xec, 0xeb, 0x07, 0xc7,
  0x45, 0xec, 0x00, 0x00, 0x00, 0x00, 0x83, 0x7d, 0xfc, 0x00, 0x75, 0x20,
  0xeb, 0x11, 0x6a, 0x20, 0x8d, 0x85, 0x5c, 0xff, 0xff, 0xff, 0x50, 0xe8,
  0x53, 0xfb, 0xff, 0xff, 0x83, 0xc4, 0x08, 0x8b, 0x45, 0xec, 0x8d, 0x50,
  0xff, 0x89, 0x55, 0xec, 0x85, 0xc0, 0x7f, 0xe2, 0xff, 0x75, 0xf4, 0x8d,
  0x85, 0x5c, 0xff, 0xff, 0xff, 0x50, 0xe8, 0x89, 0xfb, 0xff, 0xff, 0x83,
  0xc4, 0x08, 0x83, 0x7d, 0xfc, 0x00, 0x74, 0x20, 0xeb, 0x11, 0x6a, 0x20,
  0x8d, 0x85, 0x5c, 0xff, 0xff, 0xff, 0x50, 0xe8, 0x1b, 0xfb, 0xff, 0xff,
  0x83, 0xc4, 0x08, 0x8b, 0x45, 0xec, 0x8d, 0x50, 0xff, 0x89, 0x55, 0xec,
  0x85, 0xc0, 0x7f, 0xe2, 0x83, 0x45, 0x08, 0x01, 0x8b, 0x45, 0x08, 0x0f,
  0xb6, 0x00, 0x84, 0xc0, 0x0f, 0x85, 0xe3, 0xfc, 0xff, 0xff, 0x8d, 0x85,
  0x5c, 0xff, 0xff, 0xff, 0x50, 0xe8, 0xb5, 0xfa, 0xff, 0xff, 0x83, 0xc4,
  0x04, 0x8b, 0x45, 0xe0, 0xc9, 0xc3, 0x55, 0x89, 0xe5, 0x83, 0xec, 0x10,
  0x8d, 0x45, 0x0c, 0x89, 0x45, 0xf8, 0x8b, 0x45, 0xf8, 0x50, 0xff, 0x75,
  0x08, 0xe8, 0x80, 0xfc, 0xff, 0xff, 0x83, 0xc4, 0x08, 0x89, 0x45, 0xfc,
  0x8b, 0x45, 0xfc, 0xc9, 0xc3, 0x55, 0x89, 0xe5, 0x83, 0xec, 0x10, 0xc7,
  0x45, 0xfc, 0x00, 0x00, 0x00, 0x00, 0xeb, 0x04, 0x83, 0x45, 0xfc, 0x01,
  0x8b, 0x55, 0x08, 0x8b, 0x45, 0xfc, 0x01, 0xd0, 0x0f, 0xb6, 0x00, 0x84,
  0xc0, 0x75, 0xed, 0x8b, 0x45, 0xfc, 0xc9, 0xc3, 0x55, 0x89, 0xe5, 0xeb,
  0x08, 0x83, 0x45, 0x08, 0x01, 0x83, 0x45, 0x0c, 0x01, 0x8b, 0x45, 0x08,
  0x0f, 0xb6, 0x00, 0x84, 0xc0, 0x74, 0x10, 0x8b, 0x45, 0x08, 0x0f, 0xb6,
  0x10, 0x8b, 0x45, 0x0c, 0x0f, 0xb6, 0x00, 0x38, 0xc2, 0x74, 0xde, 0x8b,
  0x45, 0x08, 0x0f, 0xb6, 0x00, 0x0f, 0xb6, 0xd0, 0x8b, 0x45, 0x0c, 0x0f,
  0xb6, 0x00, 0x0f, 0xb6, 0xc0, 0x29, 0xc2, 0x89, 0xd0, 0x5d, 0xc3, 0x55,
  0x89, 0xe5, 0xeb, 0x45, 0x8b, 0x45, 0x08, 0x0f, 0xb6, 0x10, 0x8b, 0x45,
  0x0c, 0x0f, 0xb6, 0x00, 0x38, 0xc2, 0x74, 0x18, 0x8b, 0x45, 0x08, 0x0f,
  0xb6, 0x00, 0x0f, 0xb6, 0xc8, 0x8b, 0x45, 0x0c, 0x0f, 0xb6, 0x00, 0x0f,
  0xb6, 0xd0, 0x89, 0xc8, 0x29, 0xd0, 0xeb, 0x28, 0x8b, 0x45, 0x08, 0x0f,
  0xb6, 0x00, 0x84, 0xc0, 0x75, 0x07, 0xb8, 0x00, 0x00, 0x00, 0x00, 0xeb,
  0x17, 0x83, 0x6d, 0x10, 0x01, 0x83, 0x45, 0x08, 0x01, 0x83, 0x45, 0x0c,
  0x01, 0x83, 0x7d, 0x10, 0x00, 0x75, 0xb5, 0xb8, 0x00, 0x00, 0x00, 0x00,
  0x5d, 0xc3, 0x55, 0x89, 0xe5, 0x83, 0xec, 0x10, 0x8b, 0x45, 0x08, 0x89,
  0x45, 0xfc, 0x90, 0x8b, 0x55, 0x0c, 0x8d, 0x42, 0x01, 0x89, 0x45, 0x0c,
  0x8b, 0x45, 0xfc, 0x8d, 0x48, 0x01, 0x89, 0x4d, 0xfc, 0x0f, 0xb6, 0x12,
  0x88, 0x10, 0x0f, 0xb6, 0x00, 0x84, 0xc0, 0x75, 0xe2, 0x8b, 0x45, 0x08,
  0xc9, 0xc3, 0x55, 0x89, 0xe5, 0x83, 0xec, 0x10, 0xc7, 0x45, 0xfc, 0x00,
  0x00, 0x00, 0x00, 0xeb, 0x19, 0x8b, 0x55, 0x0c, 0x8b, 0x45, 0xfc, 0x01,
  0xd0, 0x8b, 0x4d, 0x08, 0x8b, 0x55, 0xfc, 0x01, 0xca, 0x0f, 0xb6, 0x00,
  0x88, 0x02, 0x83, 0x45, 0xfc, 0x01, 0x8b, 0x45, 0xfc, 0x3b, 0x45, 0x10,
  0x73, 0x20, 0x8b, 0x55, 0x0c, 0x8b, 0x45, 0xfc, 0x01, 0xd0, 0x0f, 0xb6,
  0x00, 0x84, 0xc0, 0x75, 0xd0, 0xeb, 0x0f, 0x8b, 0x55, 0x08, 0x8b, 0x45,
  0xfc, 0x01, 0xd0, 0xc6, 0x00, 0x00, 0x83, 0x45, 0xfc, 0x01, 0x8b, 0x45,
  0xfc, 0x3b, 0x45, 0x10, 0x72, 0xe9, 0x8b, 0x45, 0x08, 0xc9, 0xc3, 0x55,
  0x89, 0xe5, 0x8b, 0x45, 0x08, 0x0f, 0xb6, 0x00, 0x8b, 0x55, 0x0c, 0x38,
  0xd0, 0x75, 0x05, 0x8b, 0x45, 0x08, 0xeb, 0x17, 0x8b, 0x45, 0x08, 0x0f,
  0xb6, 0x00, 0x84, 0xc0, 0x75, 0x07, 0xb8, 0x00, 0x00, 0x00, 0x00, 0xeb,
  0x06, 0x83, 0x45, 0x08, 0x01, 0xeb, 0xd7, 0x5d, 0xc3, 0x55, 0x89, 0xe5,
  0x83, 0xec, 0x10, 0x8b, 0x45, 0x08, 0x89, 0x45, 0xfc, 0x8b, 0x45, 0x0c,
  0x89, 0x45, 0xf8, 0xeb, 0x17, 0x8b, 0x55, 0xf8, 0x8d, 0x42, 0x01, 0x89,
  0x45, 0xf8, 0x8b, 0x45, 0xfc, 0x8d, 0x48, 0x01, 0x89, 0x4d, 0xfc, 0x0f,
  0xb6, 0x12, 0x88, 0x10, 0x8b, 0x45, 0x10, 0x8d, 0x50, 0xff, 0x89, 0x55,
  0x10, 0x85, 0xc0, 0x75, 0xdc, 0x8b, 0x45, 0x08, 0xc9, 0xc3, 0x55, 0x89,
  0xe5, 0x83, 0xec, 0x10, 0x8b, 0x45, 0x08, 0x89, 0x45, 0xfc, 0x8b, 0x45,
  0x0c, 0x89, 0x45, 0xf8, 0x8b, 0x45, 0xfc, 0x3b, 0x45, 0xf8, 0x73, 0x28,
  0xeb, 0x17, 0x8b, 0x55, 0xf8, 0x8d, 0x42, 0x01, 0x89, 0x45, 0xf8, 0x8b,
  0x45, 0xfc, 0x8d, 0x48, 0x01, 0x89, 0x4d, 0xfc, 0x0f, 0xb6, 0x12, 0x88,
  0x10, 0x8b, 0x45, 0x10, 0x8d, 0x50, 0xff, 0x89, 0x55, 0x10, 0x85, 0xc0,
  0x75, 0xdc, 0xeb, 0x36, 0x8b, 0x45, 0xfc, 0x39, 0x45, 0xf8, 0x73, 0x2e,
  0x8b, 0x45, 0x10, 0x01, 0x45, 0xfc, 0x8b, 0x45, 0x10, 0x01, 0x45, 0xf8,
  0xeb, 0x13, 0x83, 0x6d, 0xf8, 0x01, 0x83, 0x6d, 0xfc, 0x01, 0x8b, 0x45,
  0xf8, 0x0f, 0xb6, 0x10, 0x8b, 0x45, 0xfc, 0x88, 0x10, 0x8b, 0x45, 0x10,
  0x8d, 0x50, 0xff, 0x89, 0x55, 0x10, 0x85, 0xc0, 0x75, 0xe0, 0x8b, 0x45,
  0x08, 0xc9, 0xc3, 0x55, 0x89, 0xe5, 0x83, 0xec, 0x10, 0x8b, 0x45, 0x08,
  0x89, 0x45, 0xfc, 0xeb, 0x0e, 0x8b, 0x45, 0xfc, 0x8d, 0x50, 0x01, 0x89,
  0x55, 0xfc, 0x8b, 0x55, 0x0c, 0x88, 0x10, 0x8b, 0x45, 0x10, 0x8d, 0x50,
  0xff, 0x89, 0x55, 0x10, 0x85, 0xc0, 0x75, 0xe5, 0x8b, 0x45, 0x08, 0xc9,
  0xc3, 0x55, 0x89, 0xe5, 0x83, 0xec, 0x10, 0x8b, 0x45, 0x08, 0x89, 0x45,
  0xfc, 0x8b, 0x45, 0x0c, 0x89, 0x45, 0xf8, 0xeb, 0x32, 0x8b, 0x45, 0xfc,
  0x0f, 0xb6, 0x10, 0x8b, 0x45, 0xf8, 0x0f, 0xb6, 0x00, 0x38, 0xc2, 0x74,
  0x16, 0x8b, 0x45, 0xfc, 0x0f, 0xb6, 0x00, 0x0f, 0xb6, 0xd0, 0x8b, 0x45,
  0xf8, 0x0f, 0xb6, 0x00, 0x0f, 0xb6, 0xc0, 0x29, 0xc2, 0xeb, 0x17, 0x83,
  0x6d, 0x10, 0x01, 0x83, 0x45, 0xfc, 0x01, 0x83, 0x45, 0xf8, 0x01, 0x83,
  0x7d, 0x10, 0x00, 0x75, 0xc8, 0xba, 0x00, 0x00, 0x00, 0x00, 0x89, 0xd0,
  0xc9, 0xc3, 0x55, 0x89, 0xe5, 0x83, 0xec, 0x10, 0xc7, 0x45, 0xfc, 0x00,
  0x00, 0x00, 0x00, 0xc7, 0x45, 0xf8, 0x00, 0x00, 0x00, 0x00, 0xeb, 0x04,
  0x83, 0x45, 0x08, 0x01, 0x8b, 0x45, 0x08, 0x0f, 0xb6, 0x00, 0x3c, 0x20,
  0x74, 0xf2, 0x8b, 0x45, 0x08, 0x0f, 0xb6, 0x00, 0x3c, 0x09, 0x74, 0xe8,
  0x8b, 0x45, 0x08, 0x0f, 0xb6, 0x00, 0x3c, 0x2d, 0x75, 0x0d, 0xc7, 0x45,
  0xfc, 0x01, 0x00, 0x00, 0x00, 0x83, 0x45, 0x08, 0x01, 0xeb, 0x35, 0x8b,
  0x45, 0x08, 0x0f, 0xb6, 0x00, 0x3c, 0x2b, 0x75, 0x2b, 0x83, 0x45, 0x08,
  0x01, 0xeb, 0x25, 0x8b, 0x55, 0xf8, 0x89, 0xd0, 0xc1, 0xe0, 0x02, 0x01,
  0xd0, 0x01, 0xc0, 0x89, 0xc1, 0x8b, 0x45, 0x08, 0x8d, 0x50, 0x01, 0x89,
  0x55, 0x08, 0x0f, 0xb6, 0x00, 0x0f, 0xbe, 0xc0, 0x83, 0xe8, 0x30, 0x01,
  0xc8, 0x89, 0x45, 0xf8, 0x8b, 0x45, 0x08, 0x0f, 0xb6, 0x00, 0x3c, 0x2f,
  0x7e, 0x0a, 0x8b, 0x45, 0x08, 0x0f, 0xb6, 0x00, 0x3c, 0x39, 0x7e, 0xc7,
  0x83, 0x7d, 0xfc, 0x00, 0x74, 0x07, 0x8b, 0x45, 0xf8, 0xf7, 0xd8, 0xeb,
  0x03, 0x8b, 0x45, 0xf8, 0xc9, 0xc3, 0x55, 0x89, 0xe5, 0x83, 0xec, 0x10,
  0x8b, 0x45, 0x08, 0x83, 0xc0, 0x07, 0x83, 0xe0, 0xf8, 0x89, 0x45, 0x08,
  0x83, 0x7d, 0x08, 0x00, 0x74, 0x11, 0xa1, 0x00, 0x80, 0x00, 0x08, 0xba,
  0x00, 0x40, 0x00, 0x00, 0x29, 0xc2, 0x3b, 0x55, 0x08, 0x73, 0x07, 0xb8,
  0x00, 0x00, 0x00, 0x00, 0xeb, 0x20, 0xa1, 0x00, 0x80, 0x00, 0x08, 0x05,
  0x00, 0x40, 0x00, 0x08, 0x89, 0x45, 0xfc, 0x8b, 0x15, 0x00, 0x80, 0x00,
  0x08, 0x8b, 0x45, 0x08, 0x01, 0xd0, 0xa3, 0x00, 0x80, 0x00, 0x08, 0x8b,
  0x45, 0xfc, 0xc9, 0xc3, 0x55, 0x89, 0xe5, 0x90, 0x5d, 0xc3, 0x00, 0x00,
  0x00, 0x00, 0x00, 0x00, 0x00, 0x00, 0x00, 0x00, 0x00, 0x00, 0x00, 0x00,
  0x00, 0x00, 0x00, 0x00, 0x00, 0x00, 0x00, 0x00, 0x00, 0x00, 0x00, 0x00,
  0x00, 0x00, 0x00, 0x00, 0x00, 0x00, 0x00, 0x00, 0x00, 0x00, 0x00, 0x00,
  0x00, 0x00, 0x00, 0x00, 0x00, 0x00, 0x00, 0x00, 0x00, 0x00, 0x00, 0x00,
  0x00, 0x00, 0x00, 0x00, 0x00, 0x00, 0x00, 0x00, 0x00, 0x00, 0x00, 0x00,
  0x00, 0x00, 0x00, 0x00, 0x00, 0x00, 0x00, 0x00, 0x00, 0x00, 0x00, 0x00,
  0x00, 0x00, 0x00, 0x00, 0x00, 0x00, 0x00, 0x00, 0x00, 0x00, 0x00, 0x00,
  0x00, 0x00, 0x00, 0x00, 0x00, 0x00, 0x00, 0x00, 0x00, 0x00, 0x00, 0x00,
  0x00, 0x00, 0x00, 0x00, 0x00, 0x00, 0x00, 0x00, 0x00, 0x00, 0x00, 0x00,
  0x00, 0x00, 0x00, 0x00, 0x00, 0x00, 0x00, 0x00, 0x00, 0x00, 0x00, 0x00,
  0x00, 0x00, 0x00, 0x00, 0x00, 0x00, 0x00, 0x00, 0x00, 0x00, 0x00, 0x00,
  0x00, 0x00, 0x00, 0x00, 0x00, 0x00, 0x00, 0x00, 0x00, 0x00, 0x00, 0x00,
  0x00, 0x00, 0x00, 0x00, 0x00, 0x00, 0x00, 0x00, 0x00, 0x00, 0x00, 0x00,
  0x00, 0x00, 0x00, 0x00, 0x00, 0x00, 0x00, 0x00, 0x00, 0x00, 0x00, 0x00,
  0x00, 0x00, 0x00, 0x00, 0x00, 0x00, 0x00, 0x00, 0x00, 0x00, 0x00, 0x00,
  0x00, 0x00, 0x00, 0x00, 0x00, 0x00, 0x00, 0x00, 0x00, 0x00, 0x00, 0x00,
  0x00, 0x00, 0x00, 0x00, 0x00, 0x00, 0x00, 0x00, 0x00, 0x00, 0x00, 0x00,
  0x00, 0x00, 0x00, 0x00, 0x00, 0x00, 0x00, 0x00, 0x00, 0x00, 0x00, 0x00,
  0x00, 0x00, 0x00, 0x00, 0x00, 0x00, 0x00, 0x00, 0x00, 0x00, 0x00, 0x00,
  0x00, 0x00, 0x00, 0x00, 0x00, 0x00, 0x00, 0x00, 0x00, 0x00, 0x00, 0x00,
  0x00, 0x00, 0x00, 0x00, 0x00, 0x00, 0x00, 0x00, 0x00, 0x00, 0x00, 0x00,
  0x00, 0x00, 0x00, 0x00, 0x00, 0x00, 0x00, 0x00, 0x00, 0x00, 0x00, 0x00,
  0x00, 0x00, 0x00, 0x00, 0x00, 0x00, 0x00, 0x00, 0x00, 0x00, 0x00, 0x00,
  0x00, 0x00, 0x00, 0x00, 0x00, 0x00, 0x00, 0x00, 0x00, 0x00, 0x00, 0x00,
  0x00, 0x00, 0x00, 0x00, 0x00, 0x00, 0x00, 0x00, 0x00, 0x00, 0x00, 0x00,
  0x00, 0x00, 0x00, 0x00, 0x00, 0x00, 0x00, 0x00, 0x00, 0x00, 0x00, 0x00,
  0x00, 0x00, 0x00, 0x00, 0x00, 0x00, 0x00, 0x00, 0x00, 0x00, 0x00, 0x00,
  0x00, 0x00, 0x00, 0x00, 0x00, 0x00, 0x00, 0x00, 0x00, 0x00, 0x00, 0x00,
  0x00, 0x00, 0x00, 0x00, 0x00, 0x00, 0x00, 0x00, 0x00, 0x00, 0x00, 0x00,
  0x00, 0x00, 0x00, 0x00, 0x00, 0x00, 0x00, 0x00, 0x00, 0x00, 0x00, 0x00,
  0x00, 0x00, 0x00, 0x00, 0x00, 0x00, 0x00, 0x00, 0x00, 0x00, 0x00, 0x00,
  0x00, 0x00, 0x00, 0x00, 0x00, 0x00, 0x00, 0x00, 0x00, 0x00, 0x00, 0x00,
  0x00, 0x00, 0x00, 0x00, 0x00, 0x00, 0x00, 0x00, 0x00, 0x00, 0x00, 0x00,
  0x00, 0x00, 0x00, 0x00, 0x00, 0x00, 0x00, 0x00, 0x00, 0x00, 0x00, 0x00,
  0x00, 0x00, 0x00, 0x00, 0x00, 0x00, 0x00, 0x00, 0x00, 0x00, 0x00, 0x00,
  0x00, 0x00, 0x00, 0x00, 0x00, 0x00, 0x00, 0x00, 0x00, 0x00, 0x00, 0x00,
  0x00, 0x00, 0x00, 0x00, 0x00, 0x00, 0x00, 0x00, 0x00, 0x00, 0x00, 0x00,
  0x00, 0x00, 0x00, 0x00, 0x00, 0x00, 0x00, 0x00, 0x00, 0x00, 0x00, 0x00,
  0x00, 0x00, 0x00, 0x00, 0x00, 0x00, 0x00, 0x00, 0x00, 0x00, 0x00, 0x00,
  0x00, 0x00, 0x00, 0x00, 0x00, 0x00, 0x00, 0x00, 0x00, 0x00, 0x00, 0x00,
  0x00, 0x00, 0x00, 0x00, 0x00, 0x00, 0x00, 0x00, 0x00, 0x00, 0x00, 0x00,
  0x00, 0x00, 0x00, 0x00, 0x00, 0x00, 0x00, 0x00, 0x00, 0x00, 0x00, 0x00,
  0x00, 0x00, 0x00, 0x00, 0x00, 0x00, 0x00, 0x00, 0x00, 0x00, 0x00, 0x00,
  0x00, 0x00, 0x00, 0x00, 0x00, 0x00, 0x00, 0x00, 0x00, 0x00, 0x00, 0x00,
  0x00, 0x00, 0x00, 0x00, 0x00, 0x00, 0x00, 0x00, 0x00, 0x00, 0x00, 0x00,
  0x00, 0x00, 0x00, 0x00, 0x00, 0x00, 0x00, 0x00, 0x00, 0x00, 0x00, 0x00,
  0x00, 0x00, 0x00, 0x00, 0x00, 0x00, 0x00, 0x00, 0x00, 0x00, 0x00, 0x00,
  0x00, 0x00, 0x00, 0x00, 0x00, 0x00, 0x00, 0x00, 0x00, 0x00, 0x00, 0x00,
  0x00, 0x00, 0x00, 0x00, 0x00, 0x00, 0x00, 0x00, 0x00, 0x00, 0x00, 0x00,
  0x00, 0x00, 0x00, 0x00, 0x00, 0x00, 0x00, 0x00, 0x00, 0x00, 0x00, 0x00,
  0x00, 0x00, 0x00, 0x00, 0x00, 0x00, 0x00, 0x00, 0x00, 0x00, 0x00, 0x00,
  0x00, 0x00, 0x00, 0x00, 0x00, 0x00, 0x00, 0x00, 0x00, 0x00, 0x00, 0x00,
  0x00, 0x00, 0x00, 0x00, 0x00, 0x00, 0x00, 0x00, 0x00, 0x00, 0x00, 0x00,
  0x00, 0x00, 0x00, 0x00, 0x00, 0x00, 0x00, 0x00, 0x00, 0x00, 0x00, 0x00,
  0x00, 0x00, 0x00, 0x00, 0x00, 0x00, 0x00, 0x00, 0x00, 0x00, 0x00, 0x00,
  0x00, 0x00, 0x00, 0x00, 0x00, 0x00, 0x00, 0x00, 0x00, 0x00, 0x00, 0x00,
  0x00, 0x00, 0x00, 0x00, 0x00, 0x00, 0x00, 0x00, 0x00, 0x00, 0x00, 0x00,
  0x00, 0x00, 0x00, 0x00, 0x00, 0x00, 0x00, 0x00, 0x00, 0x00, 0x00, 0x00,
  0x00, 0x00, 0x00, 0x00, 0x00, 0x00, 0x00, 0x00, 0x00, 0x00, 0x00, 0x00,
  0x00, 0x00, 0x00, 0x00, 0x00, 0x00, 0x00, 0x00, 0x00, 0x00, 0x00, 0x00,
  0x00, 0x00, 0x00, 0x00, 0x00, 0x00, 0x00, 0x00, 0x00, 0x00, 0x00, 0x00,
  0x00, 0x00, 0x00, 0x00, 0x00, 0x00, 0x00, 0x00, 0x00, 0x00, 0x00, 0x00,
  0x00, 0x00, 0x00, 0x00, 0x00, 0x00, 0x00, 0x00, 0x00, 0x00, 0x00, 0x00,
  0x00, 0x00, 0x00, 0x00, 0x00, 0x00, 0x00, 0x00, 0x00, 0x00, 0x00, 0x00,
  0x00, 0x00, 0x00, 0x00, 0x00, 0x00, 0x00, 0x00, 0x00, 0x00, 0x00, 0x00,
  0x00, 0x00, 0x00, 0x00, 0x00, 0x00, 0x00, 0x00, 0x00, 0x00, 0x00, 0x00,
  0x00, 0x00, 0x00, 0x00, 0x00, 0x00, 0x00, 0x00, 0x00, 0x00, 0x00, 0x00,
  0x00, 0x00, 0x00, 0x00, 0x00, 0x00, 0x00, 0x00, 0x00, 0x00, 0x00, 0x00,
  0x00, 0x00, 0x00, 0x00, 0x00, 0x00, 0x00, 0x00, 0x00, 0x00, 0x00, 0x00,
  0x00, 0x00, 0x00, 0x00, 0x00, 0x00, 0x00, 0x00, 0x00, 0x00, 0x00, 0x00,
  0x00, 0x00, 0x00, 0x00, 0x00, 0x00, 0x00, 0x00, 0x00, 0x00, 0x00, 0x00,
  0x00, 0x00, 0x00, 0x00, 0x00, 0x00, 0x00, 0x00, 0x00, 0x00, 0x00, 0x00,
  0x00, 0x00, 0x00, 0x00, 0x00, 0x00, 0x00, 0x00, 0x00, 0x00, 0x00, 0x00,
  0x00, 0x00, 0x00, 0x00, 0x00, 0x00, 0x00, 0x00, 0x00, 0x00, 0x00, 0x00,
  0x00, 0x00, 0x00, 0x00, 0x00, 0x00, 0x00, 0x00, 0x00, 0x00, 0x00, 0x00,
  0x00, 0x00, 0x00, 0x00, 0x00, 0x00, 0x00, 0x00, 0x00, 0x00, 0x00, 0x00,
  0x00, 0x00, 0x00, 0x00, 0x00, 0x00, 0x00, 0x00, 0x00, 0x00, 0x00, 0x00,
  0x00, 0x00, 0x00, 0x00, 0x00, 0x00, 0x00, 0x00, 0x00, 0x00, 0x00, 0x00,
  0x00, 0x00, 0x00, 0x00, 0x00, 0x00, 0x00, 0x00, 0x00, 0x00, 0x00, 0x00,
  0x00, 0x00, 0x00, 0x00, 0x00, 0x00, 0x00, 0x00, 0x00, 0x00, 0x00, 0x00,
  0x00, 0x00, 0x00, 0x00, 0x00, 0x00, 0x00, 0x00, 0x00, 0x00, 0x00, 0x00,
  0x00, 0x00, 0x00, 0x00, 0x00, 0x00, 0x00, 0x00, 0x00, 0x00, 0x00, 0x00,
  0x00, 0x00, 0x00, 0x00, 0x00, 0x00, 0x00, 0x00, 0x00, 0x00, 0x00, 0x00,
  0x00, 0x00, 0x00, 0x00, 0x00, 0x00, 0x00, 0x00, 0x00, 0x00, 0x00, 0x00,
  0x00, 0x00, 0x00, 0x00, 0x00, 0x00, 0x00, 0x00, 0x00, 0x00, 0x00, 0x00,
  0x00, 0x00, 0x00, 0x00, 0x00, 0x00, 0x00, 0x00, 0x00, 0x00, 0x00, 0x00,
  0x00, 0x00, 0x00, 0x00, 0x00, 0x00, 0x00, 0x00, 0x00, 0x00, 0x00, 0x00,
  0x00, 0x00, 0x00, 0x00, 0x00, 0x00, 0x00, 0x00, 0x00, 0x00, 0x00, 0x00,
  0x00, 0x00, 0x00, 0x00, 0x00, 0x00, 0x00, 0x00, 0x00, 0x00, 0x00, 0x00,
  0x00, 0x00, 0x00, 0x00, 0x00, 0x00, 0x00, 0x00, 0x00, 0x00, 0x00, 0x00,
  0x00, 0x00, 0x00, 0x00, 0x00, 0x00, 0x00, 0x00, 0x00, 0x00, 0x00, 0x00,
  0x00, 0x00, 0x00, 0x00, 0x00, 0x00, 0x00, 0x00, 0x00, 0x00, 0x00, 0x00,
  0x00, 0x00, 0x00, 0x00, 0x00, 0x00, 0x00, 0x00, 0x00, 0x00, 0x00, 0x00,
  0x00, 0x00, 0x00, 0x00, 0x00, 0x00, 0x00, 0x00, 0x00, 0x00, 0x00, 0x00,
  0x00, 0x00, 0x00, 0x00, 0x00, 0x00, 0x00, 0x00, 0x00, 0x00, 0x00, 0x00,
  0x00, 0x00, 0x00, 0x00, 0x00, 0x00, 0x00, 0x00, 0x00, 0x00, 0x00, 0x00,
  0x00, 0x00, 0x00, 0x00, 0x00, 0x00, 0x00, 0x00, 0x00, 0x00, 0x00, 0x00,
  0x00, 0x00, 0x00, 0x00, 0x00, 0x00, 0x00, 0x00, 0x00, 0x00, 0x00, 0x00,
  0x00, 0x00, 0x00, 0x00, 0x00, 0x00, 0x00, 0x00, 0x00, 0x00, 0x00, 0x00,
  0x00, 0x00, 0x00, 0x00, 0x00, 0x00, 0x00, 0x00, 0x00, 0x00, 0x00, 0x00,
  0x00, 0x00, 0x00, 0x00, 0x00, 0x00, 0x00, 0x00, 0x00, 0x00, 0x00, 0x00,
  0x00, 0x00, 0x00, 0x00, 0x00, 0x00, 0x00, 0x00, 0x00, 0x00, 0x00, 0x00,
  0x00, 0x00, 0x00, 0x00, 0x00, 0x00, 0x00, 0x00, 0x00, 0x00, 0x00, 0x00,
  0x00, 0x00, 0x00, 0x00, 0x00, 0x00, 0x00, 0x00, 0x00, 0x00, 0x00, 0x00,
  0x00, 0x00, 0x00, 0x00, 0x00, 0x00, 0x00, 0x00, 0x00, 0x00, 0x00, 0x00,
  0x00, 0x00, 0x00, 0x00, 0x00, 0x00, 0x00, 0x00, 0x00, 0x00, 0x00, 0x00,
  0x00, 0x00, 0x00, 0x00, 0x00, 0x00, 0x00, 0x00, 0x00, 0x00, 0x00, 0x00,
  0x00, 0x00, 0x00, 0x00, 0x00, 0x00, 0x00, 0x00, 0x00, 0x00, 0x00, 0x00,
  0x00, 0x00, 0x00, 0x00, 0x00, 0x00, 0x00, 0x00, 0x00, 0x00, 0x00, 0x00,
  0x00, 0x00, 0x00, 0x00, 0x00, 0x00, 0x00, 0x00, 0x00, 0x00, 0x00, 0x00,
  0x00, 0x00, 0x00, 0x00, 0x00, 0x00, 0x00, 0x00, 0x00, 0x00, 0x00, 0x00,
  0x00, 0x00, 0x00, 0x00, 0x00, 0x00, 0x00, 0x00, 0x00, 0x00, 0x00, 0x00,
  0x00, 0x00, 0x00, 0x00, 0x00, 0x00, 0x00, 0x00, 0x00, 0x00, 0x00, 0x00,
  0x00, 0x00, 0x00, 0x00, 0x00, 0x00, 0x00, 0x00, 0x00, 0x00, 0x00, 0x00,
  0x00, 0x00, 0x00, 0x00, 0x00, 0x00, 0x00, 0x00, 0x00, 0x00, 0x00, 0x00,
  0x00, 0x00, 0x00, 0x00, 0x00, 0x00, 0x00, 0x00, 0x00, 0x00, 0x00, 0x00,
  0x00, 0x00, 0x00, 0x00, 0x00, 0x00, 0x00, 0x00, 0x00, 0x00, 0x00, 0x00,
  0x00, 0x00, 0x00, 0x00, 0x00, 0x00, 0x00, 0x00, 0x00, 0x00, 0x00, 0x00,
  0x00, 0x00, 0x00, 0x00, 0x00, 0x00, 0x00, 0x00, 0x00, 0x00, 0x00, 0x00,
  0x00, 0x00, 0x00, 0x00, 0x00, 0x00, 0x00, 0x00, 0x00, 0x00, 0x00, 0x00,
  0x00, 0x00, 0x00, 0x00, 0x00, 0x00, 0x00, 0x00, 0x00, 0x00, 0x00, 0x00,
  0x00, 0x00, 0x00, 0x00, 0x00, 0x00, 0x00, 0x00, 0x00, 0x00, 0x00, 0x00,
  0x00, 0x00, 0x00, 0x00, 0x00, 0x00, 0x00, 0x00, 0x00, 0x00, 0x00, 0x00,
  0x00, 0x00, 0x00, 0x00, 0x00, 0x00, 0x00, 0x00, 0x00, 0x00, 0x00, 0x00,
  0x00, 0x00, 0x00, 0x00, 0x00, 0x00, 0x00, 0x00, 0x00, 0x00, 0x00, 0x00,
  0x00, 0x00, 0x00, 0x00, 0x00, 0x00, 0x00, 0x00, 0x00, 0x00, 0x00, 0x00,
  0x00, 0x00, 0x00, 0x00, 0x00, 0x00, 0x00, 0x00, 0x00, 0x00, 0x00, 0x00,
  0x00, 0x00, 0x00, 0x00, 0x00, 0x00, 0x00, 0x00, 0x00, 0x00, 0x00, 0x00,
  0x00, 0x00, 0x00, 0x00, 0x00, 0x00, 0x00, 0x00, 0x00, 0x00, 0x00, 0x00,
  0x00, 0x00, 0x00, 0x00, 0x00, 0x00, 0x00, 0x00, 0x00, 0x00, 0x00, 0x00,
  0x00, 0x00, 0x00, 0x00, 0x00, 0x00, 0x00, 0x00, 0x00, 0x00, 0x00, 0x00,
  0x00, 0x00, 0x00, 0x00, 0x00, 0x00, 0x00, 0x00, 0x00, 0x00, 0x00, 0x00,
  0x00, 0x00, 0x00, 0x00, 0x00, 0x00, 0x00, 0x00, 0x00, 0x00, 0x00, 0x00,
  0x00, 0x00, 0x00, 0x00, 0x00, 0x00, 0x00, 0x00, 0x00, 0x00, 0x00, 0x00,
  0x00, 0x00, 0x00, 0x00, 0x00, 0x00, 0x00, 0x00, 0x00, 0x00, 0x00, 0x00,
  0x00, 0x00, 0x00, 0x00, 0x00, 0x00, 0x00, 0x00, 0x00, 0x00, 0x00, 0x00,
  0x00, 0x00, 0x00, 0x00, 0x00, 0x00, 0x00, 0x00, 0x00, 0x00, 0x00, 0x00,
  0x00, 0x00, 0x00, 0x00, 0x00, 0x00, 0x00, 0x00, 0x00, 0x00, 0x00, 0x00,
  0x00, 0x00, 0x00, 0x00, 0x00, 0x00, 0x00, 0x00, 0x00, 0x00, 0x00, 0x00,
  0x00, 0x00, 0x00, 0x00, 0x00, 0x00, 0x00, 0x00, 0x00, 0x00, 0x00, 0x00,
  0x00, 0x00, 0x00, 0x00, 0x00, 0x00, 0x00, 0x00, 0x00, 0x00, 0x00, 0x00,
  0x00, 0x00, 0x00, 0x00, 0x00, 0x00, 0x00, 0x00, 0x00, 0x00, 0x00, 0x00,
  0x00, 0x00, 0x00, 0x00, 0x00, 0x00, 0x00, 0x00, 0x00, 0x00, 0x00, 0x00,
  0x00, 0x00, 0x00, 0x00, 0x00, 0x00, 0x00, 0x00, 0x00, 0x00, 0x00, 0x00,
  0x00, 0x00, 0x00, 0x00, 0x00, 0x00, 0x00, 0x00, 0x00, 0x00, 0x00, 0x00,
  0x00, 0x00, 0x00, 0x00, 0x00, 0x00, 0x00, 0x00, 0x00, 0x00, 0x00, 0x00,
  0x00, 0x00, 0x00, 0x00, 0x00, 0x00, 0x00, 0x00, 0x00, 0x00, 0x00, 0x00,
  0x00, 0x00, 0x00, 0x00, 0x00, 0x00, 0x00, 0x00, 0x00, 0x00, 0x00, 0x00,
  0x00, 0x00, 0x00, 0x00, 0x00, 0x00, 0x00, 0x00, 0x00, 0x00, 0x00, 0x00,
  0x00, 0x00, 0x00, 0x00, 0x00, 0x00, 0x00, 0x00, 0x00, 0x00, 0x00, 0x00,
  0x00, 0x00, 0x00, 0x00, 0x00, 0x00, 0x00, 0x00, 0x00, 0x00, 0x00, 0x00,
  0x00, 0x00, 0x00, 0x00, 0x00, 0x00, 0x00, 0x00, 0x00, 0x00, 0x00, 0x00,
  0x00, 0x00, 0x00, 0x00, 0x00, 0x00, 0x00, 0x00, 0x00, 0x00, 0x00, 0x00,
  0x00, 0x00, 0x00, 0x00, 0x00, 0x00, 0x00, 0x00, 0x00, 0x00, 0x00, 0x00,
  0x00, 0x00, 0x00, 0x00, 0x00, 0x00, 0x00, 0x00, 0x00, 0x00, 0x00, 0x00,
  0x00, 0x00, 0x00, 0x00, 0x00, 0x00, 0x00, 0x00, 0x00, 0x00, 0x00, 0x00,
  0x00, 0x00, 0x00, 0x00, 0x00, 0x00, 0x00, 0x00, 0x00, 0x00, 0x00, 0x00,
  0x00, 0x00, 0x00, 0x00, 0x00, 0x00, 0x00, 0x00, 0x00, 0x00, 0x00, 0x00,
  0x00, 0x00, 0x00, 0x00, 0x00, 0x00, 0x00, 0x00, 0x00, 0x00, 0x00, 0x00,
  0x00, 0x00, 0x00, 0x00, 0x00, 0x00, 0x00, 0x00, 0x00, 0x00, 0x00, 0x00,
  0x00, 0x00, 0x00, 0x00, 0x00, 0x00, 0x00, 0x00, 0x00, 0x00, 0x00, 0x00,
  0x00, 0x00, 0x00, 0x00, 0x00, 0x00, 0x00, 0x00, 0x00, 0x00, 0x00, 0x00,
  0x00, 0x00, 0x00, 0x00, 0x00, 0x00, 0x00, 0x00, 0x00, 0x00, 0x00, 0x00,
  0x00, 0x00, 0x00, 0x00, 0x00, 0x00, 0x00, 0x00, 0x00, 0x00, 0x00, 0x00,
  0x00, 0x00, 0x00, 0x00, 0x00, 0x00, 0x00, 0x00, 0x00, 0x00, 0x00, 0x00,
  0x00, 0x00, 0x00, 0x00, 0x00, 0x00, 0x00, 0x00, 0x00, 0x00, 0x00, 0x00,
  0x00, 0x00, 0x00, 0x00, 0x00, 0x00, 0x00, 0x00, 0x00, 0x00, 0x00, 0x00,
  0x00, 0x00, 0x00, 0x00, 0x00, 0x00, 0x00, 0x00, 0x00, 0x00, 0x00, 0x00,
  0x00, 0x00, 0x00, 0x00, 0x00, 0x00, 0x00, 0x00, 0x00, 0x00, 0x00, 0x00,
  0x00, 0x00, 0x00, 0x00, 0x00, 0x00, 0x00, 0x00, 0x00, 0x00, 0x00, 0x00,
  0x00, 0x00, 0x00, 0x00, 0x00, 0x00, 0x00, 0x00, 0x00, 0x00, 0x00, 0x00,
  0x00, 0x00, 0x00, 0x00, 0x00, 0x00, 0x00, 0x00, 0x00, 0x00, 0x00, 0x00,
  0x00, 0x00, 0x00, 0x00, 0x00, 0x00, 0x00, 0x00, 0x00, 0x00, 0x00, 0x00,
  0x00, 0x00, 0x00, 0x00, 0x00, 0x00, 0x00, 0x00, 0x00, 0x00, 0x00, 0x00,
  0x00, 0x00, 0x00, 0x00, 0x00, 0x00, 0x00, 0x00, 0x00, 0x00, 0x00, 0x00,
  0x00, 0x00, 0x00, 0x00, 0x00, 0x00, 0x00, 0x00, 0x00, 0x00, 0x00, 0x00,
  0x00, 0x00, 0x00, 0x00, 0x00, 0x00, 0x00, 0x00, 0x00, 0x00, 0x00, 0x00,
  0x00, 0x00, 0x00, 0x00, 0x00, 0x00, 0x00, 0x00, 0x00, 0x00, 0x00, 0x00,
  0x00, 0x00, 0x00, 0x00, 0x00, 0x00, 0x00, 0x00, 0x00, 0x00, 0x00, 0x00,
  0x00, 0x00, 0x00, 0x00, 0x00, 0x00, 0x00, 0x00, 0x00, 0x00, 0x00, 0x00,
  0x00, 0x00, 0x00, 0x00, 0x00, 0x00, 0x00, 0x00, 0x00, 0x00, 0x00, 0x00,
  0x00, 0x00, 0x00, 0x00, 0x00, 0x00, 0x00, 0x00, 0x00, 0x00, 0x00, 0x00,
  0x00, 0x00, 0x00, 0x00, 0x00, 0x00, 0x00, 0x00, 0x00, 0x00, 0x00, 0x00,
  0x00, 0x00, 0x00, 0x00, 0x00, 0x00, 0x00, 0x00, 0x00, 0x00, 0x00, 0x00,
  0x00, 0x00, 0x00, 0x00, 0x00, 0x00, 0x00, 0x00, 0x00, 0x00, 0x00, 0x00,
  0x00, 0x00, 0x00, 0x00, 0x00, 0x00, 0x00, 0x00, 0x00, 0x00, 0x00, 0x00,
  0x00, 0x00, 0x00, 0x00, 0x00, 0x00, 0x00, 0x00, 0x00, 0x00, 0x00, 0x00,
  0x00, 0x00, 0x00, 0x00, 0x00, 0x00, 0x00, 0x00, 0x00, 0x00, 0x00, 0x00,
  0x00, 0x00, 0x00, 0x00, 0x00, 0x00, 0x00, 0x00, 0x00, 0x00, 0x00, 0x00,
  0x00, 0x00, 0x00, 0x00, 0x00, 0x00, 0x00, 0x00, 0x00, 0x00, 0x00, 0x00,
  0x00, 0x00, 0x00, 0x00, 0x00, 0x00, 0x00, 0x00, 0x00, 0x00, 0x00, 0x00,
  0x00, 0x00, 0x00, 0x00, 0x00, 0x00, 0x00, 0x00, 0x00, 0x00, 0x00, 0x00,
  0x00, 0x00, 0x00, 0x00, 0x00, 0x00, 0x00, 0x00, 0x00, 0x00, 0x00, 0x00,
  0x00, 0x00, 0x00, 0x00, 0x00, 0x00, 0x00, 0x00, 0x00, 0x00, 0x00, 0x00,
  0x00, 0x00, 0x00, 0x00, 0x00, 0x00, 0x00, 0x00, 0x00, 0x00, 0x00, 0x00,
  0x00, 0x00, 0x00, 0x00, 0x00, 0x00, 0x00, 0x00, 0x00, 0x00, 0x00, 0x00,
  0x00, 0x00, 0x00, 0x00, 0x00, 0x00, 0x00, 0x00, 0x00, 0x00, 0x00, 0x00,
  0x00, 0x00, 0x00, 0x00, 0x00, 0x00, 0x00, 0x00, 0x00, 0x00, 0x00, 0x00,
  0x00, 0x00, 0x00, 0x00, 0x00, 0x00, 0x00, 0x00, 0x00, 0x00, 0x00, 0x00,
  0x00, 0x00, 0x00, 0x00, 0x00, 0x00, 0x00, 0x00, 0x00, 0x00, 0x00, 0x00,
  0x00, 0x00, 0x00, 0x00, 0x00, 0x00, 0x00, 0x00, 0x00, 0x00, 0x00, 0x00,
  0x00, 0x00, 0x00, 0x00, 0x00, 0x00, 0x00, 0x00, 0x00, 0x00, 0x00, 0x00,
  0x00, 0x00, 0x00, 0x00, 0x00, 0x00, 0x00, 0x00, 0x00, 0x00, 0x00, 0x00,
  0x00, 0x00, 0x00, 0x00, 0x00, 0x00, 0x00, 0x00, 0x00, 0x00, 0x00, 0x00,
  0x00, 0x00, 0x00, 0x00, 0x00, 0x00, 0x00, 0x00, 0x00, 0x00, 0x00, 0x00,
  0x00, 0x00, 0x00, 0x00, 0x00, 0x00, 0x00, 0x00, 0x00, 0x00, 0x00, 0x00,
  0x00, 0x00, 0x00, 0x00, 0x00, 0x00, 0x00, 0x00, 0x00, 0x00, 0x00, 0x00,
  0x00, 0x00, 0x00, 0x00, 0x00, 0x00, 0x00, 0x00, 0x00, 0x00, 0x00, 0x00,
  0x00, 0x00, 0x00, 0x00, 0x00, 0x00, 0x00, 0x00, 0x00, 0x00, 0x00, 0x00,
  0x00, 0x00, 0x00, 0x00, 0x00, 0x00, 0x00, 0x00, 0x00, 0x00, 0x00, 0x00,
  0x00, 0x00, 0x00, 0x00, 0x00, 0x00, 0x00, 0x00, 0x00, 0x00, 0x00, 0x00,
  0x00, 0x00, 0x00, 0x00, 0x00, 0x00, 0x00, 0x00, 0x00, 0x00, 0x00, 0x00,
  0x00, 0x00, 0x00, 0x00, 0x00, 0x00, 0x00, 0x00, 0x00, 0x00, 0x00, 0x00,
  0x00, 0x00, 0x00, 0x00, 0x00, 0x00, 0x00, 0x00, 0x00, 0x00, 0x00, 0x00,
  0x00, 0x00, 0x00, 0x00, 0x00, 0x00, 0x00, 0x00, 0x00, 0x00, 0x00, 0x00,
  0x00, 0x00, 0x00, 0x00, 0x00, 0x00, 0x00, 0x00, 0x00, 0x00, 0x00, 0x00,
  0x00, 0x00, 0x00, 0x00, 0x00, 0x00, 0x00, 0x00, 0x00, 0x00, 0x00, 0x00,
  0x00, 0x00, 0x00, 0x00, 0x00, 0x00, 0x00, 0x00, 0x00, 0x00, 0x00, 0x00,
  0x00, 0x00, 0x00, 0x00, 0x00, 0x00, 0x00, 0x00, 0x00, 0x00, 0x00, 0x00,
  0x00, 0x00, 0x00, 0x00, 0x00, 0x00, 0x00, 0x00, 0x00, 0x00, 0x00, 0x00,
  0x00, 0x00, 0x00, 0x00, 0x00, 0x00, 0x00, 0x00, 0x00, 0x00, 0x00, 0x00,
  0x00, 0x00, 0x00, 0x00, 0x00, 0x00, 0x00, 0x00, 0x00, 0x00, 0x00, 0x00,
  0x00, 0x00, 0x00, 0x00, 0x00, 0x00, 0x00, 0x00, 0x00, 0x00, 0x00, 0x00,
  0x00, 0x00, 0x00, 0x00, 0x00, 0x00, 0x00, 0x00, 0x00, 0x00, 0x00, 0x00,
  0x00, 0x00, 0x00, 0x00, 0x00, 0x00, 0x00, 0x00, 0x00, 0x00, 0x00, 0x00,
  0x00, 0x00, 0x00, 0x00, 0x00, 0x00, 0x00, 0x00, 0x00, 0x00, 0x00, 0x00,
  0x00, 0x00, 0x00, 0x00, 0x00, 0x00, 0x00, 0x00, 0x00, 0x00, 0x00, 0x00,
  0x00, 0x00, 0x00, 0x00, 0x00, 0x00, 0x00, 0x00, 0x00, 0x00, 0x00, 0x00,
  0x00, 0x00, 0x00, 0x00, 0x00, 0x00, 0x00, 0x00, 0x00, 0x00, 0x00, 0x00,
  0x00, 0x00, 0x00, 0x00, 0x00, 0x00, 0x00, 0x00, 0x00, 0x00, 0x00, 0x00,
  0x00, 0x00, 0x00, 0x00, 0x00, 0x00, 0x00, 0x00, 0x00, 0x00, 0x00, 0x00,
  0x00, 0x00, 0x00, 0x00, 0x00, 0x00, 0x00, 0x00, 0x00, 0x00, 0x00, 0x00,
  0x00, 0x00, 0x00, 0x00, 0x00, 0x00, 0x00, 0x00, 0x00, 0x00, 0x00, 0x00,
  0x00, 0x00, 0x00, 0x00, 0x00, 0x00, 0x00, 0x00, 0x00, 0x00, 0x00, 0x00,
  0x00, 0x00, 0x00, 0x00, 0x00, 0x00, 0x00, 0x00, 0x00, 0x00, 0x00, 0x00,
  0x00, 0x00, 0x00, 0x00, 0x00, 0x00, 0x00, 0x00, 0x00, 0x00, 0x00, 0x00,
  0x00, 0x00, 0x00, 0x00, 0x00, 0x00, 0x00, 0x00, 0x00, 0x00, 0x00, 0x00,
  0x00, 0x00, 0x00, 0x00, 0x00, 0x00, 0x00, 0x00, 0x00, 0x00, 0x00, 0x00,
  0x00, 0x00, 0x00, 0x00, 0x00, 0x00, 0x00, 0x00, 0x00, 0x00, 0x00, 0x00,
  0x00, 0x00, 0x00, 0x00, 0x00, 0x00, 0x00, 0x00, 0x00, 0x00, 0x00, 0x00,
  0x00, 0x00, 0x00, 0x00, 0x00, 0x00, 0x00, 0x00, 0x00, 0x00, 0x00, 0x00,
  0x00, 0x00, 0x00, 0x00, 0x00, 0x00, 0x00, 0x00, 0x00, 0x00, 0x00, 0x00,
  0x00, 0x00, 0x00, 0x00, 0x00, 0x00, 0x00, 0x00, 0x00, 0x00, 0x00, 0x00,
  0x00, 0x00, 0x00, 0x00, 0x00, 0x00, 0x00, 0x00, 0x00, 0x00, 0x00, 0x00,
  0x00, 0x00, 0x00, 0x00, 0x00, 0x00, 0x00, 0x00, 0x00, 0x00, 0x00, 0x00,
  0x00, 0x00, 0x00, 0x00, 0x00, 0x00, 0x00, 0x00, 0x00, 0x00, 0x00, 0x00,
  0x00, 0x00, 0x00, 0x00, 0x00, 0x00, 0x00, 0x00, 0x00, 0x00, 0x00, 0x00,
  0x00, 0x00, 0x00, 0x00, 0x00, 0x00, 0x00, 0x00, 0x00, 0x00, 0x00, 0x00,
  0x00, 0x00, 0x00, 0x00, 0x00, 0x00, 0x00, 0x00, 0x00, 0x00, 0x00, 0x00,
  0x00, 0x00, 0x00, 0x00, 0x00, 0x00, 0x00, 0x00, 0x00, 0x00, 0x00, 0x00,
  0x00, 0x00, 0x00, 0x00, 0x00, 0x00, 0x00, 0x00, 0x00, 0x00, 0x00, 0x00,
  0x00, 0x00, 0x00, 0x00, 0x00, 0x00, 0x00, 0x00, 0x00, 0x00, 0x00, 0x00,
  0x00, 0x00, 0x00, 0x00, 0x00, 0x00, 0x00, 0x00, 0x00, 0x00, 0x00, 0x00,
  0x00, 0x00, 0x00, 0x00, 0x00, 0x00, 0x00, 0x00, 0x00, 0x00, 0x00, 0x00,
  0x00, 0x00, 0x00, 0x00, 0x00, 0x00, 0x00, 0x00, 0x00, 0x00, 0x00, 0x00,
  0x00, 0x00, 0x00, 0x00, 0x00, 0x00, 0x00, 0x00, 0x00, 0x00, 0x00, 0x00,
  0x00, 0x00, 0x00, 0x00, 0x00, 0x00, 0x00, 0x00, 0x00, 0x00, 0x00, 0x00,
  0x00, 0x00, 0x00, 0x00, 0x00, 0x00, 0x00, 0x00, 0x00, 0x00, 0x00, 0x00,
  0x00, 0x00, 0x00, 0x00, 0x00, 0x00, 0x00, 0x00, 0x00, 0x00, 0x00, 0x00,
  0x00, 0x00, 0x00, 0x00, 0x00, 0x00, 0x00, 0x00, 0x00, 0x00, 0x00, 0x00,
  0x00, 0x00, 0x00, 0x00, 0x00, 0x00, 0x00, 0x00, 0x00, 0x00, 0x00, 0x00,
  0x00, 0x00, 0x00, 0x00, 0x00, 0x00, 0x00, 0x00, 0x00, 0x00, 0x00, 0x00,
  0x00, 0x00, 0x00, 0x00, 0x00, 0x00, 0x00, 0x00, 0x00, 0x00, 0x00, 0x00,
  0x00, 0x00, 0x00, 0x00, 0x00, 0x00, 0x00, 0x00, 0x00, 0x00, 0x00, 0x00,
  0x00, 0x00, 0x00, 0x00, 0x00, 0x00, 0x00, 0x00, 0x00, 0x00, 0x00, 0x00,
  0x00, 0x00, 0x00, 0x00, 0x00, 0x00, 0x00, 0x00, 0x00, 0x00, 0x00, 0x00,
  0x00, 0x00, 0x00, 0x00, 0x00, 0x00, 0x00, 0x00, 0x00, 0x00, 0x00, 0x00,
  0x00, 0x00, 0x00, 0x00, 0x00, 0x00, 0x00, 0x00, 0x00, 0x00, 0x00, 0x00,
  0x00, 0x00, 0x00, 0x00, 0x00, 0x00, 0x00, 0x00, 0x00, 0x00, 0x00, 0x00,
  0x00, 0x00, 0x00, 0x00, 0x00, 0x00, 0x00, 0x00, 0x00, 0x00, 0x00, 0x00,
  0x00, 0x00, 0x00, 0x00, 0x00, 0x00, 0x00, 0x00, 0x00, 0x00, 0x00, 0x00,
  0x00, 0x00, 0x00, 0x00, 0x00, 0x00, 0x00, 0x00, 0x00, 0x00, 0x00, 0x00,
  0x00, 0x00, 0x00, 0x00, 0x00, 0x00, 0x00, 0x00, 0x00, 0x00, 0x00, 0x00,
  0x00, 0x00, 0x00, 0x00, 0x00, 0x00, 0x00, 0x00, 0x00, 0x00, 0x00, 0x00,
  0x00, 0x00, 0x00, 0x00, 0x00, 0x00, 0x00, 0x00, 0x00, 0x00, 0x00, 0x00,
  0x00, 0x00, 0x00, 0x00, 0x00, 0x00, 0x00, 0x00, 0x00, 0x00, 0x00, 0x00,
  0x00, 0x00, 0x00, 0x00, 0x00, 0x00, 0x00, 0x00, 0x00, 0x00, 0x00, 0x00,
  0x00, 0x00, 0x00, 0x00, 0x00, 0x00, 0x00, 0x00, 0x00, 0x00, 0x00, 0x00,
  0x00, 0x00, 0x00, 0x00, 0x00, 0x00, 0x00, 0x00, 0x00, 0x00, 0x00, 0x00,
  0x00, 0x00, 0x00, 0x00, 0x00, 0x00, 0x00, 0x00, 0x00, 0x00, 0x00, 0x00,
  0x00, 0x00, 0x00, 0x00, 0x00, 0x00, 0x00, 0x00, 0x00, 0x00, 0x00, 0x00,
  0x00, 0x00, 0x00, 0x00, 0x00, 0x00, 0x00, 0x00, 0x00, 0x00, 0x00, 0x00,
  0x00, 0x00, 0x00, 0x00, 0x00, 0x00, 0x00, 0x00, 0x00, 0x00, 0x00, 0x00,
  0x00, 0x00, 0x00, 0x00, 0x00, 0x00, 0x00, 0x00, 0x00, 0x00, 0x00, 0x00,
  0x00, 0x00, 0x00, 0x00, 0x00, 0x00, 0x00, 0x00, 0x00, 0x00, 0x00, 0x00,
  0x00, 0x00, 0x00, 0x00, 0x00, 0x00, 0x00, 0x00, 0x00, 0x00, 0x00, 0x00,
  0x00, 0x00, 0x00, 0x00, 0x00, 0x00, 0x00, 0x00, 0x00, 0x00, 0x00, 0x00,
  0x00, 0x00, 0x00, 0x00, 0x00, 0x00, 0x00, 0x00, 0x00, 0x00, 0x00, 0x00,
  0x00, 0x00, 0x00, 0x00, 0x00, 0x00, 0x00, 0x00, 0x00, 0x00, 0x00, 0x00,
  0x00, 0x00, 0x00, 0x00, 0x00, 0x00, 0x00, 0x00, 0x00, 0x00, 0x00, 0x00,
  0x00, 0x00, 0x00, 0x00, 0x00, 0x00, 0x00, 0x00, 0x00, 0x00, 0x00, 0x00,
  0x00, 0x00, 0x00, 0x00, 0x00, 0x00, 0x00, 0x00, 0x00, 0x00, 0x00, 0x00,
  0x00, 0x00, 0x00, 0x00, 0x00, 0x00, 0x00, 0x00, 0x00, 0x00, 0x00, 0x00,
  0x00, 0x00, 0x00, 0x00, 0x00, 0x00, 0x00, 0x00, 0x00, 0x00, 0x00, 0x00,
  0x00, 0x00, 0x00, 0x00, 0x00, 0x00, 0x00, 0x00, 0x00, 0x00, 0x00, 0x00,
  0x00, 0x00, 0x00, 0x00, 0x00, 0x00, 0x00, 0x00, 0x00, 0x00, 0x00, 0x00,
  0x00, 0x00, 0x00, 0x00, 0x00, 0x00, 0x00, 0x00, 0x00, 0x00, 0x00, 0x00,
  0x00, 0x00, 0x00, 0x00, 0x00, 0x00, 0x00, 0x00, 0x00, 0x00, 0x00, 0x00,
  0x00, 0x00, 0x00, 0x00, 0x00, 0x00, 0x00, 0x00, 0x00, 0x00, 0x00, 0x00,
  0x00, 0x00, 0x00, 0x00, 0x00, 0x00, 0x00, 0x00, 0x00, 0x00, 0x00, 0x00,
  0x00, 0x00, 0x00, 0x00, 0x00, 0x00, 0x00, 0x00, 0x00, 0x00, 0x00, 0x00,
  0x00, 0x00, 0x00, 0x00, 0x00, 0x00, 0x00, 0x00, 0x00, 0x00, 0x00, 0x00,
  0x00, 0x00, 0x00, 0x00, 0x00, 0x00, 0x00, 0x00, 0x00, 0x00, 0x00, 0x00,
  0x00, 0x00, 0x00, 0x00, 0x00, 0x00, 0x00, 0x00, 0x00, 0x00, 0x00, 0x00,
  0x00, 0x00, 0x00, 0x00, 0x00, 0x00, 0x00, 0x00, 0x00, 0x00, 0x00, 0x00,
  0x00, 0x00, 0x00, 0x00, 0x00, 0x00, 0x00, 0x00, 0x00, 0x00, 0x00, 0x00,
  0x00, 0x00, 0x00, 0x00, 0x00, 0x00, 0x00, 0x00, 0x00, 0x00, 0x00, 0x00,
  0x00, 0x00, 0x00, 0x00, 0x00, 0x00, 0x00, 0x00, 0x00, 0x00, 0x00, 0x00,
  0x00, 0x00, 0x00, 0x00, 0x00, 0x00, 0x00, 0x00, 0x00, 0x00, 0x00, 0x00,
  0x00, 0x00, 0x00, 0x00, 0x00, 0x00, 0x00, 0x00, 0x00, 0x00, 0x00, 0x00,
  0x00, 0x00, 0x00, 0x00, 0x00, 0x00, 0x00, 0x00, 0x00, 0x00, 0x00, 0x00,
  0x00, 0x00, 0x00, 0x00, 0x00, 0x00, 0x00, 0x00, 0x00, 0x00, 0x00, 0x00,
  0x00, 0x00, 0x00, 0x00, 0x00, 0x00, 0x00, 0x00, 0x00, 0x00, 0x00, 0x00,
  0x00, 0x00, 0x00, 0x00, 0x00, 0x00, 0x00, 0x00, 0x00, 0x00, 0x00, 0x00,
  0x00, 0x00, 0x00, 0x00, 0x00, 0x00, 0x00, 0x00, 0x00, 0x00, 0x00, 0x00,
  0x00, 0x00, 0x00, 0x00, 0x00, 0x00, 0x00, 0x00, 0x00, 0x00, 0x00, 0x00,
  0x00, 0x00, 0x00, 0x00, 0x00, 0x00, 0x00, 0x00, 0x00, 0x00, 0x00, 0x00,
  0x00, 0x00, 0x00, 0x00, 0x00, 0x00, 0x00, 0x00, 0x00, 0x00, 0x00, 0x00,
  0x00, 0x00, 0x00, 0x00, 0x00, 0x00, 0x00, 0x00, 0x00, 0x00, 0x00, 0x00,
  0x00, 0x00, 0x00, 0x00, 0x00, 0x00, 0x00, 0x00, 0x00, 0x00, 0x00, 0x00,
  0x00, 0x00, 0x00, 0x00, 0x00, 0x00, 0x00, 0x00, 0x00, 0x00, 0x00, 0x00,
  0x00, 0x00, 0x00, 0x00, 0x00, 0x00, 0x00, 0x00, 0x00, 0x00, 0x00, 0x00,
  0x00, 0x00, 0x00, 0x00, 0x00, 0x00, 0x00, 0x00, 0x00, 0x00, 0x00, 0x00,
  0x00, 0x00, 0x00, 0x00, 0x00, 0x00, 0x00, 0x00, 0x00, 0x00, 0x00, 0x00,
  0x00, 0x00, 0x00, 0x00, 0x00, 0x00, 0x00, 0x00, 0x00, 0x00, 0x00, 0x00,
  0x00, 0x00, 0x00, 0x00, 0x00, 0x00, 0x00, 0x00, 0x00, 0x00, 0x00, 0x00,
  0x00, 0x00, 0x00, 0x00, 0x00, 0x00, 0x00, 0x00, 0x00, 0x00, 0x00, 0x00,
  0x00, 0x00, 0x00, 0x00, 0x00, 0x00, 0x00, 0x00, 0x00, 0x00, 0x00, 0x00,
  0x00, 0x00, 0x00, 0x00, 0x00, 0x00, 0x00, 0x00, 0x00, 0x00, 0x00, 0x00,
  0x00, 0x00, 0x00, 0x00, 0x00, 0x00, 0x00, 0x00, 0x00, 0x00, 0x00, 0x00,
  0x00, 0x00, 0x00, 0x00, 0x00, 0x00, 0x00, 0x00, 0x00, 0x00, 0x00, 0x00,
  0x50, 0x52, 0x4f, 0x42, 0x45, 0x20, 0x6e, 0x65, 0x74, 0x73, 0x74, 0x61,
  0x74, 0x5f, 0x69, 0x66, 0x61, 0x63, 0x65, 0x20, 0x72, 0x63, 0x3d, 0x25,
  0x64, 0x20, 0x69, 0x70, 0x3d, 0x25, 0x64, 0x2e, 0x25, 0x64, 0x2e, 0x25,
  0x64, 0x2e, 0x25, 0x64, 0x20, 0x67, 0x77, 0x3d, 0x25, 0x64, 0x2e, 0x25,
  0x64, 0x2e, 0x25, 0x64, 0x2e, 0x25, 0x64, 0x0a, 0x00, 0x50, 0x52, 0x4f,
  0x42, 0x45, 0x20, 0x6e, 0x65, 0x74, 0x73, 0x74, 0x61, 0x74, 0x5f, 0x62,
  0x61, 0x64, 0x6c, 0x65, 0x6e, 0x20, 0x72, 0x63, 0x3d, 0x25, 0x64, 0x0a,
  0x00, 0x50, 0x52, 0x4f, 0x42, 0x45, 0x20, 0x6e, 0x65, 0x74, 0x73, 0x74,
  0x61, 0x74, 0x5f, 0x62, 0x61, 0x64, 0x63, 0x6d, 0x64, 0x20, 0x72, 0x63,
  0x3d, 0x25, 0x64, 0x0a, 0x00, 0x00, 0x00, 0x00, 0x50, 0x52, 0x4f, 0x42,
  0x45, 0x20, 0x6e, 0x65, 0x74, 0x73, 0x74, 0x61, 0x74, 0x5f, 0x73, 0x6f,
  0x63, 0x6b, 0x6c, 0x69, 0x73, 0x74, 0x20, 0x72, 0x63, 0x3d, 0x25, 0x64,
  0x20, 0x6d, 0x61, 0x73, 0x6b, 0x3d, 0x25, 0x64, 0x0a, 0x00, 0x50, 0x52,
  0x4f, 0x42, 0x45, 0x20, 0x6e, 0x65, 0x74, 0x73, 0x74, 0x61, 0x74, 0x5f,
  0x73, 0x6f, 0x63, 0x6b, 0x5f, 0x6f, 0x6f, 0x62, 0x20, 0x72, 0x63, 0x3d,
  0x25, 0x64, 0x0a, 0x00, 0x50, 0x52, 0x4f, 0x42, 0x45, 0x20, 0x6e, 0x65,
  0x74, 0x73, 0x74, 0x61, 0x74, 0x5f, 0x73, 0x6f, 0x63, 0x6b, 0x30, 0x20,
  0x72, 0x63, 0x3d, 0x25, 0x64, 0x0a, 0x00, 0x00, 0x50, 0x52, 0x4f, 0x42,
  0x45, 0x20, 0x4e, 0x45, 0x54, 0x53, 0x54, 0x41, 0x54, 0x20, 0x56, 0x45,
  0x52, 0x44, 0x49, 0x43, 0x54, 0x20, 0x6c, 0x65, 0x61, 0x6b, 0x65, 0x64,
  0x5f, 0x6d, 0x61, 0x73, 0x6b, 0x0a, 0x00, 0x00, 0x50, 0x52, 0x4f, 0x42,
  0x45, 0x20, 0x4e, 0x45, 0x54, 0x53, 0x54, 0x41, 0x54, 0x20, 0x56, 0x45,
  0x52, 0x44, 0x49, 0x43, 0x54, 0x20, 0x6c, 0x65, 0x61, 0x6b, 0x65, 0x64,
  0x5f, 0x65, 0x72, 0x72, 0x6e, 0x6f, 0x20, 0x72, 0x63, 0x3d, 0x25, 0x64,
  0x0a, 0x00, 0x50, 0x52, 0x4f, 0x42, 0x45, 0x20, 0x4e, 0x45, 0x54, 0x53,
  0x54, 0x41, 0x54, 0x20, 0x56, 0x45, 0x52, 0x44, 0x49, 0x43, 0x54, 0x20,
  0x73, 0x63, 0x6f, 0x70, 0x65, 0x64, 0x0a, 0x00, 0x50, 0x52, 0x4f, 0x42,
  0x45, 0x20, 0x4e, 0x45, 0x54, 0x53, 0x54, 0x41, 0x54, 0x20, 0x56, 0x45,
  0x52, 0x44, 0x49, 0x43, 0x54, 0x20, 0x6f, 0x6b, 0x0a, 0x00, 0x50, 0x52,
  0x4f, 0x42, 0x45, 0x20, 0x75, 0x69, 0x64, 0x3d, 0x25, 0x64, 0x0a, 0x00,
  0x50, 0x52, 0x4f, 0x42, 0x45, 0x20, 0x6e, 0x65, 0x74, 0x74, 0x78, 0x20,
  0x72, 0x63, 0x3d, 0x25, 0x64, 0x0a, 0x00, 0x50, 0x52, 0x4f, 0x42, 0x45,
  0x20, 0x6e, 0x65, 0x74, 0x74, 0x78, 0x5f, 0x73, 0x68, 0x6f, 0x72, 0x74,
  0x20, 0x72, 0x63, 0x3d, 0x25, 0x64, 0x0a, 0x00, 0x50, 0x52, 0x4f, 0x42,
  0x45, 0x20, 0x6e, 0x65, 0x74, 0x72, 0x78, 0x20, 0x72, 0x63, 0x3d, 0x25,
  0x64, 0x0a, 0x00, 0x00, 0x50, 0x52, 0x4f, 0x42, 0x45, 0x20, 0x6e, 0x65,
  0x74, 0x72, 0x78, 0x20, 0x66, 0x72, 0x61, 0x6d, 0x65, 0x73, 0x3d, 0x25,
  0x64, 0x20, 0x6c, 0x61, 0x73, 0x74, 0x5f, 0x72, 0x63, 0x5f, 0x65, 0x61,
  0x67, 0x61, 0x69, 0x6e, 0x5f, 0x61, 0x66, 0x74, 0x65, 0x72, 0x3d, 0x25,
  0x64, 0x0a, 0x00, 0x6c, 0x65, 0x61, 0x6b, 0x65, 0x64, 0x00, 0x64, 0x65,
  0x6e, 0x69, 0x65, 0x64, 0x00, 0x50, 0x52, 0x4f, 0x42, 0x45, 0x20, 0x56,
  0x45, 0x52, 0x44, 0x49, 0x43, 0x54, 0x20, 0x25, 0x73, 0x0a, 0x00, 0x62,
  0x72, 0x6f, 0x6b, 0x65, 0x6e, 0x00, 0x6f, 0x6b, 0x00, 0x00, 0x00, 0x00,
  0x28, 0x6e, 0x75, 0x6c, 0x6c, 0x29, 0x00, 0x00, 0x30, 0x31, 0x32, 0x33,
  0x34, 0x35, 0x36, 0x37, 0x38, 0x39, 0x61, 0x62, 0x63, 0x64, 0x65, 0x66,
  0x00, 0x00, 0x00, 0x00, 0x00, 0x00, 0x00, 0x00, 0x00, 0x00, 0x00, 0x00,
  0x00, 0x00, 0x00, 0x00, 0x00, 0x00, 0x00, 0x00, 0x00, 0x00, 0x00, 0x00,
  0x00, 0x00, 0x00, 0x00, 0x00, 0x00, 0x00, 0x00, 0x00, 0x00, 0x00, 0x00,
  0x00, 0x00, 0x00, 0x00, 0x00, 0x00, 0x00, 0x00, 0x00, 0x00, 0x00, 0x00,
  0x00, 0x00, 0x00, 0x00, 0x00, 0x00, 0x00, 0x00, 0x00, 0x00, 0x00, 0x00,
  0x00, 0x00, 0x00, 0x00, 0x00, 0x00, 0x00, 0x00, 0x00, 0x00, 0x00, 0x00,
  0x00, 0x00, 0x00, 0x00, 0x00, 0x00, 0x00, 0x00, 0x00, 0x00, 0x00, 0x00,
  0x00, 0x00, 0x00, 0x00, 0x00, 0x00, 0x00, 0x00, 0x00, 0x00, 0x00, 0x00,
  0x00, 0x00, 0x00, 0x00, 0x00, 0x00, 0x00, 0x00, 0x00, 0x00, 0x00, 0x00,
  0x00, 0x00, 0x00, 0x00, 0x00, 0x00, 0x00, 0x00, 0x00, 0x00, 0x00, 0x00,
  0x00, 0x00, 0x00, 0x00, 0x00, 0x00, 0x00, 0x00, 0x00, 0x00, 0x00, 0x00,
  0x00, 0x00, 0x00, 0x00, 0x00, 0x00, 0x00, 0x00, 0x00, 0x00, 0x00, 0x00,
  0x00, 0x00, 0x00, 0x00, 0x00, 0x00, 0x00, 0x00, 0x00, 0x00, 0x00, 0x00,
  0x00, 0x00, 0x00, 0x00, 0x00, 0x00, 0x00, 0x00, 0x00, 0x00, 0x00, 0x00,
  0x00, 0x00, 0x00, 0x00, 0x00, 0x00, 0x00, 0x00, 0x00, 0x00, 0x00, 0x00,
  0x00, 0x00, 0x00, 0x00, 0x00, 0x00, 0x00, 0x00, 0x00, 0x00, 0x00, 0x00,
  0x00, 0x00, 0x00, 0x00, 0x00, 0x00, 0x00, 0x00, 0x00, 0x00, 0x00, 0x00,
  0x00, 0x00, 0x00, 0x00, 0x00, 0x00, 0x00, 0x00, 0x00, 0x00, 0x00, 0x00,
  0x00, 0x00, 0x00, 0x00, 0x00, 0x00, 0x00, 0x00, 0x00, 0x00, 0x00, 0x00,
  0x00, 0x00, 0x00, 0x00, 0x00, 0x00, 0x00, 0x00, 0x00, 0x00, 0x00, 0x00,
  0x00, 0x00, 0x00, 0x00, 0x00, 0x00, 0x00, 0x00, 0x00, 0x00, 0x00, 0x00,
  0x00, 0x00, 0x00, 0x00, 0x00, 0x00, 0x00, 0x00, 0x00, 0x00, 0x00, 0x00,
  0x00, 0x00, 0x00, 0x00, 0x00, 0x00, 0x00, 0x00, 0x00, 0x00, 0x00, 0x00,
  0x00, 0x00, 0x00, 0x00, 0x00, 0x00, 0x00, 0x00, 0x00, 0x00, 0x00, 0x00,
  0x00, 0x00, 0x00, 0x00, 0x00, 0x00, 0x00, 0x00, 0x00, 0x00, 0x00, 0x00,
  0x00, 0x00, 0x00, 0x00, 0x00, 0x00, 0x00, 0x00, 0x00, 0x00, 0x00, 0x00,
  0x00, 0x00, 0x00, 0x00, 0x00, 0x00, 0x00, 0x00, 0x00, 0x00, 0x00, 0x00,
  0x00, 0x00, 0x00, 0x00, 0x00, 0x00, 0x00, 0x00, 0x00, 0x00, 0x00, 0x00,
  0x00, 0x00, 0x00, 0x00, 0x00, 0x00, 0x00, 0x00, 0x00, 0x00, 0x00, 0x00,
  0x00, 0x00, 0x00, 0x00, 0x00, 0x00, 0x00, 0x00, 0x00, 0x00, 0x00, 0x00,
  0x00, 0x00, 0x00, 0x00, 0x00, 0x00, 0x00, 0x00, 0x00, 0x00, 0x00, 0x00,
  0x00, 0x00, 0x00, 0x00, 0x00, 0x00, 0x00, 0x00, 0x00, 0x00, 0x00, 0x00,
  0x00, 0x00, 0x00, 0x00, 0x00, 0x00, 0x00, 0x00, 0x00, 0x00, 0x00, 0x00,
  0x00, 0x00, 0x00, 0x00, 0x00, 0x00, 0x00, 0x00, 0x00, 0x00, 0x00, 0x00,
  0x00, 0x00, 0x00, 0x00, 0x00, 0x00, 0x00, 0x00, 0x00, 0x00, 0x00, 0x00,
  0x00, 0x00, 0x00, 0x00, 0x00, 0x00, 0x00, 0x00, 0x00, 0x00, 0x00, 0x00,
  0x00, 0x00, 0x00, 0x00, 0x00, 0x00, 0x00, 0x00, 0x00, 0x00, 0x00, 0x00,
  0x00, 0x00, 0x00, 0x00, 0x00, 0x00, 0x00, 0x00, 0x00, 0x00, 0x00, 0x00,
  0x00, 0x00, 0x00, 0x00, 0x00, 0x00, 0x00, 0x00, 0x00, 0x00, 0x00, 0x00,
  0x00, 0x00, 0x00, 0x00, 0x00, 0x00, 0x00, 0x00, 0x00, 0x00, 0x00, 0x00,
  0x00, 0x00, 0x00, 0x00, 0x00, 0x00, 0x00, 0x00, 0x00, 0x00, 0x00, 0x00,
  0x00, 0x00, 0x00, 0x00, 0x00, 0x00, 0x00, 0x00, 0x00, 0x00, 0x00, 0x00,
  0x00, 0x00, 0x00, 0x00, 0x00, 0x00, 0x00, 0x00, 0x00, 0x00, 0x00, 0x00,
  0x00, 0x00, 0x00, 0x00, 0x00, 0x00, 0x00, 0x00, 0x00, 0x00, 0x00, 0x00,
  0x00, 0x00, 0x00, 0x00, 0x00, 0x00, 0x00, 0x00, 0x00, 0x00, 0x00, 0x00,
  0x00, 0x00, 0x00, 0x00, 0x00, 0x00, 0x00, 0x00, 0x00, 0x00, 0x00, 0x00,
  0x00, 0x00, 0x00, 0x00, 0x00, 0x00, 0x00, 0x00, 0x00, 0x00, 0x00, 0x00,
  0x00, 0x00, 0x00, 0x00, 0x00, 0x00, 0x00, 0x00, 0x00, 0x00, 0x00, 0x00,
  0x00, 0x00, 0x00, 0x00, 0x00, 0x00, 0x00, 0x00, 0x00, 0x00, 0x00, 0x00,
  0x00, 0x00, 0x00, 0x00, 0x00, 0x00, 0x00, 0x00, 0x00, 0x00, 0x00, 0x00,
  0x00, 0x00, 0x00, 0x00, 0x00, 0x00, 0x00, 0x00, 0x00, 0x00, 0x00, 0x00,
  0x00, 0x00, 0x00, 0x00, 0x00, 0x00, 0x00, 0x00, 0x00, 0x00, 0x00, 0x00,
  0x00, 0x00, 0x00, 0x00, 0x00, 0x00, 0x00, 0x00, 0x00, 0x00, 0x00, 0x00,
  0x00, 0x00, 0x00, 0x00, 0x00, 0x00, 0x00, 0x00, 0x00, 0x00, 0x00, 0x00,
  0x00, 0x00, 0x00, 0x00, 0x00, 0x00, 0x00, 0x00, 0x00, 0x00, 0x00, 0x00,
  0x00, 0x00, 0x00, 0x00, 0x00, 0x00, 0x00, 0x00, 0x00, 0x00, 0x00, 0x00,
  0x00, 0x00, 0x00, 0x00, 0x00, 0x00, 0x00, 0x00, 0x00, 0x00, 0x00, 0x00,
  0x00, 0x00, 0x00, 0x00, 0x00, 0x00, 0x00, 0x00, 0x00, 0x00, 0x00, 0x00,
  0x00, 0x00, 0x00, 0x00, 0x00, 0x00, 0x00, 0x00, 0x00, 0x00, 0x00, 0x00,
  0x00, 0x00, 0x00, 0x00, 0x00, 0x00, 0x00, 0x00, 0x00, 0x00, 0x00, 0x00,
  0x00, 0x00, 0x00, 0x00, 0x00, 0x00, 0x00, 0x00, 0x00, 0x00, 0x00, 0x00,
  0x00, 0x00, 0x00, 0x00, 0x00, 0x00, 0x00, 0x00, 0x00, 0x00, 0x00, 0x00,
  0x00, 0x00, 0x00, 0x00, 0x00, 0x00, 0x00, 0x00, 0x00, 0x00, 0x00, 0x00,
  0x00, 0x00, 0x00, 0x00, 0x00, 0x00, 0x00, 0x00, 0x00, 0x00, 0x00, 0x00,
  0x00, 0x00, 0x00, 0x00, 0x00, 0x00, 0x00, 0x00, 0x00, 0x00, 0x00, 0x00,
  0x00, 0x00, 0x00, 0x00, 0x00, 0x00, 0x00, 0x00, 0x00, 0x00, 0x00, 0x00,
  0x00, 0x00, 0x00, 0x00, 0x00, 0x00, 0x00, 0x00, 0x00, 0x00, 0x00, 0x00,
  0x00, 0x00, 0x00, 0x00, 0x00, 0x00, 0x00, 0x00, 0x00, 0x00, 0x00, 0x00,
  0x00, 0x00, 0x00, 0x00, 0x00, 0x00, 0x00, 0x00, 0x00, 0x00, 0x00, 0x00,
  0x00, 0x00, 0x00, 0x00, 0x00, 0x00, 0x00, 0x00, 0x00, 0x00, 0x00, 0x00,
  0x00, 0x00, 0x00, 0x00, 0x00, 0x00, 0x00, 0x00, 0x00, 0x00, 0x00, 0x00,
  0x00, 0x00, 0x00, 0x00, 0x00, 0x00, 0x00, 0x00, 0x00, 0x00, 0x00, 0x00,
  0x00, 0x00, 0x00, 0x00, 0x00, 0x00, 0x00, 0x00, 0x00, 0x00, 0x00, 0x00,
  0x00, 0x00, 0x00, 0x00, 0x00, 0x00, 0x00, 0x00, 0x00, 0x00, 0x00, 0x00,
  0x00, 0x00, 0x00, 0x00, 0x00, 0x00, 0x00, 0x00, 0x00, 0x00, 0x00, 0x00,
  0x00, 0x00, 0x00, 0x00, 0x00, 0x00, 0x00, 0x00, 0x00, 0x00, 0x00, 0x00,
  0x00, 0x00, 0x00, 0x00, 0x00, 0x00, 0x00, 0x00, 0x00, 0x00, 0x00, 0x00,
  0x00, 0x00, 0x00, 0x00, 0x00, 0x00, 0x00, 0x00, 0x00, 0x00, 0x00, 0x00,
  0x00, 0x00, 0x00, 0x00, 0x00, 0x00, 0x00, 0x00, 0x00, 0x00, 0x00, 0x00,
  0x00, 0x00, 0x00, 0x00, 0x00, 0x00, 0x00, 0x00, 0x00, 0x00, 0x00, 0x00,
  0x00, 0x00, 0x00, 0x00, 0x00, 0x00, 0x00, 0x00, 0x00, 0x00, 0x00, 0x00,
  0x00, 0x00, 0x00, 0x00, 0x00, 0x00, 0x00, 0x00, 0x00, 0x00, 0x00, 0x00,
  0x00, 0x00, 0x00, 0x00, 0x00, 0x00, 0x00, 0x00, 0x00, 0x00, 0x00, 0x00,
  0x00, 0x00, 0x00, 0x00, 0x00, 0x00, 0x00, 0x00, 0x00, 0x00, 0x00, 0x00,
  0x00, 0x00, 0x00, 0x00, 0x00, 0x00, 0x00, 0x00, 0x00, 0x00, 0x00, 0x00,
  0x00, 0x00, 0x00, 0x00, 0x00, 0x00, 0x00, 0x00, 0x00, 0x00, 0x00, 0x00,
  0x00, 0x00, 0x00, 0x00, 0x00, 0x00, 0x00, 0x00, 0x00, 0x00, 0x00, 0x00,
  0x00, 0x00, 0x00, 0x00, 0x00, 0x00, 0x00, 0x00, 0x00, 0x00, 0x00, 0x00,
  0x00, 0x00, 0x00, 0x00, 0x00, 0x00, 0x00, 0x00, 0x00, 0x00, 0x00, 0x00,
  0x00, 0x00, 0x00, 0x00, 0x00, 0x00, 0x00, 0x00, 0x00, 0x00, 0x00, 0x00,
  0x00, 0x00, 0x00, 0x00, 0x00, 0x00, 0x00, 0x00, 0x00, 0x00, 0x00, 0x00,
  0x00, 0x00, 0x00, 0x00, 0x00, 0x00, 0x00, 0x00, 0x00, 0x00, 0x00, 0x00,
  0x00, 0x00, 0x00, 0x00, 0x00, 0x00, 0x00, 0x00, 0x00, 0x00, 0x00, 0x00,
  0x00, 0x00, 0x00, 0x00, 0x00, 0x00, 0x00, 0x00, 0x00, 0x00, 0x00, 0x00,
  0x00, 0x00, 0x00, 0x00, 0x00, 0x00, 0x00, 0x00, 0x00, 0x00, 0x00, 0x00,
  0x00, 0x00, 0x00, 0x00, 0x00, 0x00, 0x00, 0x00, 0x00, 0x00, 0x00, 0x00,
  0x00, 0x00, 0x00, 0x00, 0x00, 0x00, 0x00, 0x00, 0x00, 0x00, 0x00, 0x00,
  0x00, 0x00, 0x00, 0x00, 0x00, 0x00, 0x00, 0x00, 0x00, 0x00, 0x00, 0x00,
  0x00, 0x00, 0x00, 0x00, 0x00, 0x00, 0x00, 0x00, 0x00, 0x00, 0x00, 0x00,
  0x00, 0x00, 0x00, 0x00, 0x00, 0x00, 0x00, 0x00, 0x00, 0x00, 0x00, 0x00,
  0x00, 0x00, 0x00, 0x00, 0x00, 0x00, 0x00, 0x00, 0x00, 0x00, 0x00, 0x00,
  0x00, 0x00, 0x00, 0x00, 0x00, 0x00, 0x00, 0x00, 0x00, 0x00, 0x00, 0x00,
  0x00, 0x00, 0x00, 0x00, 0x00, 0x00, 0x00, 0x00, 0x00, 0x00, 0x00, 0x00,
  0x00, 0x00, 0x00, 0x00, 0x00, 0x00, 0x00, 0x00, 0x00, 0x00, 0x00, 0x00,
  0x00, 0x00, 0x00, 0x00, 0x00, 0x00, 0x00, 0x00, 0x00, 0x00, 0x00, 0x00,
  0x00, 0x00, 0x00, 0x00, 0x00, 0x00, 0x00, 0x00, 0x00, 0x00, 0x00, 0x00,
  0x00, 0x00, 0x00, 0x00, 0x00, 0x00, 0x00, 0x00, 0x00, 0x00, 0x00, 0x00,
  0x00, 0x00, 0x00, 0x00, 0x00, 0x00, 0x00, 0x00, 0x00, 0x00, 0x00, 0x00,
  0x00, 0x00, 0x00, 0x00, 0x00, 0x00, 0x00, 0x00, 0x00, 0x00, 0x00, 0x00,
  0x00, 0x00, 0x00, 0x00, 0x00, 0x00, 0x00, 0x00, 0x00, 0x00, 0x00, 0x00,
  0x00, 0x00, 0x00, 0x00, 0x00, 0x00, 0x00, 0x00, 0x00, 0x00, 0x00, 0x00,
  0x00, 0x00, 0x00, 0x00, 0x00, 0x00, 0x00, 0x00, 0x00, 0x00, 0x00, 0x00,
  0x00, 0x00, 0x00, 0x00, 0x00, 0x00, 0x00, 0x00, 0x00, 0x00, 0x00, 0x00,
  0x00, 0x00, 0x00, 0x00, 0x00, 0x00, 0x00, 0x00, 0x00, 0x00, 0x00, 0x00,
  0x00, 0x00, 0x00, 0x00, 0x00, 0x00, 0x00, 0x00, 0x00, 0x00, 0x00, 0x00,
  0x00, 0x00, 0x00, 0x00, 0x00, 0x00, 0x00, 0x00, 0x00, 0x00, 0x00, 0x00,
  0x00, 0x00, 0x00, 0x00, 0x00, 0x00, 0x00, 0x00, 0x00, 0x00, 0x00, 0x00,
  0x00, 0x00, 0x00, 0x00, 0x00, 0x00, 0x00, 0x00, 0x00, 0x00, 0x00, 0x00,
  0x00, 0x00, 0x00, 0x00, 0x00, 0x00, 0x00, 0x00, 0x00, 0x00, 0x00, 0x00,
  0x00, 0x00, 0x00, 0x00, 0x00, 0x00, 0x00, 0x00, 0x00, 0x00, 0x00, 0x00,
  0x00, 0x00, 0x00, 0x00, 0x00, 0x00, 0x00, 0x00, 0x00, 0x00, 0x00, 0x00,
  0x00, 0x00, 0x00, 0x00, 0x00, 0x00, 0x00, 0x00, 0x00, 0x00, 0x00, 0x00,
  0x00, 0x00, 0x00, 0x00, 0x00, 0x00, 0x00, 0x00, 0x00, 0x00, 0x00, 0x00,
  0x00, 0x00, 0x00, 0x00, 0x00, 0x00, 0x00, 0x00, 0x00, 0x00, 0x00, 0x00,
  0x00, 0x00, 0x00, 0x00, 0x00, 0x00, 0x00, 0x00, 0x00, 0x00, 0x00, 0x00,
  0x00, 0x00, 0x00, 0x00, 0x00, 0x00, 0x00, 0x00, 0x00, 0x00, 0x00, 0x00,
  0x00, 0x00, 0x00, 0x00, 0x00, 0x00, 0x00, 0x00, 0x00, 0x00, 0x00, 0x00,
  0x00, 0x00, 0x00, 0x00, 0x00, 0x00, 0x00, 0x00, 0x00, 0x00, 0x00, 0x00,
  0x00, 0x00, 0x00, 0x00, 0x00, 0x00, 0x00, 0x00, 0x00, 0x00, 0x00, 0x00,
  0x00, 0x00, 0x00, 0x00, 0x00, 0x00, 0x00, 0x00, 0x00, 0x00, 0x00, 0x00,
  0x00, 0x00, 0x00, 0x00, 0x00, 0x00, 0x00, 0x00, 0x00, 0x00, 0x00, 0x00,
  0x00, 0x00, 0x00, 0x00, 0x00, 0x00, 0x00, 0x00, 0x00, 0x00, 0x00, 0x00,
  0x00, 0x00, 0x00, 0x00, 0x00, 0x00, 0x00, 0x00, 0x00, 0x00, 0x00, 0x00,
  0x00, 0x00, 0x00, 0x00, 0x00, 0x00, 0x00, 0x00, 0x00, 0x00, 0x00, 0x00,
  0x00, 0x00, 0x00, 0x00, 0x00, 0x00, 0x00, 0x00, 0x00, 0x00, 0x00, 0x00,
  0x00, 0x00, 0x00, 0x00, 0x00, 0x00, 0x00, 0x00, 0x00, 0x00, 0x00, 0x00,
  0x00, 0x00, 0x00, 0x00, 0x00, 0x00, 0x00, 0x00, 0x00, 0x00, 0x00, 0x00,
  0x00, 0x00, 0x00, 0x00, 0x00, 0x00, 0x00, 0x00, 0x00, 0x00, 0x00, 0x00,
  0x00, 0x00, 0x00, 0x00, 0x00, 0x00, 0x00, 0x00, 0x00, 0x00, 0x00, 0x00,
  0x00, 0x00, 0x00, 0x00, 0x00, 0x00, 0x00, 0x00, 0x00, 0x00, 0x00, 0x00,
  0x00, 0x00, 0x00, 0x00, 0x00, 0x00, 0x00, 0x00, 0x00, 0x00, 0x00, 0x00,
  0x00, 0x00, 0x00, 0x00, 0x00, 0x00, 0x00, 0x00, 0x00, 0x00, 0x00, 0x00,
  0x00, 0x00, 0x00, 0x00, 0x00, 0x00, 0x00, 0x00, 0x00, 0x00, 0x00, 0x00,
  0x00, 0x00, 0x00, 0x00, 0x00, 0x00, 0x00, 0x00, 0x00, 0x00, 0x00, 0x00,
  0x00, 0x00, 0x00, 0x00, 0x00, 0x00, 0x00, 0x00, 0x00, 0x00, 0x00, 0x00,
  0x00, 0x00, 0x00, 0x00, 0x00, 0x00, 0x00, 0x00, 0x00, 0x00, 0x00, 0x00,
  0x00, 0x00, 0x00, 0x00, 0x00, 0x00, 0x00, 0x00, 0x00, 0x00, 0x00, 0x00,
  0x00, 0x00, 0x00, 0x00, 0x00, 0x00, 0x00, 0x00, 0x00, 0x00, 0x00, 0x00,
  0x00, 0x00, 0x00, 0x00, 0x00, 0x00, 0x00, 0x00, 0x00, 0x00, 0x00, 0x00,
  0x00, 0x00, 0x00, 0x00, 0x00, 0x00, 0x00, 0x00, 0x00, 0x00, 0x00, 0x00,
  0x00, 0x00, 0x00, 0x00, 0x00, 0x00, 0x00, 0x00, 0x00, 0x00, 0x00, 0x00,
  0x00, 0x00, 0x00, 0x00, 0x00, 0x00, 0x00, 0x00, 0x00, 0x00, 0x00, 0x00,
  0x00, 0x00, 0x00, 0x00, 0x00, 0x00, 0x00, 0x00, 0x00, 0x00, 0x00, 0x00,
  0x00, 0x00, 0x00, 0x00, 0x00, 0x00, 0x00, 0x00, 0x00, 0x00, 0x00, 0x00,
  0x00, 0x00, 0x00, 0x00, 0x00, 0x00, 0x00, 0x00, 0x00, 0x00, 0x00, 0x00,
  0x00, 0x00, 0x00, 0x00, 0x00, 0x00, 0x00, 0x00, 0x00, 0x00, 0x00, 0x00,
  0x00, 0x00, 0x00, 0x00, 0x00, 0x00, 0x00, 0x00, 0x00, 0x00, 0x00, 0x00,
  0x00, 0x00, 0x00, 0x00, 0x00, 0x00, 0x00, 0x00, 0x00, 0x00, 0x00, 0x00,
  0x00, 0x00, 0x00, 0x00, 0x00, 0x00, 0x00, 0x00, 0x00, 0x00, 0x00, 0x00,
  0x00, 0x00, 0x00, 0x00, 0x00, 0x00, 0x00, 0x00, 0x00, 0x00, 0x00, 0x00,
  0x00, 0x00, 0x00, 0x00, 0x00, 0x00, 0x00, 0x00, 0x00, 0x00, 0x00, 0x00,
  0x00, 0x00, 0x00, 0x00, 0x00, 0x00, 0x00, 0x00, 0x00, 0x00, 0x00, 0x00,
  0x00, 0x00, 0x00, 0x00, 0x00, 0x00, 0x00, 0x00, 0x00, 0x00, 0x00, 0x00,
  0x00, 0x00, 0x00, 0x00, 0x00, 0x00, 0x00, 0x00, 0x00, 0x00, 0x00, 0x00,
  0x00, 0x00, 0x00, 0x00, 0x00, 0x00, 0x00, 0x00, 0x00, 0x00, 0x00, 0x00,
  0x00, 0x00, 0x00, 0x00, 0x00, 0x00, 0x00, 0x00, 0x00, 0x00, 0x00, 0x00,
  0x00, 0x00, 0x00, 0x00, 0x00, 0x00, 0x00, 0x00, 0x00, 0x00, 0x00, 0x00,
  0x00, 0x00, 0x00, 0x00, 0x00, 0x00, 0x00, 0x00, 0x00, 0x00, 0x00, 0x00,
  0x00, 0x00, 0x00, 0x00, 0x00, 0x00, 0x00, 0x00, 0x00, 0x00, 0x00, 0x00,
  0x00, 0x00, 0x00, 0x00, 0x00, 0x00, 0x00, 0x00, 0x00, 0x00, 0x00, 0x00,
  0x00, 0x00, 0x00, 0x00, 0x00, 0x00, 0x00, 0x00, 0x00, 0x00, 0x00, 0x00,
  0x00, 0x00, 0x00, 0x00, 0x00, 0x00, 0x00, 0x00, 0x00, 0x00, 0x00, 0x00,
  0x00, 0x00, 0x00, 0x00, 0x00, 0x00, 0x00, 0x00, 0x00, 0x00, 0x00, 0x00,
  0x00, 0x00, 0x00, 0x00, 0x00, 0x00, 0x00, 0x00, 0x00, 0x00, 0x00, 0x00,
  0x00, 0x00, 0x00, 0x00, 0x00, 0x00, 0x00, 0x00, 0x00, 0x00, 0x00, 0x00,
  0x00, 0x00, 0x00, 0x00, 0x00, 0x00, 0x00, 0x00, 0x00, 0x00, 0x00, 0x00,
  0x00, 0x00, 0x00, 0x00, 0x00, 0x00, 0x00, 0x00, 0x00, 0x00, 0x00, 0x00,
  0x00, 0x00, 0x00, 0x00, 0x00, 0x00, 0x00, 0x00, 0x00, 0x00, 0x00, 0x00,
  0x00, 0x00, 0x00, 0x00, 0x00, 0x00, 0x00, 0x00, 0x00, 0x00, 0x00, 0x00,
  0x00, 0x00, 0x00, 0x00, 0x00, 0x00, 0x00, 0x00, 0x00, 0x00, 0x00, 0x00,
  0x00, 0x00, 0x00, 0x00, 0x00, 0x00, 0x00, 0x00, 0x00, 0x00, 0x00, 0x00,
  0x00, 0x00, 0x00, 0x00, 0x00, 0x00, 0x00, 0x00, 0x00, 0x00, 0x00, 0x00,
  0x00, 0x00, 0x00, 0x00, 0x00, 0x00, 0x00, 0x00, 0x00, 0x00, 0x00, 0x00,
  0x00, 0x00, 0x00, 0x00, 0x00, 0x00, 0x00, 0x00, 0x00, 0x00, 0x00, 0x00,
  0x00, 0x00, 0x00, 0x00, 0x00, 0x00, 0x00, 0x00, 0x00, 0x00, 0x00, 0x00,
  0x00, 0x00, 0x00, 0x00, 0x00, 0x00, 0x00, 0x00, 0x00, 0x00, 0x00, 0x00,
  0x00, 0x00, 0x00, 0x00, 0x00, 0x00, 0x00, 0x00, 0x00, 0x00, 0x00, 0x00,
  0x00, 0x00, 0x00, 0x00, 0x00, 0x00, 0x00, 0x00, 0x00, 0x00, 0x00, 0x00,
  0x00, 0x00, 0x00, 0x00, 0x00, 0x00, 0x00, 0x00, 0x00, 0x00, 0x00, 0x00,
  0x00, 0x00, 0x00, 0x00, 0x00, 0x00, 0x00, 0x00, 0x00, 0x00, 0x00, 0x00,
  0x00, 0x00, 0x00, 0x00, 0x00, 0x00, 0x00, 0x00, 0x00, 0x00, 0x00, 0x00,
  0x00, 0x00, 0x00, 0x00, 0x00, 0x00, 0x00, 0x00, 0x00, 0x00, 0x00, 0x00,
  0x00, 0x00, 0x00, 0x00, 0x00, 0x00, 0x00, 0x00, 0x00, 0x00, 0x00, 0x00,
  0x00, 0x00, 0x00, 0x00, 0x00, 0x00, 0x00, 0x00, 0x00, 0x00, 0x00, 0x00,
  0x00, 0x00, 0x00, 0x00, 0x00, 0x00, 0x00, 0x00, 0x00, 0x00, 0x00, 0x00,
  0x00, 0x00, 0x00, 0x00, 0x00, 0x00, 0x00, 0x00, 0x00, 0x00, 0x00, 0x00,
  0x00, 0x00, 0x00, 0x00, 0x00, 0x00, 0x00, 0x00, 0x00, 0x00, 0x00, 0x00,
  0x00, 0x00, 0x00, 0x00, 0x00, 0x00, 0x00, 0x00, 0x00, 0x00, 0x00, 0x00,
  0x00, 0x00, 0x00, 0x00, 0x00, 0x00, 0x00, 0x00, 0x00, 0x00, 0x00, 0x00,
  0x00, 0x00, 0x00, 0x00, 0x00, 0x00, 0x00, 0x00, 0x00, 0x00, 0x00, 0x00,
  0x00, 0x00, 0x00, 0x00, 0x00, 0x00, 0x00, 0x00, 0x00, 0x00, 0x00, 0x00,
  0x00, 0x00, 0x00, 0x00, 0x00, 0x00, 0x00, 0x00, 0x00, 0x00, 0x00, 0x00,
  0x00, 0x00, 0x00, 0x00, 0x00, 0x00, 0x00, 0x00, 0x00, 0x00, 0x00, 0x00,
  0x00, 0x00, 0x00, 0x00, 0x00, 0x00, 0x00, 0x00, 0x00, 0x00, 0x00, 0x00,
  0x00, 0x00, 0x00, 0x00, 0x00, 0x00, 0x00, 0x00, 0x00, 0x00, 0x00, 0x00,
  0x00, 0x00, 0x00, 0x00, 0x00, 0x00, 0x00, 0x00, 0x00, 0x00, 0x00, 0x00,
  0x00, 0x00, 0x00, 0x00, 0x00, 0x00, 0x00, 0x00, 0x00, 0x00, 0x00, 0x00,
  0x00, 0x00, 0x00, 0x00, 0x00, 0x00, 0x00, 0x00, 0x00, 0x00, 0x00, 0x00,
  0x00, 0x00, 0x00, 0x00, 0x00, 0x00, 0x00, 0x00, 0x00, 0x00, 0x00, 0x00,
  0x00, 0x00, 0x00, 0x00, 0x00, 0x00, 0x00, 0x00, 0x00, 0x00, 0x00, 0x00,
  0x00, 0x00, 0x00, 0x00, 0x00, 0x00, 0x00, 0x00, 0x00, 0x00, 0x00, 0x00,
  0x00, 0x00, 0x00, 0x00, 0x00, 0x00, 0x00, 0x00, 0x00, 0x00, 0x00, 0x00,
  0x00, 0x00, 0x00, 0x00, 0x00, 0x00, 0x00, 0x00, 0x00, 0x00, 0x00, 0x00,
  0x00, 0x00, 0x00, 0x00, 0x00, 0x00, 0x00, 0x00, 0x00, 0x00, 0x00, 0x00,
  0x00, 0x00, 0x00, 0x00, 0x00, 0x00, 0x00, 0x00, 0x00, 0x00, 0x00, 0x00,
  0x00, 0x00, 0x00, 0x00, 0x00, 0x00, 0x00, 0x00, 0x00, 0x00, 0x00, 0x00,
  0x00, 0x00, 0x00, 0x00, 0x00, 0x00, 0x00, 0x00, 0x00, 0x00, 0x00, 0x00,
  0x00, 0x00, 0x00, 0x00, 0x00, 0x00, 0x00, 0x00, 0x00, 0x00, 0x00, 0x00,
  0x00, 0x00, 0x00, 0x00, 0x00, 0x00, 0x00, 0x00, 0x00, 0x00, 0x00, 0x00,
  0x00, 0x00, 0x00, 0x00, 0x00, 0x00, 0x00, 0x00, 0x00, 0x00, 0x00, 0x00,
  0x00, 0x00, 0x00, 0x00, 0x00, 0x00, 0x00, 0x00, 0x00, 0x00, 0x00, 0x00,
  0x00, 0x00, 0x00, 0x00, 0x00, 0x00, 0x00, 0x00, 0x00, 0x00, 0x00, 0x00,
  0x00, 0x00, 0x00, 0x00, 0x00, 0x00, 0x00, 0x00, 0x00, 0x00, 0x00, 0x00,
  0x00, 0x00, 0x00, 0x00, 0x00, 0x00, 0x00, 0x00, 0x00, 0x00, 0x00, 0x00,
  0x00, 0x00, 0x00, 0x00, 0x00, 0x00, 0x00, 0x00, 0x00, 0x00, 0x00, 0x00,
  0x00, 0x00, 0x00, 0x00, 0x00, 0x00, 0x00, 0x00, 0x00, 0x00, 0x00, 0x00,
  0x00, 0x00, 0x00, 0x00, 0x00, 0x00, 0x00, 0x00, 0x00, 0x00, 0x00, 0x00,
  0x00, 0x00, 0x00, 0x00, 0x00, 0x00, 0x00, 0x00, 0x00, 0x00, 0x00, 0x00,
  0x00, 0x00, 0x00, 0x00, 0x00, 0x00, 0x00, 0x00, 0x00, 0x00, 0x00, 0x00,
  0x00, 0x00, 0x00, 0x00, 0x00, 0x00, 0x00, 0x00, 0x00, 0x00, 0x00, 0x00,
  0x00, 0x00, 0x00, 0x00, 0x00, 0x00, 0x00, 0x00, 0x00, 0x00, 0x00, 0x00,
  0x00, 0x00, 0x00, 0x00, 0x00, 0x00, 0x00, 0x00, 0x00, 0x00, 0x00, 0x00,
  0x00, 0x00, 0x00, 0x00, 0x00, 0x00, 0x00, 0x00, 0x00, 0x00, 0x00, 0x00,
  0x00, 0x00, 0x00, 0x00, 0x00, 0x00, 0x00, 0x00, 0x00, 0x00, 0x00, 0x00,
  0x00, 0x00, 0x00, 0x00, 0x00, 0x00, 0x00, 0x00, 0x00, 0x00, 0x00, 0x00,
  0x00, 0x00, 0x00, 0x00, 0x00, 0x00, 0x00, 0x00, 0x00, 0x00, 0x00, 0x00,
  0x00, 0x00, 0x00, 0x00, 0x00, 0x00, 0x00, 0x00, 0x00, 0x00, 0x00, 0x00,
  0x00, 0x00, 0x00, 0x00, 0x00, 0x00, 0x00, 0x00, 0x00, 0x00, 0x00, 0x00,
  0x00, 0x00, 0x00, 0x00, 0x00, 0x00, 0x00, 0x00, 0x00, 0x00, 0x00, 0x00,
  0x00, 0x00, 0x00, 0x00, 0x00, 0x00, 0x00, 0x00, 0x00, 0x00, 0x00, 0x00,
  0x00, 0x00, 0x00, 0x00, 0x00, 0x00, 0x00, 0x00, 0x00, 0x00, 0x00, 0x00,
  0x00, 0x00, 0x00, 0x00, 0x00, 0x00, 0x00, 0x00, 0x00, 0x00, 0x00, 0x00,
  0x00, 0x00, 0x00, 0x00, 0x00, 0x00, 0x00, 0x00, 0x00, 0x00, 0x00, 0x00,
  0x00, 0x00, 0x00, 0x00, 0x00, 0x00, 0x00, 0x00, 0x00, 0x00, 0x00, 0x00,
  0x00, 0x00, 0x00, 0x00, 0x00, 0x00, 0x00, 0x00, 0x00, 0x00, 0x00, 0x00,
  0x00, 0x00, 0x00, 0x00, 0x00, 0x00, 0x00, 0x00, 0x00, 0x00, 0x00, 0x00,
  0x00, 0x00, 0x00, 0x00, 0x00, 0x00, 0x00, 0x00, 0x00, 0x00, 0x00, 0x00,
  0x00, 0x00, 0x00, 0x00, 0x00, 0x00, 0x00, 0x00, 0x00, 0x00, 0x00, 0x00,
  0x00, 0x00, 0x00, 0x00, 0x00, 0x00, 0x00, 0x00, 0x00, 0x00, 0x00, 0x00,
  0x00, 0x00, 0x00, 0x00, 0x00, 0x00, 0x00, 0x00, 0x00, 0x00, 0x00, 0x00,
  0x00, 0x00, 0x00, 0x00, 0x00, 0x00, 0x00, 0x00, 0x00, 0x00, 0x00, 0x00,
  0x00, 0x00, 0x00, 0x00, 0x00, 0x00, 0x00, 0x00, 0x00, 0x00, 0x00, 0x00,
  0x00, 0x00, 0x00, 0x00, 0x00, 0x00, 0x00, 0x00, 0x00, 0x00, 0x00, 0x00,
  0x00, 0x00, 0x00, 0x00, 0x00, 0x00, 0x00, 0x00, 0x00, 0x00, 0x00, 0x00,
  0x00, 0x00, 0x00, 0x00, 0x00, 0x00, 0x00, 0x00, 0x00, 0x00, 0x00, 0x00,
  0x00, 0x00, 0x00, 0x00, 0x00, 0x00, 0x00, 0x00, 0x00, 0x00, 0x00, 0x00,
  0x00, 0x00, 0x00, 0x00, 0x00, 0x00, 0x00, 0x00, 0x00, 0x00, 0x00, 0x00,
  0x00, 0x00, 0x00, 0x00, 0x00, 0x00, 0x00, 0x00, 0x00, 0x00, 0x00, 0x00,
  0x00, 0x00, 0x00, 0x00, 0x00, 0x00, 0x00, 0x00, 0x00, 0x00, 0x00, 0x00,
  0x00, 0x00, 0x00, 0x00, 0x00, 0x00, 0x00, 0x00, 0x00, 0x00, 0x00, 0x00,
  0x00, 0x00, 0x00, 0x00, 0x00, 0x00, 0x00, 0x00, 0x00, 0x00, 0x00, 0x00,
  0x00, 0x00, 0x00, 0x00, 0x00, 0x00, 0x00, 0x00, 0x00, 0x00, 0x00, 0x00,
  0x00, 0x00, 0x00, 0x00, 0x00, 0x00, 0x00, 0x00, 0x00, 0x00, 0x00, 0x00,
  0x00, 0x00, 0x00, 0x00, 0x00, 0x00, 0x00, 0x00, 0x00, 0x00, 0x00, 0x00,
  0x00, 0x00, 0x00, 0x00, 0x00, 0x00, 0x00, 0x00, 0x00, 0x00, 0x00, 0x00,
  0x00, 0x00, 0x00, 0x00, 0x00, 0x00, 0x00, 0x00, 0x00, 0x00, 0x00, 0x00,
  0x00, 0x00, 0x00, 0x00, 0x00, 0x00, 0x00, 0x00, 0x00, 0x00, 0x00, 0x00,
  0x00, 0x00, 0x00, 0x00, 0x00, 0x00, 0x00, 0x00, 0x00, 0x00, 0x00, 0x00,
  0x00, 0x00, 0x00, 0x00, 0x00, 0x00, 0x00, 0x00, 0x00, 0x00, 0x00, 0x00,
  0x00, 0x00, 0x00, 0x00, 0x00, 0x00, 0x00, 0x00, 0x00, 0x00, 0x00, 0x00,
  0x00, 0x00, 0x00, 0x00, 0x00, 0x00, 0x00, 0x00, 0x00, 0x00, 0x00, 0x00,
  0x00, 0x00, 0x00, 0x00, 0x00, 0x00, 0x00, 0x00, 0x00, 0x00, 0x00, 0x00,
  0x00, 0x00, 0x00, 0x00, 0x00, 0x00, 0x00, 0x00, 0x00, 0x00, 0x00, 0x00,
  0x00, 0x00, 0x00, 0x00, 0x00, 0x00, 0x00, 0x00, 0x00, 0x00, 0x00, 0x00,
  0x00, 0x00, 0x00, 0x00, 0x00, 0x00, 0x00, 0x00, 0x00, 0x00, 0x00, 0x00,
  0x00, 0x00, 0x00, 0x00, 0x00, 0x00, 0x00, 0x00, 0x00, 0x00, 0x00, 0x00,
  0x00, 0x00, 0x00, 0x00, 0x00, 0x00, 0x00, 0x00, 0x00, 0x00, 0x00, 0x00,
  0x00, 0x00, 0x00, 0x00, 0x00, 0x00, 0x00, 0x00, 0x00, 0x00, 0x00, 0x00,
  0x00, 0x00, 0x00, 0x00, 0x00, 0x00, 0x00, 0x00, 0x00, 0x00, 0x00, 0x00,
  0x00, 0x00, 0x00, 0x00, 0x00, 0x00, 0x00, 0x00, 0x00, 0x00, 0x00, 0x00,
  0x00, 0x00, 0x00, 0x00, 0x00, 0x00, 0x00, 0x00, 0x00, 0x00, 0x00, 0x00,
  0x00, 0x00, 0x00, 0x00, 0x00, 0x00, 0x00, 0x00, 0x00, 0x00, 0x00, 0x00,
  0x00, 0x00, 0x00, 0x00, 0x00, 0x00, 0x00, 0x00, 0x00, 0x00, 0x00, 0x00,
  0x00, 0x00, 0x00, 0x00, 0x00, 0x00, 0x00, 0x00, 0x00, 0x00, 0x00, 0x00,
  0x00, 0x00, 0x00, 0x00, 0x00, 0x00, 0x00, 0x00, 0x00, 0x00, 0x00, 0x00,
  0x00, 0x00, 0x00, 0x00, 0x00, 0x00, 0x00, 0x00, 0x00, 0x00, 0x00, 0x00,
  0x00, 0x00, 0x00, 0x00, 0x00, 0x00, 0x00, 0x00, 0x00, 0x00, 0x00, 0x00,
  0x00, 0x00, 0x00, 0x00, 0x00, 0x00, 0x00, 0x00, 0x00, 0x00, 0x00, 0x00,
  0x00, 0x00, 0x00, 0x00, 0x00, 0x00, 0x00, 0x00, 0x00, 0x00, 0x00, 0x00,
  0x00, 0x00, 0x00, 0x00, 0x00, 0x00, 0x00, 0x00, 0x00, 0x00, 0x00, 0x00,
  0x00, 0x00, 0x00, 0x00, 0x00, 0x00, 0x00, 0x00, 0x00, 0x00, 0x00, 0x00,
  0x00, 0x00, 0x00, 0x00, 0x00, 0x00, 0x00, 0x00, 0x00, 0x00, 0x00, 0x00,
  0x00, 0x00, 0x00, 0x00, 0x00, 0x00, 0x00, 0x00, 0x00, 0x00, 0x00, 0x00,
  0x00, 0x00, 0x00, 0x00, 0x00, 0x00, 0x00, 0x00, 0x00, 0x00, 0x00, 0x00,
  0x00, 0x00, 0x00, 0x00, 0x00, 0x00, 0x00, 0x00, 0x00, 0x00, 0x00, 0x00,
  0x00, 0x00, 0x00, 0x00, 0x00, 0x00, 0x00, 0x00, 0x00, 0x00, 0x00, 0x00,
  0x00, 0x00, 0x00, 0x00, 0x00, 0x00, 0x00, 0x00, 0x00, 0x00, 0x00, 0x00,
  0x00, 0x00, 0x00, 0x00, 0x00, 0x00, 0x00, 0x00, 0x00, 0x00, 0x00, 0x00,
  0x00, 0x00, 0x00, 0x00, 0x00, 0x00, 0x00, 0x00, 0x00, 0x00, 0x00, 0x00,
  0xff, 0xff, 0xff, 0xff, 0xff, 0xff, 0x02, 0x00, 0x00, 0x54, 0x45, 0x53,
  0x88, 0xb5, 0x4e, 0x45, 0x54, 0x50, 0x52, 0x4f, 0x42, 0x45, 0x00, 0x00,
  0x00, 0x00, 0x00, 0x00, 0x00, 0x00, 0x00, 0x00, 0x00, 0x00, 0x00, 0x00,
  0x00, 0x00, 0x00, 0x00, 0x00, 0x00, 0x00, 0x00, 0x00, 0x00, 0x00, 0x00,
  0x00, 0x00, 0x00, 0x00, 0x00, 0x00, 0x00, 0x00, 0x00, 0x00, 0x00, 0x00,
  0x00, 0x00, 0x00, 0x00, 0x00, 0x00, 0x00, 0x00, 0x00, 0x00, 0x00, 0x00,
  0x00, 0x00, 0x00, 0x00, 0x01, 0x00, 0x00, 0x00, 0x00, 0x00, 0x00, 0x00,
  0x00, 0x00, 0x00, 0x00, 0x04, 0x00, 0xf1, 0xff, 0x0c, 0x00, 0x00, 0x00,
  0x20, 0x30, 0x00, 0x08, 0x3c, 0x00, 0x00, 0x00, 0x01, 0x00, 0x03, 0x00,
  0x18, 0x00, 0x00, 0x00, 0x27, 0x00, 0x00, 0x08, 0x1b, 0x00, 0x00, 0x00,
  0x02, 0x00, 0x01, 0x00, 0x1e, 0x00, 0x00, 0x00, 0x42, 0x00, 0x00, 0x08,
  0x1b, 0x00, 0x00, 0x00, 0x02, 0x00, 0x01, 0x00, 0x24, 0x00, 0x00, 0x00,
  0x5d, 0x00, 0x00, 0x08, 0x28, 0x00, 0x00, 0x00, 0x02, 0x00, 0x01, 0x00,
  0x2c, 0x00, 0x00, 0x00, 0x85, 0x00, 0x00, 0x08, 0xbf, 0x01, 0x00, 0x00,
  0x02, 0x00, 0x01, 0x00, 0x3a, 0x00, 0x00, 0x00, 0x00, 0x00, 0x00, 0x00,
  0x00, 0x00, 0x00, 0x00, 0x04, 0x00, 0xf1, 0xff, 0x41, 0x00, 0x00, 0x00,
  0x57, 0x07, 0x00, 0x08, 0x38, 0x00, 0x00, 0x00, 0x02, 0x00, 0x01, 0x00,
  0x4b, 0x00, 0x00, 0x00, 0x8f, 0x07, 0x00, 0x08, 0x55, 0x00, 0x00, 0x00,
  0x02, 0x00, 0x01, 0x00, 0x52, 0x00, 0x00, 0x00, 0xe4, 0x07, 0x00, 0x08,
  0x2e, 0x00, 0x00, 0x00, 0x02, 0x00, 0x01, 0x00, 0x5a, 0x00, 0x00, 0x00,
  0x12, 0x08, 0x00, 0x08, 0x93, 0x00, 0x00, 0x00, 0x02, 0x00, 0x01, 0x00,
  0x64, 0x00, 0x00, 0x00, 0xa5, 0x08, 0x00, 0x08, 0x9d, 0x00, 0x00, 0x00,
  0x02, 0x00, 0x01, 0x00, 0x6d, 0x00, 0x00, 0x00, 0x0c, 0x22, 0x00, 0x08,
  0x11, 0x00, 0x00, 0x00, 0x01, 0x00, 0x02, 0x00, 0x76, 0x00, 0x00, 0x00,
  0x00, 0x40, 0x00, 0x08, 0x00, 0x40, 0x00, 0x00, 0x01, 0x00, 0x04, 0x00,
  0x7b, 0x00, 0x00, 0x00, 0x00, 0x80, 0x00, 0x08, 0x04, 0x00, 0x00, 0x00,
  0x01, 0x00, 0x04, 0x00, 0x85, 0x00, 0x00, 0x00, 0x53, 0x06, 0x00, 0x08,
  0x24, 0x00, 0x00, 0x00, 0x12, 0x00, 0x01, 0x00, 0x8d, 0x00, 0x00, 0x00,
  0x8a, 0x0d, 0x00, 0x08, 0x30, 0x00, 0x00, 0x00, 0x12, 0x00, 0x01, 0x00,
  0x94, 0x00, 0x00, 0x00, 0x7a, 0x04, 0x00, 0x08, 0x10, 0x00, 0x00, 0x00,
  0x12, 0x00, 0x01, 0x00, 0x9a, 0x00, 0x00, 0x00, 0x9c, 0x04, 0x00, 0x08,
  0x13, 0x00, 0x00, 0x00, 0x12, 0x00, 0x01, 0x00, 0xa2, 0x00, 0x00, 0x00,
  0x77, 0x06, 0x00, 0x08, 0x28, 0x00, 0x00, 0x00, 0x12, 0x00, 0x01, 0x00,
  0xa8, 0x00, 0x00, 0x00, 0x6b, 0x04, 0x00, 0x08, 0x0f, 0x00, 0x00, 0x00,
  0x12, 0x00, 0x01, 0x00, 0x7c, 0x01, 0x00, 0x00, 0xaa, 0x0c, 0x00, 0x08,
  0x23, 0x00, 0x00, 0x00, 0x12, 0x00, 0x01, 0x00, 0xaf, 0x00, 0x00, 0x00,
  0xea, 0x03, 0x00, 0x08, 0x13, 0x00, 0x00, 0x00, 0x12, 0x00, 0x01, 0x00,
  0xb8, 0x00, 0x00, 0x00, 0x82, 0x0e, 0x00, 0x08, 0x7d, 0x00, 0x00, 0x00,
  0x12, 0x00, 0x01, 0x00, 0xc0, 0x00, 0x00, 0x00, 0x00, 0x00, 0x00, 0x08,
  0x00, 0x00, 0x00, 0x00, 0x10, 0x00, 0x01, 0x00, 0xd2, 0x00, 0x00, 0x00,
  0x21, 0x06, 0x00, 0x08, 0x19, 0x00, 0x00, 0x00, 0x12, 0x00, 0x01, 0x00,
  0xda, 0x00, 0x00, 0x00, 0x00, 0x40, 0x00, 0x08, 0x00, 0x00, 0x00, 0x00,
  0x10, 0x00, 0x04, 0x00, 0xeb, 0x00, 0x00, 0x00, 0x4d, 0x04, 0x00, 0x08,
  0x0f, 0x00, 0x00, 0x00, 0x12, 0x00, 0x01, 0x00, 0xf2, 0x00, 0x00, 0x00,
  0x04, 0x80, 0x00, 0x08, 0x00, 0x00, 0x00, 0x00, 0x10, 0x00, 0x04, 0x00,
  0x01, 0x01, 0x00, 0x00, 0x45, 0x0e, 0x00, 0x08, 0x3d, 0x00, 0x00, 0x00,
  0x12, 0x00, 0x01, 0x00, 0x08, 0x01, 0x00, 0x00, 0xf6, 0x06, 0x00, 0x08,
  0x61, 0x00, 0x00, 0x00, 0x12, 0x00, 0x01, 0x00, 0x11, 0x01, 0x00, 0x00,
  0x9f, 0x06, 0x00, 0x08, 0x28, 0x00, 0x00, 0x00, 0x12, 0x00, 0x01, 0x00,
  0x16, 0x01, 0x00, 0x00, 0x5c, 0x04, 0x00, 0x08, 0x0f, 0x00, 0x00, 0x00,
  0x12, 0x00, 0x01, 0x00, 0x1d, 0x01, 0x00, 0x00, 0xdb, 0x05, 0x00, 0x08,
  0x18, 0x00, 0x00, 0x00, 0x12, 0x00, 0x01, 0x00, 0x24, 0x01, 0x00, 0x00,
  0x22, 0x10, 0x00, 0x08, 0x52, 0x00, 0x00, 0x00, 0x12, 0x00, 0x01, 0x00,
  0x2b, 0x01, 0x00, 0x00, 0x8a, 0x05, 0x00, 0x08, 0x13, 0x00, 0x00, 0x00,
  0x12, 0x00, 0x01, 0x00, 0x31, 0x01, 0x00, 0x00, 0x28, 0x05, 0x00, 0x08,
  0x1a, 0x00, 0x00, 0x00, 0x12, 0x00, 0x01, 0x00, 0x39, 0x01, 0x00, 0x00,
  0x7a, 0x10, 0x00, 0x08, 0x00, 0x00, 0x00, 0x00, 0x10, 0x00, 0x01, 0x00,
  0x49, 0x01, 0x00, 0x00, 0x5c, 0x05, 0x00, 0x08, 0x1b, 0x00, 0x00, 0x00,
  0x12, 0x00, 0x01, 0x00, 0x4f, 0x01, 0x00, 0x00, 0x04, 0x30, 0x00, 0x08,
  0x00, 0x00, 0x00, 0x00, 0x10, 0x00, 0x03, 0x00, 0x61, 0x01, 0x00, 0x00,
  0xaf, 0x04, 0x00, 0x08, 0x19, 0x00, 0x00, 0x00, 0x12, 0x00, 0x01, 0x00,
  0x67, 0x01, 0x00, 0x00, 0xc8, 0x04, 0x00, 0x08, 0x1a, 0x00, 0x00, 0x00,
  0x12, 0x00, 0x01, 0x00, 0x6d, 0x01, 0x00, 0x00, 0x8a, 0x04, 0x00, 0x08,
  0x12, 0x00, 0x00, 0x00, 0x12, 0x00, 0x01, 0x00, 0x76, 0x01, 0x00, 0x00,
  0xf3, 0x05, 0x00, 0x08, 0x13, 0x00, 0x00, 0x00, 0x12, 0x00, 0x01, 0x00,
  0x7b, 0x01, 0x00, 0x00, 0x42, 0x09, 0x00, 0x08, 0x68, 0x03, 0x00, 0x00,
  0x12, 0x00, 0x01, 0x00, 0x83, 0x01, 0x00, 0x00, 0xc8, 0x05, 0x00, 0x08,
  0x13, 0x00, 0x00, 0x00, 0x12, 0x00, 0x01, 0x00, 0x89, 0x01, 0x00, 0x00,
  0x06, 0x06, 0x00, 0x08, 0x1b, 0x00, 0x00, 0x00, 0x12, 0x00, 0x01, 0x00,
  0x5a, 0x01, 0x00, 0x00, 0x00, 0x00, 0x00, 0x08, 0x00, 0x00, 0x00, 0x00,
  0x10, 0x00, 0x01, 0x00, 0x92, 0x01, 0x00, 0x00, 0x00, 0x20, 0x00, 0x08,
  0x00, 0x00, 0x00, 0x00, 0x10, 0x00, 0x02, 0x00, 0xa6, 0x01, 0x00, 0x00,
  0xe2, 0x04, 0x00, 0x08, 0x1a, 0x00, 0x00, 0x00, 0x12, 0x00, 0x01, 0x00,
  0xab, 0x01, 0x00, 0x00, 0x33, 0x0d, 0x00, 0x08, 0x57, 0x00, 0x00, 0x00,
  0x12, 0x00, 0x01, 0x00, 0xb3, 0x01, 0x00, 0x00, 0xba, 0x0d, 0x00, 0x08,
  0x5d, 0x00, 0x00, 0x00, 0x12, 0x00, 0x01, 0x00, 0xbb, 0x01, 0x00, 0x00,
  0x9d, 0x05, 0x00, 0x08, 0x13, 0x00, 0x00, 0x00, 0x12, 0x00, 0x01, 0x00,
  0xc2, 0x01, 0x00, 0x00, 0x2d, 0x0f, 0x00, 0x08, 0x55, 0x00, 0x00, 0x00,
  0x12, 0x00, 0x01, 0x00, 0xc9, 0x01, 0x00, 0x00, 0xff, 0x0e, 0x00, 0x08,
  0x2e, 0x00, 0x00, 0x00, 0x12, 0x00, 0x01, 0x00, 0xd0, 0x01, 0x00, 0x00,
  0x44, 0x02, 0x00, 0x08, 0xa6, 0x01, 0x00, 0x00, 0x12, 0x00, 0x01, 0x00,
  0xd5, 0x01, 0x00, 0x00, 0x5c, 0x30, 0x00, 0x08, 0x00, 0x00, 0x00, 0x00,
  0x10, 0x00, 0x03, 0x00, 0xe5, 0x01, 0x00, 0x00, 0xc7, 0x06, 0x00, 0x08,
  0x2f, 0x00, 0x00, 0x00, 0x12, 0x00, 0x01, 0x00, 0xed, 0x01, 0x00, 0x00,
  0xf4, 0x0c, 0x00, 0x08, 0x3f, 0x00, 0x00, 0x00, 0x12, 0x00, 0x01, 0x00,
  0xf4, 0x01, 0x00, 0x00, 0x3a, 0x06, 0x00, 0x08, 0x19, 0x00, 0x00, 0x00,
  0x12, 0x00, 0x01, 0x00, 0xf9, 0x01, 0x00, 0x00, 0xb0, 0x05, 0x00, 0x08,
  0x18, 0x00, 0x00, 0x00, 0x12, 0x00, 0x01, 0x00, 0x00, 0x02, 0x00, 0x00,
  0xfd, 0x03, 0x00, 0x08, 0x1c, 0x00, 0x00, 0x00, 0x12, 0x00, 0x01, 0x00,
  0x27, 0x00, 0x00, 0x00, 0x42, 0x05, 0x00, 0x08, 0x1a, 0x00, 0x00, 0x00,
  0x12, 0x00, 0x01, 0x00, 0x09, 0x02, 0x00, 0x00, 0x1d, 0x22, 0x00, 0x08,
  0x00, 0x00, 0x00, 0x00, 0x10, 0x00, 0x02, 0x00, 0x1b, 0x02, 0x00, 0x00,
  0x39, 0x04, 0x00, 0x08, 0x14, 0x00, 0x00, 0x00, 0x12, 0x00, 0x01, 0x00,
  0x20, 0x02, 0x00, 0x00, 0x82, 0x0f, 0x00, 0x08, 0xa0, 0x00, 0x00, 0x00,
  0x12, 0x00, 0x01, 0x00, 0x25, 0x02, 0x00, 0x00, 0xcd, 0x0c, 0x00, 0x08,
  0x27, 0x00, 0x00, 0x00, 0x12, 0x00, 0x01, 0x00, 0x2c, 0x02, 0x00, 0x00,
  0xfc, 0x04, 0x00, 0x08, 0x19, 0x00, 0x00, 0x00, 0x12, 0x00, 0x01, 0x00,
  0x31, 0x02, 0x00, 0x00, 0x17, 0x0e, 0x00, 0x08, 0x2e, 0x00, 0x00, 0x00,
  0x12, 0x00, 0x01, 0x00, 0x38, 0x02, 0x00, 0x00, 0x77, 0x05, 0x00, 0x08,
  0x13, 0x00, 0x00, 0x00, 0x12, 0x00, 0x01, 0x00, 0x3e, 0x02, 0x00, 0x00,
  0x19, 0x04, 0x00, 0x08, 0x20, 0x00, 0x00, 0x00, 0x12, 0x00, 0x01, 0x00,
  0x47, 0x02, 0x00, 0x00, 0x15, 0x05, 0x00, 0x08, 0x13, 0x00, 0x00, 0x00,
  0x12, 0x00, 0x01, 0x00, 0x4d, 0x02, 0x00, 0x00, 0x74, 0x10, 0x00, 0x08,
  0x06, 0x00, 0x00, 0x00, 0x12, 0x00, 0x01, 0x00, 0x00, 0x6e, 0x65, 0x74,
  0x70, 0x72, 0x6f, 0x62, 0x65, 0x2e, 0x63, 0x00, 0x70, 0x72, 0x6f, 0x62,
  0x65, 0x5f, 0x66, 0x72, 0x61, 0x6d, 0x65, 0x00, 0x6e, 0x65, 0x74, 0x72,
  0x78, 0x00, 0x6e, 0x65, 0x74, 0x74, 0x78, 0x00, 0x6e, 0x65, 0x74, 0x73,
  0x74, 0x61, 0x74, 0x00, 0x6e, 0x65, 0x74, 0x73, 0x74, 0x61, 0x74, 0x5f,
  0x70, 0x72, 0x6f, 0x62, 0x65, 0x00, 0x6c, 0x69, 0x62, 0x63, 0x2e, 0x63,
  0x00, 0x6f, 0x75, 0x74, 0x5f, 0x66, 0x6c, 0x75, 0x73, 0x68, 0x00, 0x6f,
  0x75, 0x74, 0x5f, 0x63, 0x68, 0x00, 0x6f, 0x75, 0x74, 0x5f, 0x73, 0x74,
  0x72, 0x00, 0x63, 0x6f, 0x6e, 0x76, 0x5f, 0x75, 0x64, 0x65, 0x63, 0x00,
  0x63, 0x6f, 0x6e, 0x76, 0x5f, 0x68, 0x65, 0x78, 0x00, 0x64, 0x69, 0x67,
  0x69, 0x74, 0x73, 0x2e, 0x30, 0x00, 0x68, 0x65, 0x61, 0x70, 0x00, 0x68,
  0x65, 0x61, 0x70, 0x5f, 0x75, 0x73, 0x65, 0x64, 0x00, 0x70, 0x75, 0x74,
  0x63, 0x68, 0x61, 0x72, 0x00, 0x73, 0x74, 0x72, 0x63, 0x70, 0x79, 0x00,
  0x79, 0x69, 0x65, 0x6c, 0x64, 0x00, 0x77, 0x61, 0x69, 0x74, 0x70, 0x69,
  0x64, 0x00, 0x70, 0x72, 0x69, 0x6e, 0x74, 0x00, 0x67, 0x65, 0x74, 0x67,
  0x69, 0x64, 0x00, 0x73, 0x79, 0x73, 0x63, 0x61, 0x6c, 0x6c, 0x30, 0x00,
  0x6d, 0x65, 0x6d, 0x6d, 0x6f, 0x76, 0x65, 0x00, 0x5f, 0x5f, 0x75, 0x73,
  0x65, 0x72, 0x5f, 0x74, 0x65, 0x78, 0x74, 0x5f, 0x73, 0x74, 0x61, 0x72,
  0x74, 0x00, 0x70, 0x69, 0x70, 0x65, 0x5f, 0x6f, 0x70, 0x00, 0x5f, 0x5f,
  0x75, 0x73, 0x65, 0x72, 0x5f, 0x62, 0x73, 0x73, 0x5f, 0x73, 0x74, 0x61,
  0x72, 0x74, 0x00, 0x67, 0x65, 0x74, 0x70, 0x69, 0x64, 0x00, 0x5f, 0x5f,
  0x75, 0x73, 0x65, 0x72, 0x5f, 0x62, 0x73, 0x73, 0x5f, 0x65, 0x6e, 0x64,
  0x00, 0x6d, 0x65, 0x6d, 0x63, 0x70, 0x79, 0x00, 0x72, 0x65, 0x61, 0x64,
  0x6c, 0x69, 0x6e, 0x65, 0x00, 0x70, 0x75, 0x74, 0x73, 0x00, 0x67, 0x65,
  0x74, 0x75, 0x69, 0x64, 0x00, 0x70, 0x73, 0x69, 0x6e, 0x66, 0x6f, 0x00,
  0x6d, 0x61, 0x6c, 0x6c, 0x6f, 0x63, 0x00, 0x72, 0x6d, 0x64, 0x69, 0x72,
  0x00, 0x72, 0x65, 0x61, 0x64, 0x64, 0x69, 0x72, 0x00, 0x5f, 0x5f, 0x75,
  0x73, 0x65, 0x72, 0x5f, 0x74, 0x65, 0x78, 0x74, 0x5f, 0x65, 0x6e, 0x64,
  0x00, 0x6c, 0x73, 0x65, 0x65, 0x6b, 0x00, 0x5f, 0x5f, 0x75, 0x73, 0x65,
  0x72, 0x5f, 0x64, 0x61, 0x74, 0x61, 0x5f, 0x73, 0x74, 0x61, 0x72, 0x74,
  0x00, 0x73, 0x70, 0x61, 0x77, 0x6e, 0x00, 0x77, 0x72, 0x69, 0x74, 0x65,
  0x00, 0x73, 0x6c, 0x65, 0x65, 0x70, 0x5f, 0x6d, 0x73, 0x00, 0x6b, 0x69,
  0x6c, 0x6c, 0x00, 0x76, 0x70, 0x72, 0x69, 0x6e, 0x74, 0x66, 0x00, 0x63,
  0x68, 0x64, 0x69, 0x72, 0x00, 0x72, 0x65, 0x64, 0x69, 0x72, 0x65, 0x63,
  0x74, 0x00, 0x5f, 0x5f, 0x75, 0x73, 0x65, 0x72, 0x5f, 0x72, 0x6f, 0x64,
  0x61, 0x74, 0x61, 0x5f, 0x73, 0x74, 0x61, 0x72, 0x74, 0x00, 0x72, 0x65,
  0x61, 0x64, 0x00, 0x73, 0x74, 0x72, 0x6e, 0x63, 0x6d, 0x70, 0x00, 0x73,
  0x74, 0x72, 0x6e, 0x63, 0x70, 0x79, 0x00, 0x75, 0x6e, 0x6c, 0x69, 0x6e,
  0x6b, 0x00, 0x6d, 0x65, 0x6d, 0x63, 0x6d, 0x70, 0x00, 0x6d, 0x65, 0x6d,
  0x73, 0x65, 0x74, 0x00, 0x6d, 0x61, 0x69, 0x6e, 0x00, 0x5f, 0x5f, 0x75,
  0x73, 0x65, 0x72, 0x5f, 0x64, 0x61, 0x74, 0x61, 0x5f, 0x65, 0x6e, 0x64,
  0x00, 0x67, 0x65, 0x74, 0x63, 0x68, 0x61, 0x72, 0x00, 0x73, 0x74, 0x72,
  0x63, 0x6d, 0x70, 0x00, 0x63, 0x72, 0x65, 0x64, 0x00, 0x67, 0x65, 0x74,
  0x63, 0x77, 0x64, 0x00, 0x73, 0x79, 0x73, 0x63, 0x61, 0x6c, 0x6c, 0x31,
  0x00, 0x5f, 0x5f, 0x75, 0x73, 0x65, 0x72, 0x5f, 0x72, 0x6f, 0x64, 0x61,
  0x74, 0x61, 0x5f, 0x65, 0x6e, 0x64, 0x00, 0x65, 0x78, 0x69, 0x74, 0x00,
  0x61, 0x74, 0x6f, 0x69, 0x00, 0x73, 0x74, 0x72, 0x6c, 0x65, 0x6e, 0x00,
  0x6f, 0x70, 0x65, 0x6e, 0x00, 0x73, 0x74, 0x72, 0x63, 0x68, 0x72, 0x00,
  0x6d, 0x6b, 0x64, 0x69, 0x72, 0x00, 0x73, 0x79, 0x73, 0x63, 0x61, 0x6c,
  0x6c, 0x33, 0x00, 0x63, 0x6c, 0x6f, 0x73, 0x65, 0x00, 0x66, 0x72, 0x65,
  0x65, 0x00, 0x00, 0x2e, 0x73, 0x79, 0x6d, 0x74, 0x61, 0x62, 0x00, 0x2e,
  0x73, 0x74, 0x72, 0x74, 0x61, 0x62, 0x00, 0x2e, 0x73, 0x68, 0x73, 0x74,
  0x72, 0x74, 0x61, 0x62, 0x00, 0x2e, 0x74, 0x65, 0x78, 0x74, 0x00, 0x2e,
  0x72, 0x6f, 0x64, 0x61, 0x74, 0x61, 0x00, 0x2e, 0x64, 0x61, 0x74, 0x61,
  0x00, 0x2e, 0x62, 0x73, 0x73, 0x00, 0x00, 0x00, 0x00, 0x00, 0x00, 0x00,
  0x00, 0x00, 0x00, 0x00, 0x00, 0x00, 0x00, 0x00, 0x00, 0x00, 0x00, 0x00,
  0x00, 0x00, 0x00, 0x00, 0x00, 0x00, 0x00, 0x00, 0x00, 0x00, 0x00, 0x00,
  0x00, 0x00, 0x00, 0x00, 0x00, 0x00, 0x00, 0x00, 0x00, 0x00, 0x00, 0x00,
  0x1b, 0x00, 0x00, 0x00, 0x01, 0x00, 0x00, 0x00, 0x06, 0x00, 0x00, 0x00,
  0x00, 0x00, 0x00, 0x08, 0x00, 0x10, 0x00, 0x00, 0x7a, 0x10, 0x00, 0x00,
  0x00, 0x00, 0x00, 0x00, 0x00, 0x00, 0x00, 0x00, 0x01, 0x00, 0x00, 0x00,
  0x00, 0x00, 0x00, 0x00, 0x21, 0x00, 0x00, 0x00, 0x01, 0x00, 0x00, 0x00,
  0x02, 0x00, 0x00, 0x00, 0x00, 0x20, 0x00, 0x08, 0x00, 0x30, 0x00, 0x00,
  0x1d, 0x02, 0x00, 0x00, 0x00, 0x00, 0x00, 0x00, 0x00, 0x00, 0x00, 0x00,
  0x04, 0x00, 0x00, 0x00, 0x00, 0x00, 0x00, 0x00, 0x29, 0x00, 0x00, 0x00,
  0x01, 0x00, 0x00, 0x00, 0x03, 0x00, 0x00, 0x00, 0x00, 0x30, 0x00, 0x08,
  0x00, 0x40, 0x00, 0x00, 0x5c, 0x00, 0x00, 0x00, 0x00, 0x00, 0x00, 0x00,
  0x00, 0x00, 0x00, 0x00, 0x20, 0x00, 0x00, 0x00, 0x00, 0x00, 0x00, 0x00,
  0x2f, 0x00, 0x00, 0x00, 0x08, 0x00, 0x00, 0x00, 0x03, 0x00, 0x00, 0x00,
  0x00, 0x40, 0x00, 0x08, 0x5c, 0x40, 0x00, 0x00, 0x04, 0x40, 0x00, 0x00,
  0x00, 0x00, 0x00, 0x00, 0x00, 0x00, 0x00, 0x00, 0x08, 0x00, 0x00, 0x00,
  0x00, 0x00, 0x00, 0x00, 0x01, 0x00, 0x00, 0x00, 0x02, 0x00, 0x00, 0x00,
  0x00, 0x00, 0x00, 0x00, 0x00, 0x00, 0x00, 0x00, 0x5c, 0x40, 0x00, 0x00,
  0xa0, 0x04, 0x00, 0x00, 0x06, 0x00, 0x00, 0x00, 0x10, 0x00, 0x00, 0x00,
  0x04, 0x00, 0x00, 0x00, 0x10, 0x00, 0x00, 0x00, 0x09, 0x00, 0x00, 0x00,
  0x03, 0x00, 0x00, 0x00, 0x00, 0x00, 0x00, 0x00, 0x00, 0x00, 0x00, 0x00,
  0xfc, 0x44, 0x00, 0x00, 0x52, 0x02, 0x00, 0x00, 0x00, 0x00, 0x00, 0x00,
  0x00, 0x00, 0x00, 0x00, 0x01, 0x00, 0x00, 0x00, 0x00, 0x00, 0x00, 0x00,
  0x11, 0x00, 0x00, 0x00, 0x03, 0x00, 0x00, 0x00, 0x00, 0x00, 0x00, 0x00,
  0x00, 0x00, 0x00, 0x00, 0x4e, 0x47, 0x00, 0x00, 0x34, 0x00, 0x00, 0x00,
  0x00, 0x00, 0x00, 0x00, 0x00, 0x00, 0x00, 0x00, 0x01, 0x00, 0x00, 0x00,
  0x00, 0x00, 0x00, 0x00, 0x54, 0x49, 0x4e, 0x59, 0x4f, 0x53, 0x5f, 0x53,
  0x49, 0x47, 0x5f, 0x56, 0x31, 0x00, 0x00, 0x00, 0xc4, 0x48, 0x00, 0x00,
  0xc4, 0x48, 0x00, 0x00, 0x4f, 0x2e, 0xbe, 0x10, 0x9f, 0xcb, 0x93, 0x06,
  0x66, 0x1e, 0x95, 0x36, 0x6b, 0x42, 0xe9, 0x9b, 0x13, 0x24, 0x85, 0x28,
  0x8a, 0x16, 0x9b, 0x34, 0xc2, 0x01, 0xf7, 0xa8, 0x4e, 0x93, 0xf3, 0x89,
  0xa5, 0xd4, 0xc6, 0x0f, 0x58, 0x50, 0x9c, 0x68, 0xab, 0x99, 0x96, 0x05,
  0xdf, 0x52, 0x83, 0x8b, 0x8f, 0xd9, 0x3e, 0xb6, 0xfc, 0x05, 0xc9, 0x97,
  0xcd, 0x5b, 0x96, 0x54, 0xe8, 0xbf, 0x88, 0x2d, 0x59, 0x83, 0xba, 0xc9,
  0x54, 0x4c, 0x7e, 0x5d, 0x59, 0x2e, 0x8a, 0x6b, 0x03, 0x25, 0xb3, 0x5a,
  0xc3, 0xb7, 0x30, 0xb0, 0xc0, 0x2b, 0xb2, 0xba, 0xab, 0x06, 0x10, 0xa4,
  0x7e, 0x20, 0x52, 0x5d, 0x76, 0xc8, 0xfb, 0xa5, 0x6a, 0x7b, 0x1e, 0x6c,
  0x7b, 0x1d, 0x9b, 0xc8, 0x0c, 0xd3, 0xb4, 0x09, 0x81, 0x83, 0xbe, 0x53,
  0x9e, 0xbb, 0xfc, 0xca, 0xef, 0x12, 0x8b, 0x27, 0xe0, 0xd8, 0xbc, 0x6b,
  0xd0, 0x2f, 0x56, 0x93, 0xe3, 0x83, 0x57, 0x73, 0x81, 0xe8, 0xa9, 0xd4,
  0x2a, 0x10, 0xcd, 0xe0, 0x64, 0xcf, 0x67, 0xfd, 0xe6, 0xe4, 0xa5, 0x66,
  0x3b, 0x23, 0x58, 0xce, 0x10, 0x9d, 0x65, 0x88,
};
const unsigned int netprobe_elf_data_len = 18812;
