/*============================================================================= 
 * SECURITY FIX (AUDIT 5): W^X Violation - Enforce Read-Only ELF Data 
 *============================================================================= 
 * Making embedded ELF read-only to prevent code modification attacks. 
 *===========================================================================*/ 

const unsigned char shell_elf_data[] = {
  0x7f, 0x45, 0x4c, 0x46, 0x01, 0x01, 0x01, 0x00, 0x00, 0x00, 0x00, 0x00,
  0x00, 0x00, 0x00, 0x00, 0x02, 0x00, 0x03, 0x00, 0x01, 0x00, 0x00, 0x00,
  0x00, 0x00, 0x00, 0x08, 0x34, 0x00, 0x00, 0x00, 0xec, 0x47, 0x00, 0x00,
  0x00, 0x00, 0x00, 0x00, 0x34, 0x00, 0x20, 0x00, 0x03, 0x00, 0x28, 0x00,
  0x08, 0x00, 0x07, 0x00, 0x01, 0x00, 0x00, 0x00, 0x00, 0x10, 0x00, 0x00,
  0x00, 0x00, 0x00, 0x08, 0x00, 0x00, 0x00, 0x08, 0xc2, 0x19, 0x00, 0x00,
  0xc2, 0x19, 0x00, 0x00, 0x05, 0x00, 0x00, 0x00, 0x00, 0x10, 0x00, 0x00,
  0x01, 0x00, 0x00, 0x00, 0x00, 0x30, 0x00, 0x00, 0x00, 0x20, 0x00, 0x08,
  0x00, 0x20, 0x00, 0x08, 0x71, 0x05, 0x00, 0x00, 0x71, 0x05, 0x00, 0x00,
  0x04, 0x00, 0x00, 0x00, 0x00, 0x10, 0x00, 0x00, 0x01, 0x00, 0x00, 0x00,
  0x00, 0x40, 0x00, 0x00, 0x00, 0x30, 0x00, 0x08, 0x00, 0x30, 0x00, 0x08,
  0x04, 0x00, 0x00, 0x00, 0x04, 0x50, 0x00, 0x00, 0x06, 0x00, 0x00, 0x00,
  0x00, 0x10, 0x00, 0x00, 0x00, 0x00, 0x00, 0x00, 0x00, 0x00, 0x00, 0x00,
  0x00, 0x00, 0x00, 0x00, 0x00, 0x00, 0x00, 0x00, 0x00, 0x00, 0x00, 0x00,
  0x00, 0x00, 0x00, 0x00, 0x00, 0x00, 0x00, 0x00, 0x00, 0x00, 0x00, 0x00,
  0x00, 0x00, 0x00, 0x00, 0x00, 0x00, 0x00, 0x00, 0x00, 0x00, 0x00, 0x00,
  0x00, 0x00, 0x00, 0x00, 0x00, 0x00, 0x00, 0x00, 0x00, 0x00, 0x00, 0x00,
  0x00, 0x00, 0x00, 0x00, 0x00, 0x00, 0x00, 0x00, 0x00, 0x00, 0x00, 0x00,
  0x00, 0x00, 0x00, 0x00, 0x00, 0x00, 0x00, 0x00, 0x00, 0x00, 0x00, 0x00,
  0x00, 0x00, 0x00, 0x00, 0x00, 0x00, 0x00, 0x00, 0x00, 0x00, 0x00, 0x00,
  0x00, 0x00, 0x00, 0x00, 0x00, 0x00, 0x00, 0x00, 0x00, 0x00, 0x00, 0x00,
  0x00, 0x00, 0x00, 0x00, 0x00, 0x00, 0x00, 0x00, 0x00, 0x00, 0x00, 0x00,
  0x00, 0x00, 0x00, 0x00, 0x00, 0x00, 0x00, 0x00, 0x00, 0x00, 0x00, 0x00,
  0x00, 0x00, 0x00, 0x00, 0x00, 0x00, 0x00, 0x00, 0x00, 0x00, 0x00, 0x00,
  0x00, 0x00, 0x00, 0x00, 0x00, 0x00, 0x00, 0x00, 0x00, 0x00, 0x00, 0x00,
  0x00, 0x00, 0x00, 0x00, 0x00, 0x00, 0x00, 0x00, 0x00, 0x00, 0x00, 0x00,
  0x00, 0x00, 0x00, 0x00, 0x00, 0x00, 0x00, 0x00, 0x00, 0x00, 0x00, 0x00,
  0x00, 0x00, 0x00, 0x00, 0x00, 0x00, 0x00, 0x00, 0x00, 0x00, 0x00, 0x00,
  0x00, 0x00, 0x00, 0x00, 0x00, 0x00, 0x00, 0x00, 0x00, 0x00, 0x00, 0x00,
  0x00, 0x00, 0x00, 0x00, 0x00, 0x00, 0x00, 0x00, 0x00, 0x00, 0x00, 0x00,
  0x00, 0x00, 0x00, 0x00, 0x00, 0x00, 0x00, 0x00, 0x00, 0x00, 0x00, 0x00,
  0x00, 0x00, 0x00, 0x00, 0x00, 0x00, 0x00, 0x00, 0x00, 0x00, 0x00, 0x00,
  0x00, 0x00, 0x00, 0x00, 0x00, 0x00, 0x00, 0x00, 0x00, 0x00, 0x00, 0x00,
  0x00, 0x00, 0x00, 0x00, 0x00, 0x00, 0x00, 0x00, 0x00, 0x00, 0x00, 0x00,
  0x00, 0x00, 0x00, 0x00, 0x00, 0x00, 0x00, 0x00, 0x00, 0x00, 0x00, 0x00,
  0x00, 0x00, 0x00, 0x00, 0x00, 0x00, 0x00, 0x00, 0x00, 0x00, 0x00, 0x00,
  0x00, 0x00, 0x00, 0x00, 0x00, 0x00, 0x00, 0x00, 0x00, 0x00, 0x00, 0x00,
  0x00, 0x00, 0x00, 0x00, 0x00, 0x00, 0x00, 0x00, 0x00, 0x00, 0x00, 0x00,
  0x00, 0x00, 0x00, 0x00, 0x00, 0x00, 0x00, 0x00, 0x00, 0x00, 0x00, 0x00,
  0x00, 0x00, 0x00, 0x00, 0x00, 0x00, 0x00, 0x00, 0x00, 0x00, 0x00, 0x00,
  0x00, 0x00, 0x00, 0x00, 0x00, 0x00, 0x00, 0x00, 0x00, 0x00, 0x00, 0x00,
  0x00, 0x00, 0x00, 0x00, 0x00, 0x00, 0x00, 0x00, 0x00, 0x00, 0x00, 0x00,
  0x00, 0x00, 0x00, 0x00, 0x00, 0x00, 0x00, 0x00, 0x00, 0x00, 0x00, 0x00,
  0x00, 0x00, 0x00, 0x00, 0x00, 0x00, 0x00, 0x00, 0x00, 0x00, 0x00, 0x00,
  0x00, 0x00, 0x00, 0x00, 0x00, 0x00, 0x00, 0x00, 0x00, 0x00, 0x00, 0x00,
  0x00, 0x00, 0x00, 0x00, 0x00, 0x00, 0x00, 0x00, 0x00, 0x00, 0x00, 0x00,
  0x00, 0x00, 0x00, 0x00, 0x00, 0x00, 0x00, 0x00, 0x00, 0x00, 0x00, 0x00,
  0x00, 0x00, 0x00, 0x00, 0x00, 0x00, 0x00, 0x00, 0x00, 0x00, 0x00, 0x00,
  0x00, 0x00, 0x00, 0x00, 0x00, 0x00, 0x00, 0x00, 0x00, 0x00, 0x00, 0x00,
  0x00, 0x00, 0x00, 0x00, 0x00, 0x00, 0x00, 0x00, 0x00, 0x00, 0x00, 0x00,
  0x00, 0x00, 0x00, 0x00, 0x00, 0x00, 0x00, 0x00, 0x00, 0x00, 0x00, 0x00,
  0x00, 0x00, 0x00, 0x00, 0x00, 0x00, 0x00, 0x00, 0x00, 0x00, 0x00, 0x00,
  0x00, 0x00, 0x00, 0x00, 0x00, 0x00, 0x00, 0x00, 0x00, 0x00, 0x00, 0x00,
  0x00, 0x00, 0x00, 0x00, 0x00, 0x00, 0x00, 0x00, 0x00, 0x00, 0x00, 0x00,
  0x00, 0x00, 0x00, 0x00, 0x00, 0x00, 0x00, 0x00, 0x00, 0x00, 0x00, 0x00,
  0x00, 0x00, 0x00, 0x00, 0x00, 0x00, 0x00, 0x00, 0x00, 0x00, 0x00, 0x00,
  0x00, 0x00, 0x00, 0x00, 0x00, 0x00, 0x00, 0x00, 0x00, 0x00, 0x00, 0x00,
  0x00, 0x00, 0x00, 0x00, 0x00, 0x00, 0x00, 0x00, 0x00, 0x00, 0x00, 0x00,
  0x00, 0x00, 0x00, 0x00, 0x00, 0x00, 0x00, 0x00, 0x00, 0x00, 0x00, 0x00,
  0x00, 0x00, 0x00, 0x00, 0x00, 0x00, 0x00, 0x00, 0x00, 0x00, 0x00, 0x00,
  0x00, 0x00, 0x00, 0x00, 0x00, 0x00, 0x00, 0x00, 0x00, 0x00, 0x00, 0x00,
  0x00, 0x00, 0x00, 0x00, 0x00, 0x00, 0x00, 0x00, 0x00, 0x00, 0x00, 0x00,
  0x00, 0x00, 0x00, 0x00, 0x00, 0x00, 0x00, 0x00, 0x00, 0x00, 0x00, 0x00,
  0x00, 0x00, 0x00, 0x00, 0x00, 0x00, 0x00, 0x00, 0x00, 0x00, 0x00, 0x00,
  0x00, 0x00, 0x00, 0x00, 0x00, 0x00, 0x00, 0x00, 0x00, 0x00, 0x00, 0x00,
  0x00, 0x00, 0x00, 0x00, 0x00, 0x00, 0x00, 0x00, 0x00, 0x00, 0x00, 0x00,
  0x00, 0x00, 0x00, 0x00, 0x00, 0x00, 0x00, 0x00, 0x00, 0x00, 0x00, 0x00,
  0x00, 0x00, 0x00, 0x00, 0x00, 0x00, 0x00, 0x00, 0x00, 0x00, 0x00, 0x00,
  0x00, 0x00, 0x00, 0x00, 0x00, 0x00, 0x00, 0x00, 0x00, 0x00, 0x00, 0x00,
  0x00, 0x00, 0x00, 0x00, 0x00, 0x00, 0x00, 0x00, 0x00, 0x00, 0x00, 0x00,
  0x00, 0x00, 0x00, 0x00, 0x00, 0x00, 0x00, 0x00, 0x00, 0x00, 0x00, 0x00,
  0x00, 0x00, 0x00, 0x00, 0x00, 0x00, 0x00, 0x00, 0x00, 0x00, 0x00, 0x00,
  0x00, 0x00, 0x00, 0x00, 0x00, 0x00, 0x00, 0x00, 0x00, 0x00, 0x00, 0x00,
  0x00, 0x00, 0x00, 0x00, 0x00, 0x00, 0x00, 0x00, 0x00, 0x00, 0x00, 0x00,
  0x00, 0x00, 0x00, 0x00, 0x00, 0x00, 0x00, 0x00, 0x00, 0x00, 0x00, 0x00,
  0x00, 0x00, 0x00, 0x00, 0x00, 0x00, 0x00, 0x00, 0x00, 0x00, 0x00, 0x00,
  0x00, 0x00, 0x00, 0x00, 0x00, 0x00, 0x00, 0x00, 0x00, 0x00, 0x00, 0x00,
  0x00, 0x00, 0x00, 0x00, 0x00, 0x00, 0x00, 0x00, 0x00, 0x00, 0x00, 0x00,
  0x00, 0x00, 0x00, 0x00, 0x00, 0x00, 0x00, 0x00, 0x00, 0x00, 0x00, 0x00,
  0x00, 0x00, 0x00, 0x00, 0x00, 0x00, 0x00, 0x00, 0x00, 0x00, 0x00, 0x00,
  0x00, 0x00, 0x00, 0x00, 0x00, 0x00, 0x00, 0x00, 0x00, 0x00, 0x00, 0x00,
  0x00, 0x00, 0x00, 0x00, 0x00, 0x00, 0x00, 0x00, 0x00, 0x00, 0x00, 0x00,
  0x00, 0x00, 0x00, 0x00, 0x00, 0x00, 0x00, 0x00, 0x00, 0x00, 0x00, 0x00,
  0x00, 0x00, 0x00, 0x00, 0x00, 0x00, 0x00, 0x00, 0x00, 0x00, 0x00, 0x00,
  0x00, 0x00, 0x00, 0x00, 0x00, 0x00, 0x00, 0x00, 0x00, 0x00, 0x00, 0x00,
  0x00, 0x00, 0x00, 0x00, 0x00, 0x00, 0x00, 0x00, 0x00, 0x00, 0x00, 0x00,
  0x00, 0x00, 0x00, 0x00, 0x00, 0x00, 0x00, 0x00, 0x00, 0x00, 0x00, 0x00,
  0x00, 0x00, 0x00, 0x00, 0x00, 0x00, 0x00, 0x00, 0x00, 0x00, 0x00, 0x00,
  0x00, 0x00, 0x00, 0x00, 0x00, 0x00, 0x00, 0x00, 0x00, 0x00, 0x00, 0x00,
  0x00, 0x00, 0x00, 0x00, 0x00, 0x00, 0x00, 0x00, 0x00, 0x00, 0x00, 0x00,
  0x00, 0x00, 0x00, 0x00, 0x00, 0x00, 0x00, 0x00, 0x00, 0x00, 0x00, 0x00,
  0x00, 0x00, 0x00, 0x00, 0x00, 0x00, 0x00, 0x00, 0x00, 0x00, 0x00, 0x00,
  0x00, 0x00, 0x00, 0x00, 0x00, 0x00, 0x00, 0x00, 0x00, 0x00, 0x00, 0x00,
  0x00, 0x00, 0x00, 0x00, 0x00, 0x00, 0x00, 0x00, 0x00, 0x00, 0x00, 0x00,
  0x00, 0x00, 0x00, 0x00, 0x00, 0x00, 0x00, 0x00, 0x00, 0x00, 0x00, 0x00,
  0x00, 0x00, 0x00, 0x00, 0x00, 0x00, 0x00, 0x00, 0x00, 0x00, 0x00, 0x00,
  0x00, 0x00, 0x00, 0x00, 0x00, 0x00, 0x00, 0x00, 0x00, 0x00, 0x00, 0x00,
  0x00, 0x00, 0x00, 0x00, 0x00, 0x00, 0x00, 0x00, 0x00, 0x00, 0x00, 0x00,
  0x00, 0x00, 0x00, 0x00, 0x00, 0x00, 0x00, 0x00, 0x00, 0x00, 0x00, 0x00,
  0x00, 0x00, 0x00, 0x00, 0x00, 0x00, 0x00, 0x00, 0x00, 0x00, 0x00, 0x00,
  0x00, 0x00, 0x00, 0x00, 0x00, 0x00, 0x00, 0x00, 0x00, 0x00, 0x00, 0x00,
  0x00, 0x00, 0x00, 0x00, 0x00, 0x00, 0x00, 0x00, 0x00, 0x00, 0x00, 0x00,
  0x00, 0x00, 0x00, 0x00, 0x00, 0x00, 0x00, 0x00, 0x00, 0x00, 0x00, 0x00,
  0x00, 0x00, 0x00, 0x00, 0x00, 0x00, 0x00, 0x00, 0x00, 0x00, 0x00, 0x00,
  0x00, 0x00, 0x00, 0x00, 0x00, 0x00, 0x00, 0x00, 0x00, 0x00, 0x00, 0x00,
  0x00, 0x00, 0x00, 0x00, 0x00, 0x00, 0x00, 0x00, 0x00, 0x00, 0x00, 0x00,
  0x00, 0x00, 0x00, 0x00, 0x00, 0x00, 0x00, 0x00, 0x00, 0x00, 0x00, 0x00,
  0x00, 0x00, 0x00, 0x00, 0x00, 0x00, 0x00, 0x00, 0x00, 0x00, 0x00, 0x00,
  0x00, 0x00, 0x00, 0x00, 0x00, 0x00, 0x00, 0x00, 0x00, 0x00, 0x00, 0x00,
  0x00, 0x00, 0x00, 0x00, 0x00, 0x00, 0x00, 0x00, 0x00, 0x00, 0x00, 0x00,
  0x00, 0x00, 0x00, 0x00, 0x00, 0x00, 0x00, 0x00, 0x00, 0x00, 0x00, 0x00,
  0x00, 0x00, 0x00, 0x00, 0x00, 0x00, 0x00, 0x00, 0x00, 0x00, 0x00, 0x00,
  0x00, 0x00, 0x00, 0x00, 0x00, 0x00, 0x00, 0x00, 0x00, 0x00, 0x00, 0x00,
  0x00, 0x00, 0x00, 0x00, 0x00, 0x00, 0x00, 0x00, 0x00, 0x00, 0x00, 0x00,
  0x00, 0x00, 0x00, 0x00, 0x00, 0x00, 0x00, 0x00, 0x00, 0x00, 0x00, 0x00,
  0x00, 0x00, 0x00, 0x00, 0x00, 0x00, 0x00, 0x00, 0x00, 0x00, 0x00, 0x00,
  0x00, 0x00, 0x00, 0x00, 0x00, 0x00, 0x00, 0x00, 0x00, 0x00, 0x00, 0x00,
  0x00, 0x00, 0x00, 0x00, 0x00, 0x00, 0x00, 0x00, 0x00, 0x00, 0x00, 0x00,
  0x00, 0x00, 0x00, 0x00, 0x00, 0x00, 0x00, 0x00, 0x00, 0x00, 0x00, 0x00,
  0x00, 0x00, 0x00, 0x00, 0x00, 0x00, 0x00, 0x00, 0x00, 0x00, 0x00, 0x00,
  0x00, 0x00, 0x00, 0x00, 0x00, 0x00, 0x00, 0x00, 0x00, 0x00, 0x00, 0x00,
  0x00, 0x00, 0x00, 0x00, 0x00, 0x00, 0x00, 0x00, 0x00, 0x00, 0x00, 0x00,
  0x00, 0x00, 0x00, 0x00, 0x00, 0x00, 0x00, 0x00, 0x00, 0x00, 0x00, 0x00,
  0x00, 0x00, 0x00, 0x00, 0x00, 0x00, 0x00, 0x00, 0x00, 0x00, 0x00, 0x00,
  0x00, 0x00, 0x00, 0x00, 0x00, 0x00, 0x00, 0x00, 0x00, 0x00, 0x00, 0x00,
  0x00, 0x00, 0x00, 0x00, 0x00, 0x00, 0x00, 0x00, 0x00, 0x00, 0x00, 0x00,
  0x00, 0x00, 0x00, 0x00, 0x00, 0x00, 0x00, 0x00, 0x00, 0x00, 0x00, 0x00,
  0x00, 0x00, 0x00, 0x00, 0x00, 0x00, 0x00, 0x00, 0x00, 0x00, 0x00, 0x00,
  0x00, 0x00, 0x00, 0x00, 0x00, 0x00, 0x00, 0x00, 0x00, 0x00, 0x00, 0x00,
  0x00, 0x00, 0x00, 0x00, 0x00, 0x00, 0x00, 0x00, 0x00, 0x00, 0x00, 0x00,
  0x00, 0x00, 0x00, 0x00, 0x00, 0x00, 0x00, 0x00, 0x00, 0x00, 0x00, 0x00,
  0x00, 0x00, 0x00, 0x00, 0x00, 0x00, 0x00, 0x00, 0x00, 0x00, 0x00, 0x00,
  0x00, 0x00, 0x00, 0x00, 0x00, 0x00, 0x00, 0x00, 0x00, 0x00, 0x00, 0x00,
  0x00, 0x00, 0x00, 0x00, 0x00, 0x00, 0x00, 0x00, 0x00, 0x00, 0x00, 0x00,
  0x00, 0x00, 0x00, 0x00, 0x00, 0x00, 0x00, 0x00, 0x00, 0x00, 0x00, 0x00,
  0x00, 0x00, 0x00, 0x00, 0x00, 0x00, 0x00, 0x00, 0x00, 0x00, 0x00, 0x00,
  0x00, 0x00, 0x00, 0x00, 0x00, 0x00, 0x00, 0x00, 0x00, 0x00, 0x00, 0x00,
  0x00, 0x00, 0x00, 0x00, 0x00, 0x00, 0x00, 0x00, 0x00, 0x00, 0x00, 0x00,
  0x00, 0x00, 0x00, 0x00, 0x00, 0x00, 0x00, 0x00, 0x00, 0x00, 0x00, 0x00,
  0x00, 0x00, 0x00, 0x00, 0x00, 0x00, 0x00, 0x00, 0x00, 0x00, 0x00, 0x00,
  0x00, 0x00, 0x00, 0x00, 0x00, 0x00, 0x00, 0x00, 0x00, 0x00, 0x00, 0x00,
  0x00, 0x00, 0x00, 0x00, 0x00, 0x00, 0x00, 0x00, 0x00, 0x00, 0x00, 0x00,
  0x00, 0x00, 0x00, 0x00, 0x00, 0x00, 0x00, 0x00, 0x00, 0x00, 0x00, 0x00,
  0x00, 0x00, 0x00, 0x00, 0x00, 0x00, 0x00, 0x00, 0x00, 0x00, 0x00, 0x00,
  0x00, 0x00, 0x00, 0x00, 0x00, 0x00, 0x00, 0x00, 0x00, 0x00, 0x00, 0x00,
  0x00, 0x00, 0x00, 0x00, 0x00, 0x00, 0x00, 0x00, 0x00, 0x00, 0x00, 0x00,
  0x00, 0x00, 0x00, 0x00, 0x00, 0x00, 0x00, 0x00, 0x00, 0x00, 0x00, 0x00,
  0x00, 0x00, 0x00, 0x00, 0x00, 0x00, 0x00, 0x00, 0x00, 0x00, 0x00, 0x00,
  0x00, 0x00, 0x00, 0x00, 0x00, 0x00, 0x00, 0x00, 0x00, 0x00, 0x00, 0x00,
  0x00, 0x00, 0x00, 0x00, 0x00, 0x00, 0x00, 0x00, 0x00, 0x00, 0x00, 0x00,
  0x00, 0x00, 0x00, 0x00, 0x00, 0x00, 0x00, 0x00, 0x00, 0x00, 0x00, 0x00,
  0x00, 0x00, 0x00, 0x00, 0x00, 0x00, 0x00, 0x00, 0x00, 0x00, 0x00, 0x00,
  0x00, 0x00, 0x00, 0x00, 0x00, 0x00, 0x00, 0x00, 0x00, 0x00, 0x00, 0x00,
  0x00, 0x00, 0x00, 0x00, 0x00, 0x00, 0x00, 0x00, 0x00, 0x00, 0x00, 0x00,
  0x00, 0x00, 0x00, 0x00, 0x00, 0x00, 0x00, 0x00, 0x00, 0x00, 0x00, 0x00,
  0x00, 0x00, 0x00, 0x00, 0x00, 0x00, 0x00, 0x00, 0x00, 0x00, 0x00, 0x00,
  0x00, 0x00, 0x00, 0x00, 0x00, 0x00, 0x00, 0x00, 0x00, 0x00, 0x00, 0x00,
  0x00, 0x00, 0x00, 0x00, 0x00, 0x00, 0x00, 0x00, 0x00, 0x00, 0x00, 0x00,
  0x00, 0x00, 0x00, 0x00, 0x00, 0x00, 0x00, 0x00, 0x00, 0x00, 0x00, 0x00,
  0x00, 0x00, 0x00, 0x00, 0x00, 0x00, 0x00, 0x00, 0x00, 0x00, 0x00, 0x00,
  0x00, 0x00, 0x00, 0x00, 0x00, 0x00, 0x00, 0x00, 0x00, 0x00, 0x00, 0x00,
  0x00, 0x00, 0x00, 0x00, 0x00, 0x00, 0x00, 0x00, 0x00, 0x00, 0x00, 0x00,
  0x00, 0x00, 0x00, 0x00, 0x00, 0x00, 0x00, 0x00, 0x00, 0x00, 0x00, 0x00,
  0x00, 0x00, 0x00, 0x00, 0x00, 0x00, 0x00, 0x00, 0x00, 0x00, 0x00, 0x00,
  0x00, 0x00, 0x00, 0x00, 0x00, 0x00, 0x00, 0x00, 0x00, 0x00, 0x00, 0x00,
  0x00, 0x00, 0x00, 0x00, 0x00, 0x00, 0x00, 0x00, 0x00, 0x00, 0x00, 0x00,
  0x00, 0x00, 0x00, 0x00, 0x00, 0x00, 0x00, 0x00, 0x00, 0x00, 0x00, 0x00,
  0x00, 0x00, 0x00, 0x00, 0x00, 0x00, 0x00, 0x00, 0x00, 0x00, 0x00, 0x00,
  0x00, 0x00, 0x00, 0x00, 0x00, 0x00, 0x00, 0x00, 0x00, 0x00, 0x00, 0x00,
  0x00, 0x00, 0x00, 0x00, 0x00, 0x00, 0x00, 0x00, 0x00, 0x00, 0x00, 0x00,
  0x00, 0x00, 0x00, 0x00, 0x00, 0x00, 0x00, 0x00, 0x00, 0x00, 0x00, 0x00,
  0x00, 0x00, 0x00, 0x00, 0x00, 0x00, 0x00, 0x00, 0x00, 0x00, 0x00, 0x00,
  0x00, 0x00, 0x00, 0x00, 0x00, 0x00, 0x00, 0x00, 0x00, 0x00, 0x00, 0x00,
  0x00, 0x00, 0x00, 0x00, 0x00, 0x00, 0x00, 0x00, 0x00, 0x00, 0x00, 0x00,
  0x00, 0x00, 0x00, 0x00, 0x00, 0x00, 0x00, 0x00, 0x00, 0x00, 0x00, 0x00,
  0x00, 0x00, 0x00, 0x00, 0x00, 0x00, 0x00, 0x00, 0x00, 0x00, 0x00, 0x00,
  0x00, 0x00, 0x00, 0x00, 0x00, 0x00, 0x00, 0x00, 0x00, 0x00, 0x00, 0x00,
  0x00, 0x00, 0x00, 0x00, 0x00, 0x00, 0x00, 0x00, 0x00, 0x00, 0x00, 0x00,
  0x00, 0x00, 0x00, 0x00, 0x00, 0x00, 0x00, 0x00, 0x00, 0x00, 0x00, 0x00,
  0x00, 0x00, 0x00, 0x00, 0x00, 0x00, 0x00, 0x00, 0x00, 0x00, 0x00, 0x00,
  0x00, 0x00, 0x00, 0x00, 0x00, 0x00, 0x00, 0x00, 0x00, 0x00, 0x00, 0x00,
  0x00, 0x00, 0x00, 0x00, 0x00, 0x00, 0x00, 0x00, 0x00, 0x00, 0x00, 0x00,
  0x00, 0x00, 0x00, 0x00, 0x00, 0x00, 0x00, 0x00, 0x00, 0x00, 0x00, 0x00,
  0x00, 0x00, 0x00, 0x00, 0x00, 0x00, 0x00, 0x00, 0x00, 0x00, 0x00, 0x00,
  0x00, 0x00, 0x00, 0x00, 0x00, 0x00, 0x00, 0x00, 0x00, 0x00, 0x00, 0x00,
  0x00, 0x00, 0x00, 0x00, 0x00, 0x00, 0x00, 0x00, 0x00, 0x00, 0x00, 0x00,
  0x00, 0x00, 0x00, 0x00, 0x00, 0x00, 0x00, 0x00, 0x00, 0x00, 0x00, 0x00,
  0x00, 0x00, 0x00, 0x00, 0x00, 0x00, 0x00, 0x00, 0x00, 0x00, 0x00, 0x00,
  0x00, 0x00, 0x00, 0x00, 0x00, 0x00, 0x00, 0x00, 0x00, 0x00, 0x00, 0x00,
  0x00, 0x00, 0x00, 0x00, 0x00, 0x00, 0x00, 0x00, 0x00, 0x00, 0x00, 0x00,
  0x00, 0x00, 0x00, 0x00, 0x00, 0x00, 0x00, 0x00, 0x00, 0x00, 0x00, 0x00,
  0x00, 0x00, 0x00, 0x00, 0x00, 0x00, 0x00, 0x00, 0x00, 0x00, 0x00, 0x00,
  0x00, 0x00, 0x00, 0x00, 0x00, 0x00, 0x00, 0x00, 0x00, 0x00, 0x00, 0x00,
  0x00, 0x00, 0x00, 0x00, 0x00, 0x00, 0x00, 0x00, 0x00, 0x00, 0x00, 0x00,
  0x00, 0x00, 0x00, 0x00, 0x00, 0x00, 0x00, 0x00, 0x00, 0x00, 0x00, 0x00,
  0x00, 0x00, 0x00, 0x00, 0x00, 0x00, 0x00, 0x00, 0x00, 0x00, 0x00, 0x00,
  0x00, 0x00, 0x00, 0x00, 0x00, 0x00, 0x00, 0x00, 0x00, 0x00, 0x00, 0x00,
  0x00, 0x00, 0x00, 0x00, 0x00, 0x00, 0x00, 0x00, 0x00, 0x00, 0x00, 0x00,
  0x00, 0x00, 0x00, 0x00, 0x00, 0x00, 0x00, 0x00, 0x00, 0x00, 0x00, 0x00,
  0x00, 0x00, 0x00, 0x00, 0x00, 0x00, 0x00, 0x00, 0x00, 0x00, 0x00, 0x00,
  0x00, 0x00, 0x00, 0x00, 0x00, 0x00, 0x00, 0x00, 0x00, 0x00, 0x00, 0x00,
  0x00, 0x00, 0x00, 0x00, 0x00, 0x00, 0x00, 0x00, 0x00, 0x00, 0x00, 0x00,
  0x00, 0x00, 0x00, 0x00, 0x00, 0x00, 0x00, 0x00, 0x00, 0x00, 0x00, 0x00,
  0x00, 0x00, 0x00, 0x00, 0x00, 0x00, 0x00, 0x00, 0x00, 0x00, 0x00, 0x00,
  0x00, 0x00, 0x00, 0x00, 0x00, 0x00, 0x00, 0x00, 0x00, 0x00, 0x00, 0x00,
  0x00, 0x00, 0x00, 0x00, 0x00, 0x00, 0x00, 0x00, 0x00, 0x00, 0x00, 0x00,
  0x00, 0x00, 0x00, 0x00, 0x00, 0x00, 0x00, 0x00, 0x00, 0x00, 0x00, 0x00,
  0x00, 0x00, 0x00, 0x00, 0x00, 0x00, 0x00, 0x00, 0x00, 0x00, 0x00, 0x00,
  0x00, 0x00, 0x00, 0x00, 0x00, 0x00, 0x00, 0x00, 0x00, 0x00, 0x00, 0x00,
  0x00, 0x00, 0x00, 0x00, 0x00, 0x00, 0x00, 0x00, 0x00, 0x00, 0x00, 0x00,
  0x00, 0x00, 0x00, 0x00, 0x00, 0x00, 0x00, 0x00, 0x00, 0x00, 0x00, 0x00,
  0x00, 0x00, 0x00, 0x00, 0x00, 0x00, 0x00, 0x00, 0x00, 0x00, 0x00, 0x00,
  0x00, 0x00, 0x00, 0x00, 0x00, 0x00, 0x00, 0x00, 0x00, 0x00, 0x00, 0x00,
  0x00, 0x00, 0x00, 0x00, 0x00, 0x00, 0x00, 0x00, 0x00, 0x00, 0x00, 0x00,
  0x00, 0x00, 0x00, 0x00, 0x00, 0x00, 0x00, 0x00, 0x00, 0x00, 0x00, 0x00,
  0x00, 0x00, 0x00, 0x00, 0x00, 0x00, 0x00, 0x00, 0x00, 0x00, 0x00, 0x00,
  0x00, 0x00, 0x00, 0x00, 0x00, 0x00, 0x00, 0x00, 0x00, 0x00, 0x00, 0x00,
  0x00, 0x00, 0x00, 0x00, 0x00, 0x00, 0x00, 0x00, 0x00, 0x00, 0x00, 0x00,
  0x00, 0x00, 0x00, 0x00, 0x00, 0x00, 0x00, 0x00, 0x00, 0x00, 0x00, 0x00,
  0x00, 0x00, 0x00, 0x00, 0x00, 0x00, 0x00, 0x00, 0x00, 0x00, 0x00, 0x00,
  0x00, 0x00, 0x00, 0x00, 0x00, 0x00, 0x00, 0x00, 0x00, 0x00, 0x00, 0x00,
  0x00, 0x00, 0x00, 0x00, 0x00, 0x00, 0x00, 0x00, 0x00, 0x00, 0x00, 0x00,
  0x00, 0x00, 0x00, 0x00, 0x00, 0x00, 0x00, 0x00, 0x00, 0x00, 0x00, 0x00,
  0x00, 0x00, 0x00, 0x00, 0x00, 0x00, 0x00, 0x00, 0x00, 0x00, 0x00, 0x00,
  0x00, 0x00, 0x00, 0x00, 0x00, 0x00, 0x00, 0x00, 0x00, 0x00, 0x00, 0x00,
  0x00, 0x00, 0x00, 0x00, 0x00, 0x00, 0x00, 0x00, 0x00, 0x00, 0x00, 0x00,
  0x00, 0x00, 0x00, 0x00, 0x00, 0x00, 0x00, 0x00, 0x00, 0x00, 0x00, 0x00,
  0x00, 0x00, 0x00, 0x00, 0x00, 0x00, 0x00, 0x00, 0x00, 0x00, 0x00, 0x00,
  0x00, 0x00, 0x00, 0x00, 0x00, 0x00, 0x00, 0x00, 0x00, 0x00, 0x00, 0x00,
  0x00, 0x00, 0x00, 0x00, 0x00, 0x00, 0x00, 0x00, 0x00, 0x00, 0x00, 0x00,
  0x00, 0x00, 0x00, 0x00, 0x00, 0x00, 0x00, 0x00, 0x00, 0x00, 0x00, 0x00,
  0x00, 0x00, 0x00, 0x00, 0x00, 0x00, 0x00, 0x00, 0x00, 0x00, 0x00, 0x00,
  0x00, 0x00, 0x00, 0x00, 0x00, 0x00, 0x00, 0x00, 0x00, 0x00, 0x00, 0x00,
  0x00, 0x00, 0x00, 0x00, 0x00, 0x00, 0x00, 0x00, 0x00, 0x00, 0x00, 0x00,
  0x00, 0x00, 0x00, 0x00, 0x00, 0x00, 0x00, 0x00, 0x00, 0x00, 0x00, 0x00,
  0x00, 0x00, 0x00, 0x00, 0x00, 0x00, 0x00, 0x00, 0x00, 0x00, 0x00, 0x00,
  0x00, 0x00, 0x00, 0x00, 0x00, 0x00, 0x00, 0x00, 0x00, 0x00, 0x00, 0x00,
  0x00, 0x00, 0x00, 0x00, 0x00, 0x00, 0x00, 0x00, 0x00, 0x00, 0x00, 0x00,
  0x00, 0x00, 0x00, 0x00, 0x00, 0x00, 0x00, 0x00, 0x00, 0x00, 0x00, 0x00,
  0x00, 0x00, 0x00, 0x00, 0x00, 0x00, 0x00, 0x00, 0x00, 0x00, 0x00, 0x00,
  0x00, 0x00, 0x00, 0x00, 0x00, 0x00, 0x00, 0x00, 0x00, 0x00, 0x00, 0x00,
  0x00, 0x00, 0x00, 0x00, 0x00, 0x00, 0x00, 0x00, 0x00, 0x00, 0x00, 0x00,
  0x00, 0x00, 0x00, 0x00, 0x00, 0x00, 0x00, 0x00, 0x00, 0x00, 0x00, 0x00,
  0x00, 0x00, 0x00, 0x00, 0x00, 0x00, 0x00, 0x00, 0x00, 0x00, 0x00, 0x00,
  0x00, 0x00, 0x00, 0x00, 0x00, 0x00, 0x00, 0x00, 0x00, 0x00, 0x00, 0x00,
  0x00, 0x00, 0x00, 0x00, 0x00, 0x00, 0x00, 0x00, 0x00, 0x00, 0x00, 0x00,
  0x00, 0x00, 0x00, 0x00, 0x00, 0x00, 0x00, 0x00, 0x00, 0x00, 0x00, 0x00,
  0x00, 0x00, 0x00, 0x00, 0x00, 0x00, 0x00, 0x00, 0x00, 0x00, 0x00, 0x00,
  0x00, 0x00, 0x00, 0x00, 0x00, 0x00, 0x00, 0x00, 0x00, 0x00, 0x00, 0x00,
  0x00, 0x00, 0x00, 0x00, 0x00, 0x00, 0x00, 0x00, 0x00, 0x00, 0x00, 0x00,
  0x00, 0x00, 0x00, 0x00, 0x00, 0x00, 0x00, 0x00, 0x00, 0x00, 0x00, 0x00,
  0x00, 0x00, 0x00, 0x00, 0x00, 0x00, 0x00, 0x00, 0x00, 0x00, 0x00, 0x00,
  0x00, 0x00, 0x00, 0x00, 0x00, 0x00, 0x00, 0x00, 0x00, 0x00, 0x00, 0x00,
  0x00, 0x00, 0x00, 0x00, 0x00, 0x00, 0x00, 0x00, 0x00, 0x00, 0x00, 0x00,
  0x00, 0x00, 0x00, 0x00, 0x00, 0x00, 0x00, 0x00, 0x00, 0x00, 0x00, 0x00,
  0x00, 0x00, 0x00, 0x00, 0x00, 0x00, 0x00, 0x00, 0x00, 0x00, 0x00, 0x00,
  0x00, 0x00, 0x00, 0x00, 0x00, 0x00, 0x00, 0x00, 0x00, 0x00, 0x00, 0x00,
  0x00, 0x00, 0x00, 0x00, 0x00, 0x00, 0x00, 0x00, 0x00, 0x00, 0x00, 0x00,
  0x00, 0x00, 0x00, 0x00, 0x00, 0x00, 0x00, 0x00, 0x00, 0x00, 0x00, 0x00,
  0x00, 0x00, 0x00, 0x00, 0x00, 0x00, 0x00, 0x00, 0x00, 0x00, 0x00, 0x00,
  0x00, 0x00, 0x00, 0x00, 0x00, 0x00, 0x00, 0x00, 0x00, 0x00, 0x00, 0x00,
  0x00, 0x00, 0x00, 0x00, 0x00, 0x00, 0x00, 0x00, 0x00, 0x00, 0x00, 0x00,
  0x00, 0x00, 0x00, 0x00, 0x00, 0x00, 0x00, 0x00, 0x00, 0x00, 0x00, 0x00,
  0x00, 0x00, 0x00, 0x00, 0x00, 0x00, 0x00, 0x00, 0x00, 0x00, 0x00, 0x00,
  0x00, 0x00, 0x00, 0x00, 0x00, 0x00, 0x00, 0x00, 0x00, 0x00, 0x00, 0x00,
  0x00, 0x00, 0x00, 0x00, 0x00, 0x00, 0x00, 0x00, 0x00, 0x00, 0x00, 0x00,
  0x00, 0x00, 0x00, 0x00, 0x00, 0x00, 0x00, 0x00, 0x00, 0x00, 0x00, 0x00,
  0x00, 0x00, 0x00, 0x00, 0x00, 0x00, 0x00, 0x00, 0x00, 0x00, 0x00, 0x00,
  0x00, 0x00, 0x00, 0x00, 0x00, 0x00, 0x00, 0x00, 0x00, 0x00, 0x00, 0x00,
  0x00, 0x00, 0x00, 0x00, 0x00, 0x00, 0x00, 0x00, 0x00, 0x00, 0x00, 0x00,
  0x00, 0x00, 0x00, 0x00, 0x00, 0x00, 0x00, 0x00, 0x00, 0x00, 0x00, 0x00,
  0x00, 0x00, 0x00, 0x00, 0x00, 0x00, 0x00, 0x00, 0x00, 0x00, 0x00, 0x00,
  0x00, 0x00, 0x00, 0x00, 0x00, 0x00, 0x00, 0x00, 0x00, 0x00, 0x00, 0x00,
  0x00, 0x00, 0x00, 0x00, 0x00, 0x00, 0x00, 0x00, 0x00, 0x00, 0x00, 0x00,
  0x00, 0x00, 0x00, 0x00, 0x00, 0x00, 0x00, 0x00, 0x00, 0x00, 0x00, 0x00,
  0x00, 0x00, 0x00, 0x00, 0x00, 0x00, 0x00, 0x00, 0x00, 0x00, 0x00, 0x00,
  0x00, 0x00, 0x00, 0x00, 0x00, 0x00, 0x00, 0x00, 0x00, 0x00, 0x00, 0x00,
  0x00, 0x00, 0x00, 0x00, 0x00, 0x00, 0x00, 0x00, 0x00, 0x00, 0x00, 0x00,
  0x00, 0x00, 0x00, 0x00, 0x00, 0x00, 0x00, 0x00, 0x00, 0x00, 0x00, 0x00,
  0x00, 0x00, 0x00, 0x00, 0x00, 0x00, 0x00, 0x00, 0x00, 0x00, 0x00, 0x00,
  0x00, 0x00, 0x00, 0x00, 0x00, 0x00, 0x00, 0x00, 0x00, 0x00, 0x00, 0x00,
  0x00, 0x00, 0x00, 0x00, 0x00, 0x00, 0x00, 0x00, 0x00, 0x00, 0x00, 0x00,
  0x00, 0x00, 0x00, 0x00, 0x00, 0x00, 0x00, 0x00, 0x00, 0x00, 0x00, 0x00,
  0x00, 0x00, 0x00, 0x00, 0x00, 0x00, 0x00, 0x00, 0x00, 0x00, 0x00, 0x00,
  0x00, 0x00, 0x00, 0x00, 0x00, 0x00, 0x00, 0x00, 0x00, 0x00, 0x00, 0x00,
  0x00, 0x00, 0x00, 0x00, 0x00, 0x00, 0x00, 0x00, 0x00, 0x00, 0x00, 0x00,
  0x00, 0x00, 0x00, 0x00, 0x00, 0x00, 0x00, 0x00, 0x00, 0x00, 0x00, 0x00,
  0x00, 0x00, 0x00, 0x00, 0x00, 0x00, 0x00, 0x00, 0x00, 0x00, 0x00, 0x00,
  0x00, 0x00, 0x00, 0x00, 0x00, 0x00, 0x00, 0x00, 0x00, 0x00, 0x00, 0x00,
  0x00, 0x00, 0x00, 0x00, 0x00, 0x00, 0x00, 0x00, 0x00, 0x00, 0x00, 0x00,
  0x00, 0x00, 0x00, 0x00, 0x00, 0x00, 0x00, 0x00, 0x00, 0x00, 0x00, 0x00,
  0x00, 0x00, 0x00, 0x00, 0x00, 0x00, 0x00, 0x00, 0x00, 0x00, 0x00, 0x00,
  0x00, 0x00, 0x00, 0x00, 0x00, 0x00, 0x00, 0x00, 0x00, 0x00, 0x00, 0x00,
  0x00, 0x00, 0x00, 0x00, 0x00, 0x00, 0x00, 0x00, 0x00, 0x00, 0x00, 0x00,
  0x00, 0x00, 0x00, 0x00, 0x00, 0x00, 0x00, 0x00, 0x00, 0x00, 0x00, 0x00,
  0x00, 0x00, 0x00, 0x00, 0x00, 0x00, 0x00, 0x00, 0x00, 0x00, 0x00, 0x00,
  0x00, 0x00, 0x00, 0x00, 0x00, 0x00, 0x00, 0x00, 0x00, 0x00, 0x00, 0x00,
  0x00, 0x00, 0x00, 0x00, 0x00, 0x00, 0x00, 0x00, 0x00, 0x00, 0x00, 0x00,
  0x00, 0x00, 0x00, 0x00, 0x00, 0x00, 0x00, 0x00, 0x00, 0x00, 0x00, 0x00,
  0x00, 0x00, 0x00, 0x00, 0x00, 0x00, 0x00, 0x00, 0x00, 0x00, 0x00, 0x00,
  0x00, 0x00, 0x00, 0x00, 0x00, 0x00, 0x00, 0x00, 0x00, 0x00, 0x00, 0x00,
  0x00, 0x00, 0x00, 0x00, 0x00, 0x00, 0x00, 0x00, 0x00, 0x00, 0x00, 0x00,
  0x00, 0x00, 0x00, 0x00, 0x00, 0x00, 0x00, 0x00, 0x00, 0x00, 0x00, 0x00,
  0x00, 0x00, 0x00, 0x00, 0x00, 0x00, 0x00, 0x00, 0x00, 0x00, 0x00, 0x00,
  0x00, 0x00, 0x00, 0x00, 0x00, 0x00, 0x00, 0x00, 0x00, 0x00, 0x00, 0x00,
  0x00, 0x00, 0x00, 0x00, 0x00, 0x00, 0x00, 0x00, 0x00, 0x00, 0x00, 0x00,
  0x00, 0x00, 0x00, 0x00, 0x00, 0x00, 0x00, 0x00, 0x00, 0x00, 0x00, 0x00,
  0x00, 0x00, 0x00, 0x00, 0x00, 0x00, 0x00, 0x00, 0x00, 0x00, 0x00, 0x00,
  0x00, 0x00, 0x00, 0x00, 0x00, 0x00, 0x00, 0x00, 0x00, 0x00, 0x00, 0x00,
  0x00, 0x00, 0x00, 0x00, 0x00, 0x00, 0x00, 0x00, 0x00, 0x00, 0x00, 0x00,
  0x00, 0x00, 0x00, 0x00, 0x00, 0x00, 0x00, 0x00, 0x00, 0x00, 0x00, 0x00,
  0x00, 0x00, 0x00, 0x00, 0x00, 0x00, 0x00, 0x00, 0x00, 0x00, 0x00, 0x00,
  0x00, 0x00, 0x00, 0x00, 0x00, 0x00, 0x00, 0x00, 0x00, 0x00, 0x00, 0x00,
  0x00, 0x00, 0x00, 0x00, 0x00, 0x00, 0x00, 0x00, 0x00, 0x00, 0x00, 0x00,
  0x00, 0x00, 0x00, 0x00, 0x00, 0x00, 0x00, 0x00, 0x00, 0x00, 0x00, 0x00,
  0x00, 0x00, 0x00, 0x00, 0x00, 0x00, 0x00, 0x00, 0x00, 0x00, 0x00, 0x00,
  0x00, 0x00, 0x00, 0x00, 0x00, 0x00, 0x00, 0x00, 0x00, 0x00, 0x00, 0x00,
  0x00, 0x00, 0x00, 0x00, 0x00, 0x00, 0x00, 0x00, 0x00, 0x00, 0x00, 0x00,
  0x00, 0x00, 0x00, 0x00, 0x00, 0x00, 0x00, 0x00, 0x00, 0x00, 0x00, 0x00,
  0x00, 0x00, 0x00, 0x00, 0x00, 0x00, 0x00, 0x00, 0x00, 0x00, 0x00, 0x00,
  0x00, 0x00, 0x00, 0x00, 0x00, 0x00, 0x00, 0x00, 0x00, 0x00, 0x00, 0x00,
  0x00, 0x00, 0x00, 0x00, 0x00, 0x00, 0x00, 0x00, 0x00, 0x00, 0x00, 0x00,
  0x00, 0x00, 0x00, 0x00, 0x00, 0x00, 0x00, 0x00, 0x00, 0x00, 0x00, 0x00,
  0x00, 0x00, 0x00, 0x00, 0x00, 0x00, 0x00, 0x00, 0x00, 0x00, 0x00, 0x00,
  0x00, 0x00, 0x00, 0x00, 0x00, 0x00, 0x00, 0x00, 0x00, 0x00, 0x00, 0x00,
  0x00, 0x00, 0x00, 0x00, 0x00, 0x00, 0x00, 0x00, 0x00, 0x00, 0x00, 0x00,
  0x00, 0x00, 0x00, 0x00, 0x00, 0x00, 0x00, 0x00, 0x00, 0x00, 0x00, 0x00,
  0x00, 0x00, 0x00, 0x00, 0x00, 0x00, 0x00, 0x00, 0x00, 0x00, 0x00, 0x00,
  0x00, 0x00, 0x00, 0x00, 0x00, 0x00, 0x00, 0x00, 0x00, 0x00, 0x00, 0x00,
  0x00, 0x00, 0x00, 0x00, 0x00, 0x00, 0x00, 0x00, 0x00, 0x00, 0x00, 0x00,
  0x00, 0x00, 0x00, 0x00, 0x00, 0x00, 0x00, 0x00, 0x00, 0x00, 0x00, 0x00,
  0x00, 0x00, 0x00, 0x00, 0x00, 0x00, 0x00, 0x00, 0x00, 0x00, 0x00, 0x00,
  0x00, 0x00, 0x00, 0x00, 0x00, 0x00, 0x00, 0x00, 0x00, 0x00, 0x00, 0x00,
  0x00, 0x00, 0x00, 0x00, 0x00, 0x00, 0x00, 0x00, 0x00, 0x00, 0x00, 0x00,
  0x00, 0x00, 0x00, 0x00, 0x00, 0x00, 0x00, 0x00, 0x00, 0x00, 0x00, 0x00,
  0x00, 0x00, 0x00, 0x00, 0x00, 0x00, 0x00, 0x00, 0x00, 0x00, 0x00, 0x00,
  0x00, 0x00, 0x00, 0x00, 0x00, 0x00, 0x00, 0x00, 0x00, 0x00, 0x00, 0x00,
  0x00, 0x00, 0x00, 0x00, 0x00, 0x00, 0x00, 0x00, 0x00, 0x00, 0x00, 0x00,
  0x00, 0x00, 0x00, 0x00, 0x00, 0x00, 0x00, 0x00, 0x00, 0x00, 0x00, 0x00,
  0x00, 0x00, 0x00, 0x00, 0x00, 0x00, 0x00, 0x00, 0x00, 0x00, 0x00, 0x00,
  0x00, 0x00, 0x00, 0x00, 0x00, 0x00, 0x00, 0x00, 0x00, 0x00, 0x00, 0x00,
  0x00, 0x00, 0x00, 0x00, 0x66, 0xb8, 0x2b, 0x00, 0x8e, 0xd8, 0x8e, 0xc0,
  0x8e, 0xe0, 0x8e, 0xe8, 0x8b, 0x3c, 0x24, 0x8b, 0x74, 0x24, 0x04, 0x31,
  0xed, 0x56, 0x57, 0xe8, 0x4a, 0x0d, 0x00, 0x00, 0x83, 0xc4, 0x08, 0x89,
  0xc3, 0x31, 0xc0, 0xcd, 0x80, 0xeb, 0xfe, 0x55, 0x89, 0xe5, 0x83, 0x7d,
  0x08, 0xfe, 0x74, 0x54, 0x83, 0x7d, 0x08, 0xfe, 0x0f, 0x8f, 0x82, 0x00,
  0x00, 0x00, 0x83, 0x7d, 0x08, 0xf3, 0x74, 0x4b, 0x83, 0x7d, 0x08, 0xf3,
  0x7f, 0x76, 0x83, 0x7d, 0x08, 0xef, 0x74, 0x46, 0x83, 0x7d, 0x08, 0xef,
  0x7f, 0x6a, 0x83, 0x7d, 0x08, 0xec, 0x74, 0x41, 0x83, 0x7d, 0x08, 0xec,
  0x7f, 0x5e, 0x83, 0x7d, 0x08, 0xeb, 0x74, 0x3c, 0x83, 0x7d, 0x08, 0xeb,
  0x7f, 0x52, 0x83, 0x7d, 0x08, 0xea, 0x74, 0x37, 0x83, 0x7d, 0x08, 0xea,
  0x7f, 0x46, 0x83, 0x7d, 0x08, 0xd9, 0x74, 0x39, 0x83, 0x7d, 0x08, 0xde,
  0x74, 0x2c, 0xeb, 0x38, 0xb8, 0x00, 0x20, 0x00, 0x08, 0xeb, 0x36, 0xb8,
  0x1a, 0x20, 0x00, 0x08, 0xeb, 0x2f, 0xb8, 0x2c, 0x20, 0x00, 0x08, 0xeb,
  0x28, 0xb8, 0x38, 0x20, 0x00, 0x08, 0xeb, 0x21, 0xb8, 0x48, 0x20, 0x00,
  0x08, 0xeb, 0x1a, 0xb8, 0x57, 0x20, 0x00, 0x08, 0xeb, 0x13, 0xb8, 0x68,
  0x20, 0x00, 0x08, 0xeb, 0x0c, 0xb8, 0x79, 0x20, 0x00, 0x08, 0xeb, 0x05,
  0xb8, 0x8d, 0x20, 0x00, 0x08, 0x5d, 0xc3, 0x55, 0x89, 0xe5, 0x83, 0xec,
  0x08, 0x83, 0x7d, 0x0c, 0x00, 0x74, 0x21, 0xff, 0x75, 0x10, 0xe8, 0x50,
  0xff, 0xff, 0xff, 0x83, 0xc4, 0x04, 0x50, 0xff, 0x75, 0x0c, 0xff, 0x75,
  0x08, 0x68, 0x9e, 0x20, 0x00, 0x08, 0xe8, 0x07, 0x15, 0x00, 0x00, 0x83,
  0xc4, 0x10, 0xeb, 0x22, 0x83, 0xec, 0x0c, 0xff, 0x75, 0x10, 0xe8, 0x2c,
  0xff, 0xff, 0xff, 0x83, 0xc4, 0x10, 0x83, 0xec, 0x04, 0x50, 0xff, 0x75,
  0x08, 0x68, 0xaa, 0x20, 0x00, 0x08, 0xe8, 0xe3, 0x14, 0x00, 0x00, 0x83,
  0xc4, 0x10, 0x90, 0xc9, 0xc3, 0x55, 0x89, 0xe5, 0x83, 0xec, 0x08, 0x83,
  0xec, 0x0c, 0x68, 0xb4, 0x20, 0x00, 0x08, 0xe8, 0xc7, 0x0f, 0x00, 0x00,
  0x83, 0xc4, 0x10, 0x90, 0xc9, 0xc3, 0x55, 0x89, 0xe5, 0x83, 0xec, 0x18,
  0xc7, 0x45, 0xf4, 0x01, 0x00, 0x00, 0x00, 0xeb, 0x37, 0x83, 0x7d, 0xf4,
  0x01, 0x7e, 0x10, 0x83, 0xec, 0x0c, 0x68, 0x9f, 0x23, 0x00, 0x08, 0xe8,
  0x9f, 0x0f, 0x00, 0x00, 0x83, 0xc4, 0x10, 0x8b, 0x45, 0xf4, 0x8d, 0x14,
  0x85, 0x00, 0x00, 0x00, 0x00, 0x8b, 0x45, 0x0c, 0x01, 0xd0, 0x8b, 0x00,
  0x83, 0xec, 0x0c, 0x50, 0xe8, 0x82, 0x0f, 0x00, 0x00, 0x83, 0xc4, 0x10,
  0x83, 0x45, 0xf4, 0x01, 0x8b, 0x45, 0xf4, 0x3b, 0x45, 0x08, 0x7c, 0xc1,
  0x83, 0xec, 0x0c, 0x68, 0xa1, 0x23, 0x00, 0x08, 0xe8, 0x66, 0x0f, 0x00,
  0x00, 0x83, 0xc4, 0x10, 0x90, 0xc9, 0xc3, 0x55, 0x89, 0xe5, 0x81, 0xec,
  0x18, 0x01, 0x00, 0x00, 0x83, 0xec, 0x08, 0x68, 0x00, 0x01, 0x00, 0x00,
  0x8d, 0x85, 0xf4, 0xfe, 0xff, 0xff, 0x50, 0xe8, 0xf4, 0x0e, 0x00, 0x00,
  0x83, 0xc4, 0x10, 0x89, 0x45, 0xf4, 0x83, 0x7d, 0xf4, 0x00, 0x79, 0x17,
  0x83, 0xec, 0x04, 0xff, 0x75, 0xf4, 0x6a, 0x00, 0x68, 0xa3, 0x23, 0x00,
  0x08, 0xe8, 0xf9, 0xfe, 0xff, 0xff, 0x83, 0xc4, 0x10, 0xeb, 0x17, 0x83,
  0xec, 0x08, 0x8d, 0x85, 0xf4, 0xfe, 0xff, 0xff, 0x50, 0x68, 0xa7, 0x23,
  0x00, 0x08, 0xe8, 0x0f, 0x14, 0x00, 0x00, 0x83, 0xc4, 0x10, 0xc9, 0xc3,
  0x55, 0x89, 0xe5, 0x83, 0xec, 0x18, 0x83, 0x7d, 0x08, 0x01, 0x7e, 0x0b,
  0x8b, 0x45, 0x0c, 0x8b, 0x40, 0x04, 0x89, 0x45, 0xf4, 0xeb, 0x07, 0xc7,
  0x45, 0xf4, 0xab, 0x23, 0x00, 0x08, 0x83, 0xec, 0x0c, 0xff, 0x75, 0xf4,
  0xe8, 0xa7, 0x0e, 0x00, 0x00, 0x83, 0xc4, 0x10, 0x89, 0x45, 0xf0, 0x83,
  0x7d, 0xf0, 0x00, 0x79, 0x16, 0x83, 0xec, 0x04, 0xff, 0x75, 0xf0, 0xff,
  0x75, 0xf4, 0x68, 0xaf, 0x23, 0x00, 0x08, 0xe8, 0x93, 0xfe, 0xff, 0xff,
  0x83, 0xc4, 0x10, 0x90, 0xc9, 0xc3, 0x55, 0x89, 0xe5, 0x81, 0xec, 0x68,
  0x02, 0x00, 0x00, 0x83, 0x7d, 0x08, 0x01, 0x7e, 0x0b, 0x8b, 0x45, 0x0c,
  0x8b, 0x40, 0x04, 0x89, 0x45, 0xf4, 0xeb, 0x07, 0xc7, 0x45, 0xf4, 0xb2,
  0x23, 0x00, 0x08, 0x83, 0xec, 0x08, 0x68, 0x00, 0x08, 0x00, 0x00, 0xff,
  0x75, 0xf4, 0xe8, 0x85, 0x0d, 0x00, 0x00, 0x83, 0xc4, 0x10, 0x89, 0x45,
  0xe8, 0x83, 0x7d, 0xe8, 0x00, 0x79, 0x1b, 0x83, 0xec, 0x04, 0xff, 0x75,
  0xe8, 0xff, 0x75, 0xf4, 0x68, 0xb4, 0x23, 0x00, 0x08, 0xe8, 0x3d, 0xfe,
  0xff, 0xff, 0x83, 0xc4, 0x10, 0xe9, 0x23, 0x01, 0x00, 0x00, 0xc7, 0x45,
  0xf0, 0x00, 0x00, 0x00, 0x00, 0x83, 0xec, 0x04, 0x68, 0x40, 0x02, 0x00,
  0x00, 0x8d, 0x85, 0xa0, 0xfd, 0xff, 0xff, 0x50, 0xff, 0x75, 0xe8, 0xe8,
  0x6c, 0x0d, 0x00, 0x00, 0x83, 0xc4, 0x10, 0x89, 0x45, 0xe4, 0x83, 0x7d,
  0xe4, 0x00, 0x79, 0x1b, 0x83, 0xec, 0x04, 0xff, 0x75, 0xe4, 0xff, 0x75,
  0xf4, 0x68, 0xb4, 0x23, 0x00, 0x08, 0xe8, 0xf8, 0xfd, 0xff, 0xff, 0x83,
  0xc4, 0x10, 0xe9, 0xba, 0x00, 0x00, 0x00, 0x83, 0x7d, 0xe4, 0x00, 0x0f,
  0x84, 0xaf, 0x00, 0x00, 0x00, 0x8b, 0x4d, 0xe4, 0xba, 0x39, 0x8e, 0xe3,
  0x38, 0x89, 0xc8, 0xf7, 0xea, 0x89, 0xd0, 0xc1, 0xf8, 0x04, 0xc1, 0xf9,
  0x1f, 0x89, 0xca, 0x29, 0xd0, 0x89, 0x45, 0xe0, 0xc7, 0x45, 0xec, 0x00,
  0x00, 0x00, 0x00, 0xeb, 0x7a, 0x8b, 0x55, 0xec, 0x89, 0xd0, 0xc1, 0xe0,
  0x03, 0x01, 0xd0, 0xc1, 0xe0, 0x03, 0x8d, 0x40, 0xf8, 0x01, 0xe8, 0x2d,
  0x52, 0x02, 0x00, 0x00, 0x0f, 0xb6, 0x00, 0x3c, 0x02, 0x75, 0x2b, 0x8d,
  0x8d, 0xa0, 0xfd, 0xff, 0xff, 0x8b, 0x55, 0xec, 0x89, 0xd0, 0xc1, 0xe0,
  0x03, 0x01, 0xd0, 0xc1, 0xe0, 0x03, 0x01, 0xc8, 0x83, 0xc0, 0x08, 0x83,
  0xec, 0x08, 0x50, 0x68, 0xb7, 0x23, 0x00, 0x08, 0xe8, 0xad, 0x12, 0x00,
  0x00, 0x83, 0xc4, 0x10, 0xeb, 0x29, 0x8d, 0x8d, 0xa0, 0xfd, 0xff, 0xff,
  0x8b, 0x55, 0xec, 0x89, 0xd0, 0xc1, 0xe0, 0x03, 0x01, 0xd0, 0xc1, 0xe0,
  0x03, 0x01, 0xc8, 0x83, 0xc0, 0x08, 0x83, 0xec, 0x08, 0x50, 0x68, 0xa7,
  0x23, 0x00, 0x08, 0xe8, 0x82, 0x12, 0x00, 0x00, 0x83, 0xc4, 0x10, 0x83,
  0x45, 0xf0, 0x01, 0x83, 0x45, 0xec, 0x01, 0x8b, 0x45, 0xec, 0x3b, 0x45,
  0xe0, 0x0f, 0x8c, 0x7a, 0xff, 0xff, 0xff, 0xe9, 0x09, 0xff, 0xff, 0xff,
  0x90, 0x83, 0xec, 0x0c, 0xff, 0x75, 0xe8, 0xe8, 0x6d, 0x0c, 0x00, 0x00,
  0x83, 0xc4, 0x10, 0x83, 0x7d, 0xf0, 0x00, 0x75, 0x10, 0x83, 0xec, 0x0c,
  0x68, 0xbc, 0x23, 0x00, 0x08, 0xe8, 0x41, 0x0d, 0x00, 0x00, 0x83, 0xc4,
  0x10, 0xc9, 0xc3, 0x55, 0x89, 0xe5, 0x81, 0xec, 0x98, 0x00, 0x00, 0x00,
  0x83, 0x7d, 0x08, 0x01, 0x7f, 0x15, 0x83, 0xec, 0x0c, 0x68, 0xc5, 0x23,
  0x00, 0x08, 0xe8, 0x20, 0x0d, 0x00, 0x00, 0x83, 0xc4, 0x10, 0xe9, 0xe4,
  0x00, 0x00, 0x00, 0xc7, 0x45, 0xf4, 0x01, 0x00, 0x00, 0x00, 0xe9, 0xcc,
  0x00, 0x00, 0x00, 0x8b, 0x45, 0xf4, 0x8d, 0x14, 0x85, 0x00, 0x00, 0x00,
  0x00, 0x8b, 0x45, 0x0c, 0x01, 0xd0, 0x8b, 0x00, 0x83, 0xec, 0x08, 0x6a,
  0x00, 0x50, 0xe8, 0xed, 0x0b, 0x00, 0x00, 0x83, 0xc4, 0x10, 0x89, 0x45,
  0xf0, 0x83, 0x7d, 0xf0, 0x00, 0x79, 0x27, 0x8b, 0x45, 0xf4, 0x8d, 0x14,
  0x85, 0x00, 0x00, 0x00, 0x00, 0x8b, 0x45, 0x0c, 0x01, 0xd0, 0x8b, 0x00,
  0x83, 0xec, 0x04, 0xff, 0x75, 0xf0, 0x50, 0x68, 0xdb, 0x23, 0x00, 0x08,
  0xe8, 0x96, 0xfc, 0xff, 0xff, 0x83, 0xc4, 0x10, 0xeb, 0x79, 0x83, 0xec,
  0x04, 0x68, 0x80, 0x00, 0x00, 0x00, 0x8d, 0x85, 0x6c, 0xff, 0xff, 0xff,
  0x50, 0xff, 0x75, 0xf0, 0xe8, 0x89, 0x0b, 0x00, 0x00, 0x83, 0xc4, 0x10,
  0x89, 0x45, 0xec, 0x83, 0x7d, 0xec, 0x00, 0x79, 0x27, 0x8b, 0x45, 0xf4,
  0x8d, 0x14, 0x85, 0x00, 0x00, 0x00, 0x00, 0x8b, 0x45, 0x0c, 0x01, 0xd0,
  0x8b, 0x00, 0x83, 0xec, 0x04, 0xff, 0x75, 0xec, 0x50, 0x68, 0xdb, 0x23,
  0x00, 0x08, 0xe8, 0x4c, 0xfc, 0xff, 0xff, 0x83, 0xc4, 0x10, 0xeb, 0x21,
  0x83, 0x7d, 0xec, 0x00, 0x74, 0x1a, 0x8b, 0x45, 0xec, 0x83, 0xec, 0x04,
  0x50, 0x8d, 0x85, 0x6c, 0xff, 0xff, 0xff, 0x50, 0x6a, 0x01, 0xe8, 0x21,
  0x0b, 0x00, 0x00, 0x83, 0xc4, 0x10, 0xeb, 0x96, 0x90, 0x83, 0xec, 0x0c,
  0xff, 0x75, 0xf0, 0xe8, 0x5d, 0x0b, 0x00, 0x00, 0x83, 0xc4, 0x10, 0x83,
  0x45, 0xf4, 0x01, 0x8b, 0x45, 0xf4, 0x3b, 0x45, 0x08, 0x0f, 0x8c, 0x28,
  0xff, 0xff, 0xff, 0xc9, 0xc3, 0x55, 0x89, 0xe5, 0x53, 0x83, 0xec, 0x54,
  0x83, 0x7d, 0x08, 0x01, 0x7f, 0x15, 0x83, 0xec, 0x0c, 0x68, 0xdf, 0x23,
  0x00, 0x08, 0xe8, 0x18, 0x0c, 0x00, 0x00, 0x83, 0xc4, 0x10, 0xe9, 0xa7,
  0x00, 0x00, 0x00, 0xc7, 0x45, 0xf4, 0x01, 0x00, 0x00, 0x00, 0xe9, 0x8f,
  0x00, 0x00, 0x00, 0x8b, 0x45, 0xf4, 0x8d, 0x14, 0x85, 0x00, 0x00, 0x00,
  0x00, 0x8b, 0x45, 0x0c, 0x01, 0xd0, 0x8b, 0x00, 0x83, 0xec, 0x04, 0x6a,
  0x48, 0x8d, 0x55, 0xa8, 0x52, 0x50, 0xe8, 0x27, 0x0b, 0x00, 0x00, 0x83,
  0xc4, 0x10, 0x89, 0x45, 0xf0, 0x83, 0x7d, 0xf0, 0x00, 0x79, 0x27, 0x8b,
  0x45, 0xf4, 0x8d, 0x14, 0x85, 0x00, 0x00, 0x00, 0x00, 0x8b, 0x45, 0x0c,
  0x01, 0xd0, 0x8b, 0x00, 0x83, 0xec, 0x04, 0xff, 0x75, 0xf0, 0x50, 0x68,
  0xf6, 0x23, 0x00, 0x08, 0xe8, 0x8a, 0xfb, 0xff, 0xff, 0x83, 0xc4, 0x10,
  0xeb, 0x38, 0x0f, 0xb6, 0x45, 0xae, 0x3c, 0x02, 0x75, 0x07, 0xbb, 0xfb,
  0x23, 0x00, 0x08, 0xeb, 0x05, 0xbb, 0x05, 0x24, 0x00, 0x08, 0x8b, 0x55,
  0xa8, 0x8b, 0x45, 0xf4, 0x8d, 0x0c, 0x85, 0x00, 0x00, 0x00, 0x00, 0x8b,
  0x45, 0x0c, 0x01, 0xc8, 0x8b, 0x00, 0x53, 0x52, 0x50, 0x68, 0x0a, 0x24,
  0x00, 0x08, 0xe8, 0x7f, 0x10, 0x00, 0x00, 0x83, 0xc4, 0x10, 0x83, 0x45,
  0xf4, 0x01, 0x8b, 0x45, 0xf4, 0x3b, 0x45, 0x08, 0x0f, 0x8c, 0x65, 0xff,
  0xff, 0xff, 0x8b, 0x5d, 0xfc, 0xc9, 0xc3, 0x55, 0x89, 0xe5, 0x83, 0xec,
  0x18, 0x83, 0x7d, 0x08, 0x01, 0x7f, 0x15, 0x83, 0xec, 0x08, 0xff, 0x75,
  0x14, 0x68, 0x1b, 0x24, 0x00, 0x08, 0xe8, 0x4b, 0x10, 0x00, 0x00, 0x83,
  0xc4, 0x10, 0xeb, 0x5e, 0xc7, 0x45, 0xf4, 0x01, 0x00, 0x00, 0x00, 0xeb,
  0x4d, 0x8b, 0x45, 0xf4, 0x8d, 0x14, 0x85, 0x00, 0x00, 0x00, 0x00, 0x8b,
  0x45, 0x0c, 0x01, 0xd0, 0x8b, 0x00, 0x83, 0xec, 0x0c, 0x50, 0x8b, 0x45,
  0x10, 0xff, 0xd0, 0x83, 0xc4, 0x10, 0x89, 0x45, 0xf0, 0x83, 0x7d, 0xf0,
  0x00, 0x79, 0x23, 0x8b, 0x45, 0xf4, 0x8d, 0x14, 0x85, 0x00, 0x00, 0x00,
  0x00, 0x8b, 0x45, 0x0c, 0x01, 0xd0, 0x8b, 0x00, 0x83, 0xec, 0x04, 0xff,
  0x75, 0xf0, 0x50, 0xff, 0x75, 0x14, 0xe8, 0xc8, 0xfa, 0xff, 0xff, 0x83,
  0xc4, 0x10, 0x83, 0x45, 0xf4, 0x01, 0x8b, 0x45, 0xf4, 0x3b, 0x45, 0x08,
  0x7c, 0xab, 0xc9, 0xc3, 0x55, 0x89, 0xe5, 0x83, 0xec, 0x18, 0x83, 0x7d,
  0x08, 0x02, 0x7f, 0x15, 0x83, 0xec, 0x0c, 0x68, 0x30, 0x24, 0x00, 0x08,
  0xe8, 0xca, 0x0a, 0x00, 0x00, 0x83, 0xc4, 0x10, 0xe9, 0x16, 0x01, 0x00,
  0x00, 0x8b, 0x45, 0x0c, 0x83, 0xc0, 0x04, 0x8b, 0x00, 0x83, 0xec, 0x08,
  0x68, 0x01, 0x03, 0x00, 0x00, 0x50, 0xe8, 0xa9, 0x09, 0x00, 0x00, 0x83,
  0xc4, 0x10, 0x89, 0x45, 0xf0, 0x83, 0x7d, 0xf0, 0x00, 0x79, 0x21, 0x8b,
  0x45, 0x0c, 0x83, 0xc0, 0x04, 0x8b, 0x00, 0x83, 0xec, 0x04, 0xff, 0x75,
  0xf0, 0x50, 0x68, 0x4f, 0x24, 0x00, 0x08, 0xe8, 0x5b, 0xfa, 0xff, 0xff,
  0x83, 0xc4, 0x10, 0xe9, 0xd3, 0x00, 0x00, 0x00, 0xc7, 0x45, 0xf4, 0x02,
  0x00, 0x00, 0x00, 0xe9, 0x98, 0x00, 0x00, 0x00, 0x83, 0x7d, 0xf4, 0x02,
  0x7e, 0x15, 0x83, 0xec, 0x04, 0x6a, 0x01, 0x68, 0x9f, 0x23, 0x00, 0x08,
  0xff, 0x75, 0xf0, 0xe8, 0x24, 0x09, 0x00, 0x00, 0x83, 0xc4, 0x10, 0x8b,
  0x45, 0xf4, 0x8d, 0x14, 0x85, 0x00, 0x00, 0x00, 0x00, 0x8b, 0x45, 0x0c,
  0x01, 0xd0, 0x8b, 0x00, 0x83, 0xec, 0x0c, 0x50, 0xe8, 0x64, 0x0f, 0x00,
  0x00, 0x83, 0xc4, 0x10, 0x89, 0x45, 0xec, 0x8b, 0x55, 0xec, 0x8b, 0x45,
  0xf4, 0x8d, 0x0c, 0x85, 0x00, 0x00, 0x00, 0x00, 0x8b, 0x45, 0x0c, 0x01,
  0xc8, 0x8b, 0x00, 0x83, 0xec, 0x04, 0x52, 0x50, 0xff, 0x75, 0xf0, 0xe8,
  0xe0, 0x08, 0x00, 0x00, 0x83, 0xc4, 0x10, 0x89, 0x45, 0xe8, 0x83, 0x7d,
  0xe8, 0x00, 0x79, 0x2c, 0x8b, 0x45, 0x0c, 0x83, 0xc0, 0x04, 0x8b, 0x00,
  0x83, 0xec, 0x04, 0xff, 0x75, 0xe8, 0x50, 0x68, 0x4f, 0x24, 0x00, 0x08,
  0xe8, 0xc6, 0xf9, 0xff, 0xff, 0x83, 0xc4, 0x10, 0x83, 0xec, 0x0c, 0xff,
  0x75, 0xf0, 0xe8, 0xfa, 0x08, 0x00, 0x00, 0x83, 0xc4, 0x10, 0xeb, 0x33,
  0x83, 0x45, 0xf4, 0x01, 0x8b, 0x45, 0xf4, 0x3b, 0x45, 0x08, 0x0f, 0x8c,
  0x5c, 0xff, 0xff, 0xff, 0x83, 0xec, 0x04, 0x6a, 0x01, 0x68, 0xa1, 0x23,
  0x00, 0x08, 0xff, 0x75, 0xf0, 0xe8, 0x86, 0x08, 0x00, 0x00, 0x83, 0xc4,
  0x10, 0x83, 0xec, 0x0c, 0xff, 0x75, 0xf0, 0xe8, 0xc5, 0x08, 0x00, 0x00,
  0x83, 0xc4, 0x10, 0xc9, 0xc3, 0x55, 0x89, 0xe5, 0x53, 0x83, 0xec, 0x04,
  0xe8, 0x0a, 0x08, 0x00, 0x00, 0x89, 0xc3, 0xe8, 0xf4, 0x07, 0x00, 0x00,
  0x83, 0xec, 0x04, 0x53, 0x50, 0x68, 0x55, 0x24, 0x00, 0x08, 0xe8, 0x8b,
  0x0e, 0x00, 0x00, 0x83, 0xc4, 0x10, 0x90, 0x8b, 0x5d, 0xfc, 0xc9, 0xc3,
  0x55, 0x89, 0xe5, 0x81, 0xec, 0x18, 0x01, 0x00, 0x00, 0x8b, 0x45, 0x0c,
  0x8b, 0x00, 0x83, 0xec, 0x0c, 0x50, 0xe8, 0x8e, 0x0e, 0x00, 0x00, 0x83,
  0xc4, 0x10, 0x89, 0x45, 0xf4, 0x81, 0x7d, 0xf4, 0xff, 0x00, 0x00, 0x00,
  0x76, 0x1b, 0x8b, 0x45, 0x0c, 0x8b, 0x00, 0x83, 0xec, 0x08, 0x50, 0x68,
  0x64, 0x24, 0x00, 0x08, 0xe8, 0x49, 0x0e, 0x00, 0x00, 0x83, 0xc4, 0x10,
  0xe9, 0xa6, 0x00, 0x00, 0x00, 0x8b, 0x45, 0xf4, 0x8d, 0x50, 0x01, 0x8b,
  0x45, 0x0c, 0x8b, 0x00, 0x83, 0xec, 0x04, 0x52, 0x50, 0x8d, 0x85, 0xec,
  0xfe, 0xff, 0xff, 0x50, 0xe8, 0xc0, 0x0f, 0x00, 0x00, 0x83, 0xc4, 0x10,
  0x83, 0xec, 0x08, 0xff, 0x75, 0x0c, 0x8d, 0x85, 0xec, 0xfe, 0xff, 0xff,
  0x50, 0xe8, 0xbd, 0x07, 0x00, 0x00, 0x83, 0xc4, 0x10, 0x89, 0x45, 0xf0,
  0x83, 0x7d, 0xf0, 0x00, 0x79, 0x18, 0x8b, 0x45, 0x0c, 0x8b, 0x00, 0x83,
  0xec, 0x04, 0xff, 0x75, 0xf0, 0x6a, 0x00, 0x50, 0xe8, 0xc2, 0xf8, 0xff,
  0xff, 0x83, 0xc4, 0x10, 0xeb, 0x51, 0x83, 0x7d, 0x10, 0x00, 0x74, 0x1b,
  0x8b, 0x45, 0x0c, 0x8b, 0x00, 0x83, 0xec, 0x04, 0x50, 0xff, 0x75, 0xf0,
  0x68, 0x77, 0x24, 0x00, 0x08, 0xe8, 0xd0, 0x0d, 0x00, 0x00, 0x83, 0xc4,
  0x10, 0xeb, 0x30, 0x83, 0xec, 0x0c, 0xff, 0x75, 0xf0, 0xe8, 0x5a, 0x07,
  0x00, 0x00, 0x83, 0xc4, 0x10, 0x89, 0x45, 0xec, 0x83, 0x7d, 0xec, 0x00,
  0x74, 0x19, 0x8b, 0x45, 0x0c, 0x8b, 0x00, 0x83, 0xec, 0x04, 0xff, 0x75,
  0xec, 0x50, 0x68, 0x80, 0x24, 0x00, 0x08, 0xe8, 0x9e, 0x0d, 0x00, 0x00,
  0x83, 0xc4, 0x10, 0xc9, 0xc3, 0x55, 0x89, 0xe5, 0x83, 0xec, 0x10, 0xc7,
  0x45, 0xfc, 0x00, 0x00, 0x00, 0x00, 0x8b, 0x45, 0x08, 0x89, 0x45, 0xf8,
  0xeb, 0x74, 0x83, 0x45, 0xf8, 0x01, 0x8b, 0x45, 0xf8, 0x0f, 0xb6, 0x00,
  0x3c, 0x20, 0x74, 0xf2, 0x8b, 0x45, 0xf8, 0x0f, 0xb6, 0x00, 0x3c, 0x09,
  0x74, 0xe8, 0x8b, 0x45, 0xf8, 0x0f, 0xb6, 0x00, 0x84, 0xc0, 0x74, 0x6d,
  0x8b, 0x45, 0xfc, 0x8d, 0x50, 0x01, 0x89, 0x55, 0xfc, 0x8d, 0x14, 0x85,
  0x00, 0x00, 0x00, 0x00, 0x8b, 0x45, 0x0c, 0x01, 0xc2, 0x8b, 0x45, 0xf8,
  0x89, 0x02, 0xeb, 0x04, 0x83, 0x45, 0xf8, 0x01, 0x8b, 0x45, 0xf8, 0x0f,
  0xb6, 0x00, 0x84, 0xc0, 0x74, 0x14, 0x8b, 0x45, 0xf8, 0x0f, 0xb6, 0x00,
  0x3c, 0x20, 0x74, 0x0a, 0x8b, 0x45, 0xf8, 0x0f, 0xb6, 0x00, 0x3c, 0x09,
  0x75, 0xde, 0x8b, 0x45, 0xf8, 0x0f, 0xb6, 0x00, 0x84, 0xc0, 0x74, 0x0a,
  0x8b, 0x45, 0xf8, 0xc6, 0x00, 0x00, 0x83, 0x45, 0xf8, 0x01, 0x8b, 0x45,
  0xf8, 0x0f, 0xb6, 0x00, 0x84, 0xc0, 0x74, 0x12, 0x8b, 0x45, 0x10, 0x83,
  0xe8, 0x01, 0x39, 0x45, 0xfc, 0x0f, 0x8c, 0x77, 0xff, 0xff, 0xff, 0xeb,
  0x01, 0x90, 0x8b, 0x45, 0xfc, 0x8d, 0x14, 0x85, 0x00, 0x00, 0x00, 0x00,
  0x8b, 0x45, 0x0c, 0x01, 0xd0, 0xc7, 0x00, 0x00, 0x00, 0x00, 0x00, 0x8b,
  0x45, 0xfc, 0xc9, 0xc3, 0x55, 0x89, 0xe5, 0x83, 0xec, 0x18, 0x8b, 0x45,
  0x08, 0x8b, 0x00, 0x85, 0xc0, 0x75, 0x0a, 0xb8, 0x00, 0x00, 0x00, 0x00,
  0xe9, 0xa0, 0x00, 0x00, 0x00, 0x8b, 0x45, 0x08, 0x8b, 0x00, 0x05, 0xff,
  0xff, 0xff, 0x3f, 0x8d, 0x14, 0x85, 0x00, 0x00, 0x00, 0x00, 0x8b, 0x45,
  0x0c, 0x01, 0xd0, 0x8b, 0x00, 0x89, 0x45, 0xf4, 0x83, 0xec, 0x0c, 0xff,
  0x75, 0xf4, 0xe8, 0xbe, 0x0c, 0x00, 0x00, 0x83, 0xc4, 0x10, 0x89, 0x45,
  0xf0, 0x83, 0xec, 0x08, 0x68, 0x9b, 0x24, 0x00, 0x08, 0xff, 0x75, 0xf4,
  0xe8, 0xcf, 0x0c, 0x00, 0x00, 0x83, 0xc4, 0x10, 0x85, 0xc0, 0x75, 0x2b,
  0x8b, 0x45, 0x08, 0x8b, 0x00, 0x8d, 0x50, 0xff, 0x8b, 0x45, 0x08, 0x89,
  0x10, 0x8b, 0x45, 0x08, 0x8b, 0x00, 0x8d, 0x14, 0x85, 0x00, 0x00, 0x00,
  0x00, 0x8b, 0x45, 0x0c, 0x01, 0xd0, 0xc7, 0x00, 0x00, 0x00, 0x00, 0x00,
  0xb8, 0x01, 0x00, 0x00, 0x00, 0xeb, 0x32, 0x83, 0x7d, 0xf0, 0x00, 0x74,
  0x27, 0x8b, 0x45, 0xf0, 0x8d, 0x50, 0xff, 0x8b, 0x45, 0xf4, 0x01, 0xd0,
  0x0f, 0xb6, 0x00, 0x3c, 0x26, 0x75, 0x15, 0x8b, 0x45, 0xf0, 0x8d, 0x50,
  0xff, 0x8b, 0x45, 0xf4, 0x01, 0xd0, 0xc6, 0x00, 0x00, 0xb8, 0x01, 0x00,
  0x00, 0x00, 0xeb, 0x05, 0xb8, 0x00, 0x00, 0x00, 0x00, 0xc9, 0xc3, 0x55,
  0x89, 0xe5, 0x83, 0xec, 0x18, 0x83, 0xec, 0x08, 0x6a, 0x2f, 0xff, 0x75,
  0x08, 0xe8, 0x79, 0x0d, 0x00, 0x00, 0x83, 0xc4, 0x10, 0x85, 0xc0, 0x74,
  0x07, 0xb8, 0x01, 0x00, 0x00, 0x00, 0xeb, 0x43, 0x83, 0xec, 0x0c, 0xff,
  0x75, 0x08, 0xe8, 0x16, 0x0c, 0x00, 0x00, 0x83, 0xc4, 0x10, 0x89, 0x45,
  0xf4, 0x83, 0x7d, 0xf4, 0x04, 0x76, 0x27, 0x8b, 0x45, 0xf4, 0x8d, 0x50,
  0xfc, 0x8b, 0x45, 0x08, 0x01, 0xd0, 0x83, 0xec, 0x08, 0x68, 0x9d, 0x24,
  0x00, 0x08, 0x50, 0xe8, 0x18, 0x0c, 0x00, 0x00, 0x83, 0xc4, 0x10, 0x85,
  0xc0, 0x75, 0x07, 0xb8, 0x01, 0x00, 0x00, 0x00, 0xeb, 0x05, 0xb8, 0x00,
  0x00, 0x00, 0x00, 0xc9, 0xc3, 0x55, 0x89, 0xe5, 0x83, 0xec, 0x18, 0x8b,
  0x45, 0x0c, 0x8b, 0x00, 0x89, 0x45, 0xf4, 0x83, 0xec, 0x08, 0x68, 0xa2,
  0x24, 0x00, 0x08, 0xff, 0x75, 0xf4, 0xe8, 0xe5, 0x0b, 0x00, 0x00, 0x83,
  0xc4, 0x10, 0x85, 0xc0, 0x74, 0x17, 0x83, 0xec, 0x08, 0x68, 0xa7, 0x24,
  0x00, 0x08, 0xff, 0x75, 0xf4, 0xe8, 0xce, 0x0b, 0x00, 0x00, 0x83, 0xc4,
  0x10, 0x85, 0xc0, 0x75, 0x30, 0x83, 0x7d, 0x08, 0x01, 0x7e, 0x16, 0x8b,
  0x45, 0x0c, 0x83, 0xc0, 0x04, 0x8b, 0x00, 0x83, 0xec, 0x0c, 0x50, 0xe8,
  0x3e, 0x0e, 0x00, 0x00, 0x83, 0xc4, 0x10, 0xeb, 0x05, 0xb8, 0x00, 0x00,
  0x00, 0x00, 0x8b, 0x55, 0x14, 0x89, 0x02, 0xb8, 0x01, 0x00, 0x00, 0x00,
  0xe9, 0xbf, 0x02, 0x00, 0x00, 0x83, 0xec, 0x08, 0x68, 0xae, 0x24, 0x00,
  0x08, 0xff, 0x75, 0xf4, 0xe8, 0x87, 0x0b, 0x00, 0x00, 0x83, 0xc4, 0x10,
  0x85, 0xc0, 0x75, 0x0f, 0xe8, 0x54, 0xf6, 0xff, 0xff, 0xb8, 0x00, 0x00,
  0x00, 0x00, 0xe9, 0x99, 0x02, 0x00, 0x00, 0x83, 0xec, 0x08, 0x68, 0xb3,
  0x24, 0x00, 0x08, 0xff, 0x75, 0xf4, 0xe8, 0x61, 0x0b, 0x00, 0x00, 0x83,
  0xc4, 0x10, 0x85, 0xc0, 0x75, 0x1b, 0x83, 0xec, 0x08, 0xff, 0x75, 0x0c,
  0xff, 0x75, 0x08, 0xe8, 0x3e, 0xf6, 0xff, 0xff, 0x83, 0xc4, 0x10, 0xb8,
  0x00, 0x00, 0x00, 0x00, 0xe9, 0x67, 0x02, 0x00, 0x00, 0x83, 0xec, 0x08,
  0x68, 0xa3, 0x23, 0x00, 0x08, 0xff, 0x75, 0xf4, 0xe8, 0x2f, 0x0b, 0x00,
  0x00, 0x83, 0xc4, 0x10, 0x85, 0xc0, 0x75, 0x0f, 0xe8, 0x76, 0xf6, 0xff,
  0xff, 0xb8, 0x00, 0x00, 0x00, 0x00, 0xe9, 0x41, 0x02, 0x00, 0x00, 0x83,
  0xec, 0x08, 0x68, 0xaf, 0x23, 0x00, 0x08, 0xff, 0x75, 0xf4, 0xe8, 0x09,
  0x0b, 0x00, 0x00, 0x83, 0xc4, 0x10, 0x85, 0xc0, 0x75, 0x1b, 0x83, 0xec,
  0x08, 0xff, 0x75, 0x0c, 0xff, 0x75, 0x08, 0xe8, 0xa0, 0xf6, 0xff, 0xff,
  0x83, 0xc4, 0x10, 0xb8, 0x00, 0x00, 0x00, 0x00, 0xe9, 0x0f, 0x02, 0x00,
  0x00, 0x83, 0xec, 0x08, 0x68, 0xb4, 0x23, 0x00, 0x08, 0xff, 0x75, 0xf4,
  0xe8, 0xd7, 0x0a, 0x00, 0x00, 0x83, 0xc4, 0x10, 0x85, 0xc0, 0x75, 0x1b,
  0x83, 0xec, 0x08, 0xff, 0x75, 0x0c, 0xff, 0x75, 0x08, 0xe8, 0xbc, 0xf6,
  0xff, 0xff, 0x83, 0xc4, 0x10, 0xb8, 0x00, 0x00, 0x00, 0x00, 0xe9, 0xdd,
  0x01, 0x00, 0x00, 0x83, 0xec, 0x08, 0x68, 0xdb, 0x23, 0x00, 0x08, 0xff,
  0x75, 0xf4, 0xe8, 0xa5, 0x0a, 0x00, 0x00, 0x83, 0xc4, 0x10, 0x85, 0xc0,
  0x75, 0x1b, 0x83, 0xec, 0x08, 0xff, 0x75, 0x0c, 0xff, 0x75, 0x08, 0xe8,
  0x07, 0xf8, 0xff, 0xff, 0x83, 0xc4, 0x10, 0xb8, 0x00, 0x00, 0x00, 0x00,
  0xe9, 0xab, 0x01, 0x00, 0x00, 0x83, 0xec, 0x08, 0x68, 0xf6, 0x23, 0x00,
  0x08, 0xff, 0x75, 0xf4, 0xe8, 0x73, 0x0a, 0x00, 0x00, 0x83, 0xc4, 0x10,
  0x85, 0xc0, 0x75, 0x1b, 0x83, 0xec, 0x08, 0xff, 0x75, 0x0c, 0xff, 0x75,
  0x08, 0xe8, 0xdf, 0xf8, 0xff, 0xff, 0x83, 0xc4, 0x10, 0xb8, 0x00, 0x00,
  0x00, 0x00, 0xe9, 0x79, 0x01, 0x00, 0x00, 0x83, 0xec, 0x08, 0x68, 0x4f,
  0x24, 0x00, 0x08, 0xff, 0x75, 0xf4, 0xe8, 0x41, 0x0a, 0x00, 0x00, 0x83,
  0xc4, 0x10, 0x85, 0xc0, 0x75, 0x1b, 0x83, 0xec, 0x08, 0xff, 0x75, 0x0c,
  0xff, 0x75, 0x08, 0xe8, 0xfc, 0xf9, 0xff, 0xff, 0x83, 0xc4, 0x10, 0xb8,
  0x00, 0x00, 0x00, 0x00, 0xe9, 0x47, 0x01, 0x00, 0x00, 0x83, 0xec, 0x08,
  0x68, 0xb8, 0x24, 0x00, 0x08, 0xff, 0x75, 0xf4, 0xe8, 0x0f, 0x0a, 0x00,
  0x00, 0x83, 0xc4, 0x10, 0x85, 0xc0, 0x75, 0x0f, 0xe8, 0x0c, 0xfb, 0xff,
  0xff, 0xb8, 0x00, 0x00, 0x00, 0x00, 0xe9, 0x21, 0x01, 0x00, 0x00, 0x83,
  0xec, 0x08, 0x68, 0xbb, 0x24, 0x00, 0x08, 0xff, 0x75, 0xf4, 0xe8, 0xe9,
  0x09, 0x00, 0x00, 0x83, 0xc4, 0x10, 0x85, 0xc0, 0x75, 0x22, 0x68, 0xbb,
  0x24, 0x00, 0x08, 0x68, 0x67, 0x10, 0x00, 0x08, 0xff, 0x75, 0x0c, 0xff,
  0x75, 0x08, 0xe8, 0x1c, 0xf9, 0xff, 0xff, 0x83, 0xc4, 0x10, 0xb8, 0x00,
  0x00, 0x00, 0x00, 0xe9, 0xe8, 0x00, 0x00, 0x00, 0x83, 0xec, 0x08, 0x68,
  0xc1, 0x24, 0x00, 0x08, 0xff, 0x75, 0xf4, 0xe8, 0xb0, 0x09, 0x00, 0x00,
  0x83, 0xc4, 0x10, 0x85, 0xc0, 0x75, 0x22, 0x68, 0xc1, 0x24, 0x00, 0x08,
  0x68, 0x7a, 0x10, 0x00, 0x08, 0xff, 0x75, 0x0c, 0xff, 0x75, 0x08, 0xe8,
  0xe3, 0xf8, 0xff, 0xff, 0x83, 0xc4, 0x10, 0xb8, 0x00, 0x00, 0x00, 0x00,
  0xe9, 0xaf, 0x00, 0x00, 0x00, 0x83, 0xec, 0x08, 0x68, 0xc7, 0x24, 0x00,
  0x08, 0xff, 0x75, 0xf4, 0xe8, 0x77, 0x09, 0x00, 0x00, 0x83, 0xc4, 0x10,
  0x85, 0xc0, 0x75, 0x1f, 0x68, 0xc7, 0x24, 0x00, 0x08, 0x68, 0x8d, 0x10,
  0x00, 0x08, 0xff, 0x75, 0x0c, 0xff, 0x75, 0x08, 0xe8, 0xaa, 0xf8, 0xff,
  0xff, 0x83, 0xc4, 0x10, 0xb8, 0x00, 0x00, 0x00, 0x00, 0xeb, 0x79, 0x83,
  0xec, 0x08, 0x68, 0xca, 0x24, 0x00, 0x08, 0xff, 0x75, 0xf4, 0xe8, 0x41,
  0x09, 0x00, 0x00, 0x83, 0xc4, 0x10, 0x85, 0xc0, 0x75, 0x1d, 0xe8, 0x36,
  0x02, 0x00, 0x00, 0x83, 0xec, 0x08, 0x50, 0x68, 0xd1, 0x24, 0x00, 0x08,
  0xe8, 0xdd, 0x08, 0x00, 0x00, 0x83, 0xc4, 0x10, 0xb8, 0x00, 0x00, 0x00,
  0x00, 0xeb, 0x45, 0x83, 0xec, 0x0c, 0xff, 0x75, 0xf4, 0xe8, 0xa9, 0xfc,
  0xff, 0xff, 0x83, 0xc4, 0x10, 0x85, 0xc0, 0x74, 0x1b, 0x83, 0xec, 0x04,
  0xff, 0x75, 0x10, 0xff, 0x75, 0x0c, 0xff, 0x75, 0x08, 0xe8, 0x2e, 0xfa,
  0xff, 0xff, 0x83, 0xc4, 0x10, 0xb8, 0x00, 0x00, 0x00, 0x00, 0xeb, 0x18,
  0x83, 0xec, 0x08, 0xff, 0x75, 0xf4, 0x68, 0xd5, 0x24, 0x00, 0x08, 0xe8,
  0x96, 0x08, 0x00, 0x00, 0x83, 0xc4, 0x10, 0xb8, 0x00, 0x00, 0x00, 0x00,
  0xc9, 0xc3, 0x8d, 0x4c, 0x24, 0x04, 0x83, 0xe4, 0xf0, 0xff, 0x71, 0xfc,
  0x55, 0x89, 0xe5, 0x51, 0x81, 0xec, 0x94, 0x02, 0x00, 0x00, 0x83, 0xec,
  0x0c, 0x68, 0xf4, 0x24, 0x00, 0x08, 0xe8, 0x68, 0x03, 0x00, 0x00, 0x83,
  0xc4, 0x10, 0xc7, 0x85, 0x6c, 0xfe, 0xff, 0xff, 0x00, 0x00, 0x00, 0x00,
  0x83, 0xec, 0x08, 0x68, 0x00, 0x01, 0x00, 0x00, 0x8d, 0x85, 0x68, 0xfd,
  0xff, 0xff, 0x50, 0xe8, 0xf8, 0x02, 0x00, 0x00, 0x83, 0xc4, 0x10, 0x85,
  0xc0, 0x78, 0x19, 0x83, 0xec, 0x08, 0x8d, 0x85, 0x68, 0xfd, 0xff, 0xff,
  0x50, 0x68, 0x38, 0x25, 0x00, 0x08, 0xe8, 0x2f, 0x08, 0x00, 0x00, 0x83,
  0xc4, 0x10, 0xeb, 0x10, 0x83, 0xec, 0x0c, 0x68, 0x3e, 0x25, 0x00, 0x08,
  0xe8, 0x1a, 0x03, 0x00, 0x00, 0x83, 0xc4, 0x10, 0x83, 0xec, 0x08, 0x68,
  0x00, 0x01, 0x00, 0x00, 0x8d, 0x85, 0xf0, 0xfe, 0xff, 0xff, 0x50, 0xe8,
  0x82, 0x03, 0x00, 0x00, 0x83, 0xc4, 0x10, 0x89, 0x45, 0xf4, 0x83, 0x7d,
  0xf4, 0x00, 0x79, 0x15, 0x83, 0xec, 0x0c, 0x68, 0xa1, 0x23, 0x00, 0x08,
  0xe8, 0xea, 0x02, 0x00, 0x00, 0x83, 0xc4, 0x10, 0xe9, 0x9b, 0x00, 0x00,
  0x00, 0x83, 0xec, 0x08, 0x8d, 0x85, 0xf0, 0xfe, 0xff, 0xff, 0x50, 0x68,
  0xa7, 0x23, 0x00, 0x08, 0xe8, 0xd1, 0x07, 0x00, 0x00, 0x83, 0xc4, 0x10,
  0x83, 0x7d, 0xf4, 0x00, 0x0f, 0x84, 0x92, 0x00, 0x00, 0x00, 0x83, 0xec,
  0x04, 0x6a, 0x20, 0x8d, 0x85, 0x70, 0xfe, 0xff, 0xff, 0x50, 0x8d, 0x85,
  0xf0, 0xfe, 0xff, 0xff, 0x50, 0xe8, 0x13, 0xfa, 0xff, 0xff, 0x83, 0xc4,
  0x10, 0x89, 0x85, 0x68, 0xfe, 0xff, 0xff, 0x8b, 0x85, 0x68, 0xfe, 0xff,
  0xff, 0x85, 0xc0, 0x74, 0x6d, 0x83, 0xec, 0x08, 0x8d, 0x85, 0x70, 0xfe,
  0xff, 0xff, 0x50, 0x8d, 0x85, 0x68, 0xfe, 0xff, 0xff, 0x50, 0xe8, 0xa9,
  0xfa, 0xff, 0xff, 0x83, 0xc4, 0x10, 0x89, 0x45, 0xf0, 0x8b, 0x85, 0x68,
  0xfe, 0xff, 0xff, 0x85, 0xc0, 0x74, 0x4d, 0x8b, 0x85, 0x68, 0xfe, 0xff,
  0xff, 0x8d, 0x95, 0x6c, 0xfe, 0xff, 0xff, 0x52, 0xff, 0x75, 0xf0, 0x8d,
  0x95, 0x70, 0xfe, 0xff, 0xff, 0x52, 0x50, 0xe8, 0x9d, 0xfb, 0xff, 0xff,
  0x83, 0xc4, 0x10, 0x85, 0xc0, 0x0f, 0x84, 0xed, 0xfe, 0xff, 0xff, 0x90,
  0x83, 0xec, 0x0c, 0x68, 0x41, 0x25, 0x00, 0x08, 0xe8, 0x3a, 0x02, 0x00,
  0x00, 0x83, 0xc4, 0x10, 0x8b, 0x85, 0x6c, 0xfe, 0xff, 0xff, 0xeb, 0x12,
  0x90, 0xe9, 0xce, 0xfe, 0xff, 0xff, 0x90, 0xe9, 0xc8, 0xfe, 0xff, 0xff,
  0x90, 0xe9, 0xc2, 0xfe, 0xff, 0xff, 0x8b, 0x4d, 0xfc, 0xc9, 0x8d, 0x61,
  0xfc, 0xc3, 0x55, 0x89, 0xe5, 0x83, 0xec, 0x10, 0x8b, 0x45, 0x08, 0xcd,
  0x80, 0x89, 0x45, 0xfc, 0x8b, 0x45, 0xfc, 0xc9, 0xc3, 0x55, 0x89, 0xe5,
  0x53, 0x83, 0xec, 0x10, 0x8b, 0x45, 0x08, 0x8b, 0x55, 0x0c, 0x89, 0xd3,
  0xcd, 0x80, 0x89, 0x45, 0xf8, 0x8b, 0x45, 0xf8, 0x8b, 0x5d, 0xfc, 0xc9,
  0xc3, 0x55, 0x89, 0xe5, 0x53, 0x83, 0xec, 0x10, 0x8b, 0x45, 0x08, 0x8b,
  0x5d, 0x0c, 0x8b, 0x4d, 0x10, 0x8b, 0x55, 0x14, 0xcd, 0x80, 0x89, 0x45,
  0xf8, 0x8b, 0x45, 0xf8, 0x8b, 0x5d, 0xfc, 0xc9, 0xc3, 0x55, 0x89, 0xe5,
  0x8b, 0x45, 0x08, 0x50, 0x6a, 0x00, 0xe8, 0xb6, 0xff, 0xff, 0xff, 0x83,
  0xc4, 0x08, 0x90, 0xeb, 0xfd, 0x55, 0x89, 0xe5, 0x6a, 0x03, 0xe8, 0x93,
  0xff, 0xff, 0xff, 0x83, 0xc4, 0x04, 0xc9, 0xc3, 0x55, 0x89, 0xe5, 0x6a,
  0x05, 0xe8, 0x84, 0xff, 0xff, 0xff, 0x83, 0xc4, 0x04, 0xc9, 0xc3, 0x55,
  0x89, 0xe5, 0x6a, 0x06, 0xe8, 0x75, 0xff, 0xff, 0xff, 0x83, 0xc4, 0x04,
  0xc9, 0xc3, 0x55, 0x89, 0xe5, 0x6a, 0x04, 0xe8, 0x66, 0xff, 0xff, 0xff,
  0x83, 0xc4, 0x04, 0x90, 0xc9, 0xc3, 0x55, 0x89, 0xe5, 0xff, 0x75, 0x08,
  0x6a, 0x11, 0xe8, 0x66, 0xff, 0xff, 0xff, 0x83, 0xc4, 0x08, 0xc9, 0xc3,
  0x55, 0x89, 0xe5, 0x8b, 0x45, 0x08, 0x50, 0x6a, 0x12, 0xe8, 0x53, 0xff,
  0xff, 0xff, 0x83, 0xc4, 0x08, 0xc9, 0xc3, 0x55, 0x89, 0xe5, 0x8b, 0x55,
  0x0c, 0x8b, 0x45, 0x08, 0x6a, 0x00, 0x52, 0x50, 0x6a, 0x13, 0xe8, 0x56,
  0xff, 0xff, 0xff, 0x83, 0xc4, 0x10, 0xc9, 0xc3, 0x55, 0x89, 0xe5, 0x8b,
  0x55, 0x0c, 0x8b, 0x45, 0x08, 0xff, 0x75, 0x10, 0x52, 0x50, 0x6a, 0x01,
  0xe8, 0x3c, 0xff, 0xff, 0xff, 0x83, 0xc4, 0x10, 0xc9, 0xc3, 0x55, 0x89,
  0xe5, 0x8b, 0x55, 0x0c, 0x8b, 0x45, 0x08, 0xff, 0x75, 0x10, 0x52, 0x50,
  0x6a, 0x02, 0xe8, 0x22, 0xff, 0xff, 0xff, 0x83, 0xc4, 0x10, 0xc9, 0xc3,
  0x55, 0x89, 0xe5, 0x8b, 0x55, 0x0c, 0x8b, 0x45, 0x08, 0x6a, 0x00, 0x52,
  0x50, 0x6a, 0x14, 0xe8, 0x09, 0xff, 0xff, 0xff, 0x83, 0xc4, 0x10, 0xc9,
  0xc3, 0x55, 0x89, 0xe5, 0x8b, 0x45, 0x08, 0x50, 0x6a, 0x15, 0xe8, 0xda,
  0xfe, 0xff, 0xff, 0x83, 0xc4, 0x08, 0xc9, 0xc3, 0x55, 0x89, 0xe5, 0x8b,
  0x55, 0x0c, 0x8b, 0x45, 0x08, 0xff, 0x75, 0x10, 0x52, 0x50, 0x6a, 0x16,
  0xe8, 0xdc, 0xfe, 0xff, 0xff, 0x83, 0xc4, 0x10, 0xc9, 0xc3, 0x55, 0x89,
  0xe5, 0x8b, 0x55, 0x0c, 0x8b, 0x45, 0x08, 0xff, 0x75, 0x10, 0x52, 0x50,
  0x6a, 0x17, 0xe8, 0xc2, 0xfe, 0xff, 0xff, 0x83, 0xc4, 0x10, 0xc9, 0xc3,
  0x55, 0x89, 0xe5, 0x8b, 0x4d, 0x10, 0x8b, 0x55, 0x0c, 0x8b, 0x45, 0x08,
  0x51, 0x52, 0x50, 0x6a, 0x18, 0xe8, 0xa7, 0xfe, 0xff, 0xff, 0x83, 0xc4,
  0x10, 0xc9, 0xc3, 0x55, 0x89, 0xe5, 0x8b, 0x45, 0x08, 0x50, 0x6a, 0x19,
  0xe8, 0x78, 0xfe, 0xff, 0xff, 0x83, 0xc4, 0x08, 0xc9, 0xc3, 0x55, 0x89,
  0xe5, 0x8b, 0x45, 0x08, 0x50, 0x6a, 0x1a, 0xe8, 0x65, 0xfe, 0xff, 0xff,
  0x83, 0xc4, 0x08, 0xc9, 0xc3, 0x55, 0x89, 0xe5, 0x8b, 0x45, 0x08, 0x50,
  0x6a, 0x1b, 0xe8, 0x52, 0xfe, 0xff, 0xff, 0x83, 0xc4, 0x08, 0xc9, 0xc3,
  0x55, 0x89, 0xe5, 0x8b, 0x45, 0x08, 0x6a, 0x00, 0xff, 0x75, 0x0c, 0x50,
  0x6a, 0x1c, 0xe8, 0x56, 0xfe, 0xff, 0xff, 0x83, 0xc4, 0x10, 0xc9, 0xc3,
  0x55, 0x89, 0xe5, 0x8b, 0x45, 0x08, 0x50, 0x6a, 0x1d, 0xe8, 0x27, 0xfe,
  0xff, 0xff, 0x83, 0xc4, 0x08, 0xc9, 0xc3, 0x55, 0x89, 0xe5, 0x83, 0xec,
  0x10, 0x8b, 0x45, 0x08, 0x88, 0x45, 0xff, 0x6a, 0x01, 0x8d, 0x45, 0xff,
  0x50, 0x6a, 0x01, 0xe8, 0xd4, 0xfe, 0xff, 0xff, 0x83, 0xc4, 0x0c, 0x8b,
  0x45, 0x08, 0x0f, 0xb6, 0xc0, 0xc9, 0xc3, 0x55, 0x89, 0xe5, 0x83, 0xec,
  0x08, 0x83, 0xec, 0x0c, 0xff, 0x75, 0x08, 0xe8, 0x15, 0x05, 0x00, 0x00,
  0x83, 0xc4, 0x10, 0x83, 0xec, 0x04, 0x50, 0xff, 0x75, 0x08, 0x6a, 0x01,
  0xe8, 0xa7, 0xfe, 0xff, 0xff, 0x83, 0xc4, 0x10, 0x90, 0xc9, 0xc3, 0x55,
  0x89, 0xe5, 0x83, 0xec, 0x08, 0x83, 0xec, 0x0c, 0xff, 0x75, 0x08, 0xe8,
  0xc7, 0xff, 0xff, 0xff, 0x83, 0xc4, 0x10, 0x83, 0xec, 0x0c, 0x6a, 0x0a,
  0xe8, 0x96, 0xff, 0xff, 0xff, 0x83, 0xc4, 0x10, 0xb8, 0x00, 0x00, 0x00,
  0x00, 0xc9, 0xc3, 0x55, 0x89, 0xe5, 0x83, 0xec, 0x10, 0x6a, 0x01, 0x8d,
  0x45, 0xfb, 0x50, 0x6a, 0x00, 0xe8, 0x80, 0xfe, 0xff, 0xff, 0x83, 0xc4,
  0x0c, 0x89, 0x45, 0xfc, 0x83, 0x7d, 0xfc, 0x01, 0x75, 0x09, 0x0f, 0xb6,
  0x45, 0xfb, 0x0f, 0xb6, 0xc0, 0xeb, 0x05, 0xb8, 0xff, 0xff, 0xff, 0xff,
  0xc9, 0xc3, 0x55, 0x89, 0xe5, 0x83, 0xec, 0x10, 0x83, 0x7d, 0x0c, 0x00,
  0x75, 0x07, 0xb8, 0xff, 0xff, 0xff, 0xff, 0xeb, 0x4c, 0x8b, 0x45, 0x0c,
  0x83, 0xe8, 0x01, 0x50, 0xff, 0x75, 0x08, 0x6a, 0x00, 0xe8, 0x40, 0xfe,
  0xff, 0xff, 0x83, 0xc4, 0x0c, 0x89, 0x45, 0xfc, 0x83, 0x7d, 0xfc, 0x00,
  0x79, 0x05, 0x8b, 0x45, 0xfc, 0xeb, 0x2a, 0x83, 0x7d, 0xfc, 0x00, 0x7e,
  0x16, 0x8b, 0x45, 0xfc, 0x8d, 0x50, 0xff, 0x8b, 0x45, 0x08, 0x01, 0xd0,
  0x0f, 0xb6, 0x00, 0x3c, 0x0a, 0x75, 0x04, 0x83, 0x6d, 0xfc, 0x01, 0x8b,
  0x55, 0xfc, 0x8b, 0x45, 0x08, 0x01, 0xd0, 0xc6, 0x00, 0x00, 0x8b, 0x45,
  0xfc, 0xc9, 0xc3, 0x55, 0x89, 0xe5, 0x8b, 0x45, 0x08, 0x8b, 0x80, 0x80,
  0x00, 0x00, 0x00, 0x85, 0xc0, 0x74, 0x25, 0x8b, 0x45, 0x08, 0x8b, 0x90,
  0x80, 0x00, 0x00, 0x00, 0x8b, 0x45, 0x08, 0x52, 0x50, 0x6a, 0x01, 0xe8,
  0xc4, 0xfd, 0xff, 0xff, 0x83, 0xc4, 0x0c, 0x8b, 0x45, 0x08, 0xc7, 0x80,
  0x80, 0x00, 0x00, 0x00, 0x00, 0x00, 0x00, 0x00, 0x90, 0xc9, 0xc3, 0x55,
  0x89, 0xe5, 0x8b, 0x45, 0x08, 0x8b, 0x80, 0x80, 0x00, 0x00, 0x00, 0x3d,
  0x80, 0x00, 0x00, 0x00, 0x75, 0x0b, 0xff, 0x75, 0x08, 0xe8, 0xad, 0xff,
  0xff, 0xff, 0x83, 0xc4, 0x04, 0x8b, 0x45, 0x08, 0x8b, 0x80, 0x80, 0x00,
  0x00, 0x00, 0x8d, 0x48, 0x01, 0x8b, 0x55, 0x08, 0x89, 0x8a, 0x80, 0x00,
  0x00, 0x00, 0x8b, 0x55, 0x08, 0x0f, 0xb6, 0x4d, 0x0c, 0x88, 0x0c, 0x02,
  0x8b, 0x45, 0x08, 0x8b, 0x80, 0x84, 0x00, 0x00, 0x00, 0x8d, 0x50, 0x01,
  0x8b, 0x45, 0x08, 0x89, 0x90, 0x84, 0x00, 0x00, 0x00, 0x90, 0xc9, 0xc3,
  0x55, 0x89, 0xe5, 0xeb, 0x1b, 0x8b, 0x45, 0x0c, 0x8d, 0x50, 0x01, 0x89,
  0x55, 0x0c, 0x0f, 0xb6, 0x00, 0x0f, 0xbe, 0xc0, 0x50, 0xff, 0x75, 0x08,
  0xe8, 0x8e, 0xff, 0xff, 0xff, 0x83, 0xc4, 0x08, 0x8b, 0x45, 0x0c, 0x0f,
  0xb6, 0x00, 0x84, 0xc0, 0x75, 0xdb, 0x90, 0x90, 0xc9, 0xc3, 0x55, 0x89,
  0xe5, 0x83, 0xec, 0x10, 0xc7, 0x45, 0xfc, 0x00, 0x00, 0x00, 0x00, 0x8b,
  0x4d, 0x0c, 0xba, 0xcd, 0xcc, 0xcc, 0xcc, 0x89, 0xc8, 0xf7, 0xe2, 0xc1,
  0xea, 0x03, 0x89, 0xd0, 0xc1, 0xe0, 0x02, 0x01, 0xd0, 0x01, 0xc0, 0x29,
  0xc1, 0x89, 0xca, 0x89, 0xd0, 0x8d, 0x48, 0x30, 0x8b, 0x45, 0xfc, 0x8d,
  0x50, 0x01, 0x89, 0x55, 0xfc, 0x89, 0xca, 0x88, 0x54, 0x05, 0xf0, 0x8b,
  0x45, 0x0c, 0xba, 0xcd, 0xcc, 0xcc, 0xcc, 0xf7, 0xe2, 0x89, 0xd0, 0xc1,
  0xe8, 0x03, 0x89, 0x45, 0x0c, 0x83, 0x7d, 0x0c, 0x00, 0x75, 0xb8, 0xeb,
  0x1e, 0x83, 0x6d, 0xfc, 0x01, 0x8d, 0x55, 0xf0, 0x8b, 0x45, 0xfc, 0x01,
  0xd0, 0x0f, 0xb6, 0x00, 0x0f, 0xbe, 0xc0, 0x50, 0xff, 0x75, 0x08, 0xe8,
  0x0b, 0xff, 0xff, 0xff, 0x83, 0xc4, 0x08, 0x83, 0x7d, 0xfc, 0x00, 0x7f,
  0xdc, 0x90, 0x90, 0xc9, 0xc3, 0x55, 0x89, 0xe5, 0x83, 0xec, 0x10, 0xc7,
  0x45, 0xfc, 0x00, 0x00, 0x00, 0x00, 0x8b, 0x45, 0x0c, 0x83, 0xe0, 0x0f,
  0x89, 0xc1, 0x8b, 0x45, 0xfc, 0x8d, 0x50, 0x01, 0x89, 0x55, 0xfc, 0x0f,
  0xb6, 0x91, 0x60, 0x25, 0x00, 0x08, 0x88, 0x54, 0x05, 0xf4, 0xc1, 0x6d,
  0x0c, 0x04, 0x83, 0x7d, 0x0c, 0x00, 0x75, 0xda, 0xeb, 0x1e, 0x83, 0x6d,
  0xfc, 0x01, 0x8d, 0x55, 0xf4, 0x8b, 0x45, 0xfc, 0x01, 0xd0, 0x0f, 0xb6,
  0x00, 0x0f, 0xbe, 0xc0, 0x50, 0xff, 0x75, 0x08, 0xe8, 0xae, 0xfe, 0xff,
  0xff, 0x83, 0xc4, 0x08, 0x83, 0x7d, 0xfc, 0x00, 0x7f, 0xdc, 0x90, 0x90,
  0xc9, 0xc3, 0x55, 0x89, 0xe5, 0x81, 0xec, 0x90, 0x00, 0x00, 0x00, 0xba,
  0x00, 0x00, 0x00, 0x00, 0xb8, 0x88, 0x00, 0x00, 0x00, 0x83, 0xe0, 0xf8,
  0x89, 0xc1, 0xb8, 0x00, 0x00, 0x00, 0x00, 0x89, 0x94, 0x05, 0x70, 0xff,
  0xff, 0xff, 0x89, 0x94, 0x05, 0x74, 0xff, 0xff, 0xff, 0x83, 0xc0, 0x08,
  0x39, 0xc8, 0x72, 0xeb, 0xe9, 0x33, 0x02, 0x00, 0x00, 0x8b, 0x45, 0x08,
  0x0f, 0xb6, 0x00, 0x3c, 0x25, 0x74, 0x1e, 0x8b, 0x45, 0x08, 0x0f, 0xb6,
  0x00, 0x0f, 0xbe, 0xc0, 0x50, 0x8d, 0x85, 0x70, 0xff, 0xff, 0xff, 0x50,
  0xe8, 0x4a, 0xfe, 0xff, 0xff, 0x83, 0xc4, 0x08, 0xe9, 0x07, 0x02, 0x00,
  0x00, 0x83, 0x45, 0x08, 0x01, 0x8b, 0x45, 0x08, 0x0f, 0xb6, 0x00, 0x0f,
  0xbe, 0xc0, 0x83, 0xf8, 0x78, 0x0f, 0x84, 0x5f, 0x01, 0x00, 0x00, 0x83,
  0xf8, 0x78, 0x0f, 0x8f, 0xbd, 0x01, 0x00, 0x00, 0x83, 0xf8, 0x75, 0x0f,
  0x84, 0x2d, 0x01, 0x00, 0x00, 0x83, 0xf8, 0x75, 0x0f, 0x8f, 0xab, 0x01,
  0x00, 0x00, 0x83, 0xf8, 0x73, 0x0f, 0x84, 0x86, 0x00, 0x00, 0x00, 0x83,
  0xf8, 0x73, 0x0f, 0x8f, 0x99, 0x01, 0x00, 0x00, 0x83, 0xf8, 0x70, 0x0f,
  0x84, 0x46, 0x01, 0x00, 0x00, 0x83, 0xf8, 0x70, 0x0f, 0x8f, 0x87, 0x01,
  0x00, 0x00, 0x83, 0xf8, 0x69, 0x0f, 0x84, 0xa0, 0x00, 0x00, 0x00, 0x83,
  0xf8, 0x69, 0x0f, 0x8f, 0x75, 0x01, 0x00, 0x00, 0x83, 0xf8, 0x64, 0x0f,
  0x84, 0x8e, 0x00, 0x00, 0x00, 0x83, 0xf8, 0x64, 0x0f, 0x8f, 0x63, 0x01,
  0x00, 0x00, 0x83, 0xf8, 0x63, 0x74, 0x1f, 0x83, 0xf8, 0x63, 0x0f, 0x8f,
  0x55, 0x01, 0x00, 0x00, 0x85, 0xc0, 0x0f, 0x84, 0x47, 0x01, 0x00, 0x00,
  0x83, 0xf8, 0x25, 0x0f, 0x84, 0x2b, 0x01, 0x00, 0x00, 0xe9, 0x3f, 0x01,
  0x00, 0x00, 0x8b, 0x45, 0x0c, 0x8d, 0x50, 0x04, 0x89, 0x55, 0x0c, 0x8b,
  0x00, 0x0f, 0xbe, 0xc0, 0x50, 0x8d, 0x85, 0x70, 0xff, 0xff, 0xff, 0x50,
  0xe8, 0x8a, 0xfd, 0xff, 0xff, 0x83, 0xc4, 0x08, 0xe9, 0x47, 0x01, 0x00,
  0x00, 0x8b, 0x45, 0x0c, 0x8d, 0x50, 0x04, 0x89, 0x55, 0x0c, 0x8b, 0x00,
  0x89, 0x45, 0xfc, 0x83, 0x7d, 0xfc, 0x00, 0x0f, 0x95, 0xc0, 0x0f, 0xb6,
  0xc0, 0x83, 0xe0, 0x01, 0x84, 0xc0, 0x74, 0x05, 0x8b, 0x45, 0xfc, 0xeb,
  0x05, 0xb8, 0x54, 0x25, 0x00, 0x08, 0x50, 0x8d, 0x85, 0x70, 0xff, 0xff,
  0xff, 0x50, 0xe8, 0xa1, 0xfd, 0xff, 0xff, 0x83, 0xc4, 0x08, 0xe9, 0x09,
  0x01, 0x00, 0x00, 0x8b, 0x45, 0x0c, 0x8d, 0x50, 0x04, 0x89, 0x55, 0x0c,
  0x8b, 0x00, 0x89, 0x45, 0xf8, 0x83, 0x7d, 0xf8, 0x00, 0x79, 0x2b, 0x6a,
  0x2d, 0x8d, 0x85, 0x70, 0xff, 0xff, 0xff, 0x50, 0xe8, 0x22, 0xfd, 0xff,
  0xff, 0x83, 0xc4, 0x08, 0x8b, 0x45, 0xf8, 0xf7, 0xd8, 0x50, 0x8d, 0x85,
  0x70, 0xff, 0xff, 0xff, 0x50, 0xe8, 0x90, 0xfd, 0xff, 0xff, 0x83, 0xc4,
  0x08, 0xe9, 0xca, 0x00, 0x00, 0x00, 0x8b, 0x45, 0xf8, 0x50, 0x8d, 0x85,
  0x70, 0xff, 0xff, 0xff, 0x50, 0xe8, 0x78, 0xfd, 0xff, 0xff, 0x83, 0xc4,
  0x08, 0xe9, 0xb2, 0x00, 0x00, 0x00, 0x8b, 0x45, 0x0c, 0x8d, 0x50, 0x04,
  0x89, 0x55, 0x0c, 0x8b, 0x00, 0x50, 0x8d, 0x85, 0x70, 0xff, 0xff, 0xff,
  0x50, 0xe8, 0x58, 0xfd, 0xff, 0xff, 0x83, 0xc4, 0x08, 0xe9, 0x92, 0x00,
  0x00, 0x00, 0x8b, 0x45, 0x0c, 0x8d, 0x50, 0x04, 0x89, 0x55, 0x0c, 0x8b,
  0x00, 0x50, 0x8d, 0x85, 0x70, 0xff, 0xff, 0xff, 0x50, 0xe8, 0xb7, 0xfd,
  0xff, 0xff, 0x83, 0xc4, 0x08, 0xeb, 0x75, 0x68, 0x5b, 0x25, 0x00, 0x08,
  0x8d, 0x85, 0x70, 0xff, 0xff, 0xff, 0x50, 0xe8, 0xf4, 0xfc, 0xff, 0xff,
  0x83, 0xc4, 0x08, 0x8b, 0x45, 0x0c, 0x8d, 0x50, 0x04, 0x89, 0x55, 0x0c,
  0x8b, 0x00, 0x50, 0x8d, 0x85, 0x70, 0xff, 0xff, 0xff, 0x50, 0xe8, 0x86,
  0xfd, 0xff, 0xff, 0x83, 0xc4, 0x08, 0xeb, 0x44, 0x6a, 0x25, 0x8d, 0x85,
  0x70, 0xff, 0xff, 0xff, 0x50, 0xe8, 0x71, 0xfc, 0xff, 0xff, 0x83, 0xc4,
  0x08, 0xeb, 0x31, 0x83, 0x6d, 0x08, 0x01, 0xeb, 0x2b, 0x6a, 0x25, 0x8d,
  0x85, 0x70, 0xff, 0xff, 0xff, 0x50, 0xe8, 0x58, 0xfc, 0xff, 0xff, 0x83,
  0xc4, 0x08, 0x8b, 0x45, 0x08, 0x0f, 0xb6, 0x00, 0x0f, 0xbe, 0xc0, 0x50,
  0x8d, 0x85, 0x70, 0xff, 0xff, 0xff, 0x50, 0xe8, 0x3f, 0xfc, 0xff, 0xff,
  0x83, 0xc4, 0x08, 0x90, 0x83, 0x45, 0x08, 0x01, 0x8b, 0x45, 0x08, 0x0f,
  0xb6, 0x00, 0x84, 0xc0, 0x0f, 0x85, 0xbf, 0xfd, 0xff, 0xff, 0x8d, 0x85,
  0x70, 0xff, 0xff, 0xff, 0x50, 0xe8, 0xe5, 0xfb, 0xff, 0xff, 0x83, 0xc4,
  0x04, 0x8b, 0x45, 0xf4, 0xc9, 0xc3, 0x55, 0x89, 0xe5, 0x83, 0xec, 0x10,
  0x8d, 0x45, 0x0c, 0x89, 0x45, 0xf8, 0x8b, 0x45, 0xf8, 0x50, 0xff, 0x75,
  0x08, 0xe8, 0x5c, 0xfd, 0xff, 0xff, 0x83, 0xc4, 0x08, 0x89, 0x45, 0xfc,
  0x8b, 0x45, 0xfc, 0xc9, 0xc3, 0x55, 0x89, 0xe5, 0x83, 0xec, 0x10, 0xc7,
  0x45, 0xfc, 0x00, 0x00, 0x00, 0x00, 0xeb, 0x04, 0x83, 0x45, 0xfc, 0x01,
  0x8b, 0x55, 0x08, 0x8b, 0x45, 0xfc, 0x01, 0xd0, 0x0f, 0xb6, 0x00, 0x84,
  0xc0, 0x75, 0xed, 0x8b, 0x45, 0xfc, 0xc9, 0xc3, 0x55, 0x89, 0xe5, 0xeb,
  0x08, 0x83, 0x45, 0x08, 0x01, 0x83, 0x45, 0x0c, 0x01, 0x8b, 0x45, 0x08,
  0x0f, 0xb6, 0x00, 0x84, 0xc0, 0x74, 0x10, 0x8b, 0x45, 0x08, 0x0f, 0xb6,
  0x10, 0x8b, 0x45, 0x0c, 0x0f, 0xb6, 0x00, 0x38, 0xc2, 0x74, 0xde, 0x8b,
  0x45, 0x08, 0x0f, 0xb6, 0x00, 0x0f, 0xb6, 0xd0, 0x8b, 0x45, 0x0c, 0x0f,
  0xb6, 0x00, 0x0f, 0xb6, 0xc0, 0x29, 0xc2, 0x89, 0xd0, 0x5d, 0xc3, 0x55,
  0x89, 0xe5, 0xeb, 0x45, 0x8b, 0x45, 0x08, 0x0f, 0xb6, 0x10, 0x8b, 0x45,
  0x0c, 0x0f, 0xb6, 0x00, 0x38, 0xc2, 0x74, 0x18, 0x8b, 0x45, 0x08, 0x0f,
  0xb6, 0x00, 0x0f, 0xb6, 0xc8, 0x8b, 0x45, 0x0c, 0x0f, 0xb6, 0x00, 0x0f,
  0xb6, 0xd0, 0x89, 0xc8, 0x29, 0xd0, 0xeb, 0x28, 0x8b, 0x45, 0x08, 0x0f,
  0xb6, 0x00, 0x84, 0xc0, 0x75, 0x07, 0xb8, 0x00, 0x00, 0x00, 0x00, 0xeb,
  0x17, 0x83, 0x6d, 0x10, 0x01, 0x83, 0x45, 0x08, 0x01, 0x83, 0x45, 0x0c,
  0x01, 0x83, 0x7d, 0x10, 0x00, 0x75, 0xb5, 0xb8, 0x00, 0x00, 0x00, 0x00,
  0x5d, 0xc3, 0x55, 0x89, 0xe5, 0x83, 0xec, 0x10, 0x8b, 0x45, 0x08, 0x89,
  0x45, 0xfc, 0x90, 0x8b, 0x55, 0x0c, 0x8d, 0x42, 0x01, 0x89, 0x45, 0x0c,
  0x8b, 0x45, 0xfc, 0x8d, 0x48, 0x01, 0x89, 0x4d, 0xfc, 0x0f, 0xb6, 0x12,
  0x88, 0x10, 0x0f, 0xb6, 0x00, 0x84, 0xc0, 0x75, 0xe2, 0x8b, 0x45, 0x08,
  0xc9, 0xc3, 0x55, 0x89, 0xe5, 0x83, 0xec, 0x10, 0xc7, 0x45, 0xfc, 0x00,
  0x00, 0x00, 0x00, 0xeb, 0x19, 0x8b, 0x55, 0x0c, 0x8b, 0x45, 0xfc, 0x01,
  0xd0, 0x8b, 0x4d, 0x08, 0x8b, 0x55, 0xfc, 0x01, 0xca, 0x0f, 0xb6, 0x00,
  0x88, 0x02, 0x83, 0x45, 0xfc, 0x01, 0x8b, 0x45, 0xfc, 0x3b, 0x45, 0x10,
  0x73, 0x20, 0x8b, 0x55, 0x0c, 0x8b, 0x45, 0xfc, 0x01, 0xd0, 0x0f, 0xb6,
  0x00, 0x84, 0xc0, 0x75, 0xd0, 0xeb, 0x0f, 0x8b, 0x55, 0x08, 0x8b, 0x45,
  0xfc, 0x01, 0xd0, 0xc6, 0x00, 0x00, 0x83, 0x45, 0xfc, 0x01, 0x8b, 0x45,
  0xfc, 0x3b, 0x45, 0x10, 0x72, 0xe9, 0x8b, 0x45, 0x08, 0xc9, 0xc3, 0x55,
  0x89, 0xe5, 0x8b, 0x45, 0x08, 0x0f, 0xb6, 0x00, 0x8b, 0x55, 0x0c, 0x38,
  0xd0, 0x75, 0x05, 0x8b, 0x45, 0x08, 0xeb, 0x17, 0x8b, 0x45, 0x08, 0x0f,
  0xb6, 0x00, 0x84, 0xc0, 0x75, 0x07, 0xb8, 0x00, 0x00, 0x00, 0x00, 0xeb,
  0x06, 0x83, 0x45, 0x08, 0x01, 0xeb, 0xd7, 0x5d, 0xc3, 0x55, 0x89, 0xe5,
  0x83, 0xec, 0x10, 0x8b, 0x45, 0x08, 0x89, 0x45, 0xfc, 0x8b, 0x45, 0x0c,
  0x89, 0x45, 0xf8, 0xeb, 0x17, 0x8b, 0x55, 0xf8, 0x8d, 0x42, 0x01, 0x89,
  0x45, 0xf8, 0x8b, 0x45, 0xfc, 0x8d, 0x48, 0x01, 0x89, 0x4d, 0xfc, 0x0f,
  0xb6, 0x12, 0x88, 0x10, 0x8b, 0x45, 0x10, 0x8d, 0x50, 0xff, 0x89, 0x55,
  0x10, 0x85, 0xc0, 0x75, 0xdc, 0x8b, 0x45, 0x08, 0xc9, 0xc3, 0x55, 0x89,
  0xe5, 0x83, 0xec, 0x10, 0x8b, 0x45, 0x08, 0x89, 0x45, 0xfc, 0x8b, 0x45,
  0x0c, 0x89, 0x45, 0xf8, 0x8b, 0x45, 0xfc, 0x3b, 0x45, 0xf8, 0x73, 0x28,
  0xeb, 0x17, 0x8b, 0x55, 0xf8, 0x8d, 0x42, 0x01, 0x89, 0x45, 0xf8, 0x8b,
  0x45, 0xfc, 0x8d, 0x48, 0x01, 0x89, 0x4d, 0xfc, 0x0f, 0xb6, 0x12, 0x88,
  0x10, 0x8b, 0x45, 0x10, 0x8d, 0x50, 0xff, 0x89, 0x55, 0x10, 0x85, 0xc0,
  0x75, 0xdc, 0xeb, 0x36, 0x8b, 0x45, 0xfc, 0x39, 0x45, 0xf8, 0x73, 0x2e,
  0x8b, 0x45, 0x10, 0x01, 0x45, 0xfc, 0x8b, 0x45, 0x10, 0x01, 0x45, 0xf8,
  0xeb, 0x13, 0x83, 0x6d, 0xf8, 0x01, 0x83, 0x6d, 0xfc, 0x01, 0x8b, 0x45,
  0xf8, 0x0f, 0xb6, 0x10, 0x8b, 0x45, 0xfc, 0x88, 0x10, 0x8b, 0x45, 0x10,
  0x8d, 0x50, 0xff, 0x89, 0x55, 0x10, 0x85, 0xc0, 0x75, 0xe0, 0x8b, 0x45,
  0x08, 0xc9, 0xc3, 0x55, 0x89, 0xe5, 0x83, 0xec, 0x10, 0x8b, 0x45, 0x08,
  0x89, 0x45, 0xfc, 0xeb, 0x0e, 0x8b, 0x45, 0xfc, 0x8d, 0x50, 0x01, 0x89,
  0x55, 0xfc, 0x8b, 0x55, 0x0c, 0x88, 0x10, 0x8b, 0x45, 0x10, 0x8d, 0x50,
  0xff, 0x89, 0x55, 0x10, 0x85, 0xc0, 0x75, 0xe5, 0x8b, 0x45, 0x08, 0xc9,
  0xc3, 0x55, 0x89, 0xe5, 0x83, 0xec, 0x10, 0x8b, 0x45, 0x08, 0x89, 0x45,
  0xfc, 0x8b, 0x45, 0x0c, 0x89, 0x45, 0xf8, 0xeb, 0x32, 0x8b, 0x45, 0xfc,
  0x0f, 0xb6, 0x10, 0x8b, 0x45, 0xf8, 0x0f, 0xb6, 0x00, 0x38, 0xc2, 0x74,
  0x16, 0x8b, 0x45, 0xfc, 0x0f, 0xb6, 0x00, 0x0f, 0xb6, 0xd0, 0x8b, 0x45,
  0xf8, 0x0f, 0xb6, 0x00, 0x0f, 0xb6, 0xc0, 0x29, 0xc2, 0xeb, 0x17, 0x83,
  0x6d, 0x10, 0x01, 0x83, 0x45, 0xfc, 0x01, 0x83, 0x45, 0xf8, 0x01, 0x83,
  0x7d, 0x10, 0x00, 0x75, 0xc8, 0xba, 0x00, 0x00, 0x00, 0x00, 0x89, 0xd0,
  0xc9, 0xc3, 0x55, 0x89, 0xe5, 0x83, 0xec, 0x10, 0xc7, 0x45, 0xfc, 0x00,
  0x00, 0x00, 0x00, 0xc7, 0x45, 0xf8, 0x00, 0x00, 0x00, 0x00, 0xeb, 0x04,
  0x83, 0x45, 0x08, 0x01, 0x8b, 0x45, 0x08, 0x0f, 0xb6, 0x00, 0x3c, 0x20,
  0x74, 0xf2, 0x8b, 0x45, 0x08, 0x0f, 0xb6, 0x00, 0x3c, 0x09, 0x74, 0xe8,
  0x8b, 0x45, 0x08, 0x0f, 0xb6, 0x00, 0x3c, 0x2d, 0x75, 0x0d, 0xc7, 0x45,
  0xfc, 0x01, 0x00, 0x00, 0x00, 0x83, 0x45, 0x08, 0x01, 0xeb, 0x35, 0x8b,
  0x45, 0x08, 0x0f, 0xb6, 0x00, 0x3c, 0x2b, 0x75, 0x2b, 0x83, 0x45, 0x08,
  0x01, 0xeb, 0x25, 0x8b, 0x55, 0xf8, 0x89, 0xd0, 0xc1, 0xe0, 0x02, 0x01,
  0xd0, 0x01, 0xc0, 0x89, 0xc1, 0x8b, 0x45, 0x08, 0x8d, 0x50, 0x01, 0x89,
  0x55, 0x08, 0x0f, 0xb6, 0x00, 0x0f, 0xbe, 0xc0, 0x83, 0xe8, 0x30, 0x01,
  0xc8, 0x89, 0x45, 0xf8, 0x8b, 0x45, 0x08, 0x0f, 0xb6, 0x00, 0x3c, 0x2f,
  0x7e, 0x0a, 0x8b, 0x45, 0x08, 0x0f, 0xb6, 0x00, 0x3c, 0x39, 0x7e, 0xc7,
  0x83, 0x7d, 0xfc, 0x00, 0x74, 0x07, 0x8b, 0x45, 0xf8, 0xf7, 0xd8, 0xeb,
  0x03, 0x8b, 0x45, 0xf8, 0xc9, 0xc3, 0x55, 0x89, 0xe5, 0x83, 0xec, 0x10,
  0x8b, 0x45, 0x08, 0x83, 0xc0, 0x07, 0x83, 0xe0, 0xf8, 0x89, 0x45, 0x08,
  0x83, 0x7d, 0x08, 0x00, 0x74, 0x11, 0xa1, 0x00, 0x80, 0x00, 0x08, 0xba,
  0x00, 0x40, 0x00, 0x00, 0x29, 0xc2, 0x3b, 0x55, 0x08, 0x73, 0x07, 0xb8,
  0x00, 0x00, 0x00, 0x00, 0xeb, 0x20, 0xa1, 0x00, 0x80, 0x00, 0x08, 0x05,
  0x00, 0x40, 0x00, 0x08, 0x89, 0x45, 0xfc, 0x8b, 0x15, 0x00, 0x80, 0x00,
  0x08, 0x8b, 0x45, 0x08, 0x01, 0xd0, 0xa3, 0x00, 0x80, 0x00, 0x08, 0x8b,
  0x45, 0xfc, 0xc9, 0xc3, 0x55, 0x89, 0xe5, 0x90, 0x5d, 0xc3, 0x00, 0x00,
  0x00, 0x00, 0x00, 0x00, 0x00, 0x00, 0x00, 0x00, 0x00, 0x00, 0x00, 0x00,
  0x00, 0x00, 0x00, 0x00, 0x00, 0x00, 0x00, 0x00, 0x00, 0x00, 0x00, 0x00,
  0x00, 0x00, 0x00, 0x00, 0x00, 0x00, 0x00, 0x00, 0x00, 0x00, 0x00, 0x00,
  0x00, 0x00, 0x00, 0x00, 0x00, 0x00, 0x00, 0x00, 0x00, 0x00, 0x00, 0x00,
  0x00, 0x00, 0x00, 0x00, 0x00, 0x00, 0x00, 0x00, 0x00, 0x00, 0x00, 0x00,
  0x00, 0x00, 0x00, 0x00, 0x00, 0x00, 0x00, 0x00, 0x00, 0x00, 0x00, 0x00,
  0x00, 0x00, 0x00, 0x00, 0x00, 0x00, 0x00, 0x00, 0x00, 0x00, 0x00, 0x00,
  0x00, 0x00, 0x00, 0x00, 0x00, 0x00, 0x00, 0x00, 0x00, 0x00, 0x00, 0x00,
  0x00, 0x00, 0x00, 0x00, 0x00, 0x00, 0x00, 0x00, 0x00, 0x00, 0x00, 0x00,
  0x00, 0x00, 0x00, 0x00, 0x00, 0x00, 0x00, 0x00, 0x00, 0x00, 0x00, 0x00,
  0x00, 0x00, 0x00, 0x00, 0x00, 0x00, 0x00, 0x00, 0x00, 0x00, 0x00, 0x00,
  0x00, 0x00, 0x00, 0x00, 0x00, 0x00, 0x00, 0x00, 0x00, 0x00, 0x00, 0x00,
  0x00, 0x00, 0x00, 0x00, 0x00, 0x00, 0x00, 0x00, 0x00, 0x00, 0x00, 0x00,
  0x00, 0x00, 0x00, 0x00, 0x00, 0x00, 0x00, 0x00, 0x00, 0x00, 0x00, 0x00,
  0x00, 0x00, 0x00, 0x00, 0x00, 0x00, 0x00, 0x00, 0x00, 0x00, 0x00, 0x00,
  0x00, 0x00, 0x00, 0x00, 0x00, 0x00, 0x00, 0x00, 0x00, 0x00, 0x00, 0x00,
  0x00, 0x00, 0x00, 0x00, 0x00, 0x00, 0x00, 0x00, 0x00, 0x00, 0x00, 0x00,
  0x00, 0x00, 0x00, 0x00, 0x00, 0x00, 0x00, 0x00, 0x00, 0x00, 0x00, 0x00,
  0x00, 0x00, 0x00, 0x00, 0x00, 0x00, 0x00, 0x00, 0x00, 0x00, 0x00, 0x00,
  0x00, 0x00, 0x00, 0x00, 0x00, 0x00, 0x00, 0x00, 0x00, 0x00, 0x00, 0x00,
  0x00, 0x00, 0x00, 0x00, 0x00, 0x00, 0x00, 0x00, 0x00, 0x00, 0x00, 0x00,
  0x00, 0x00, 0x00, 0x00, 0x00, 0x00, 0x00, 0x00, 0x00, 0x00, 0x00, 0x00,
  0x00, 0x00, 0x00, 0x00, 0x00, 0x00, 0x00, 0x00, 0x00, 0x00, 0x00, 0x00,
  0x00, 0x00, 0x00, 0x00, 0x00, 0x00, 0x00, 0x00, 0x00, 0x00, 0x00, 0x00,
  0x00, 0x00, 0x00, 0x00, 0x00, 0x00, 0x00, 0x00, 0x00, 0x00, 0x00, 0x00,
  0x00, 0x00, 0x00, 0x00, 0x00, 0x00, 0x00, 0x00, 0x00, 0x00, 0x00, 0x00,
  0x00, 0x00, 0x00, 0x00, 0x00, 0x00, 0x00, 0x00, 0x00, 0x00, 0x00, 0x00,
  0x00, 0x00, 0x00, 0x00, 0x00, 0x00, 0x00, 0x00, 0x00, 0x00, 0x00, 0x00,
  0x00, 0x00, 0x00, 0x00, 0x00, 0x00, 0x00, 0x00, 0x00, 0x00, 0x00, 0x00,
  0x00, 0x00, 0x00, 0x00, 0x00, 0x00, 0x00, 0x00, 0x00, 0x00, 0x00, 0x00,
  0x00, 0x00, 0x00, 0x00, 0x00, 0x00, 0x00, 0x00, 0x00, 0x00, 0x00, 0x00,
  0x00, 0x00, 0x00, 0x00, 0x00, 0x00, 0x00, 0x00, 0x00, 0x00, 0x00, 0x00,
  0x00, 0x00, 0x00, 0x00, 0x00, 0x00, 0x00, 0x00, 0x00, 0x00, 0x00, 0x00,
  0x00, 0x00, 0x00, 0x00, 0x00, 0x00, 0x00, 0x00, 0x00, 0x00, 0x00, 0x00,
  0x00, 0x00, 0x00, 0x00, 0x00, 0x00, 0x00, 0x00, 0x00, 0x00, 0x00, 0x00,
  0x00, 0x00, 0x00, 0x00, 0x00, 0x00, 0x00, 0x00, 0x00, 0x00, 0x00, 0x00,
  0x00, 0x00, 0x00, 0x00, 0x00, 0x00, 0x00, 0x00, 0x00, 0x00, 0x00, 0x00,
  0x00, 0x00, 0x00, 0x00, 0x00, 0x00, 0x00, 0x00, 0x00, 0x00, 0x00, 0x00,
  0x00, 0x00, 0x00, 0x00, 0x00, 0x00, 0x00, 0x00, 0x00, 0x00, 0x00, 0x00,
  0x00, 0x00, 0x00, 0x00, 0x00, 0x00, 0x00, 0x00, 0x00, 0x00, 0x00, 0x00,
  0x00, 0x00, 0x00, 0x00, 0x00, 0x00, 0x00, 0x00, 0x00, 0x00, 0x00, 0x00,
  0x00, 0x00, 0x00, 0x00, 0x00, 0x00, 0x00, 0x00, 0x00, 0x00, 0x00, 0x00,
  0x00, 0x00, 0x00, 0x00, 0x00, 0x00, 0x00, 0x00, 0x00, 0x00, 0x00, 0x00,
  0x00, 0x00, 0x00, 0x00, 0x00, 0x00, 0x00, 0x00, 0x00, 0x00, 0x00, 0x00,
  0x00, 0x00, 0x00, 0x00, 0x00, 0x00, 0x00, 0x00, 0x00, 0x00, 0x00, 0x00,
  0x00, 0x00, 0x00, 0x00, 0x00, 0x00, 0x00, 0x00, 0x00, 0x00, 0x00, 0x00,
  0x00, 0x00, 0x00, 0x00, 0x00, 0x00, 0x00, 0x00, 0x00, 0x00, 0x00, 0x00,
  0x00, 0x00, 0x00, 0x00, 0x00, 0x00, 0x00, 0x00, 0x00, 0x00, 0x00, 0x00,
  0x00, 0x00, 0x00, 0x00, 0x00, 0x00, 0x00, 0x00, 0x00, 0x00, 0x00, 0x00,
  0x00, 0x00, 0x00, 0x00, 0x00, 0x00, 0x00, 0x00, 0x00, 0x00, 0x00, 0x00,
  0x00, 0x00, 0x00, 0x00, 0x00, 0x00, 0x00, 0x00, 0x00, 0x00, 0x00, 0x00,
  0x00, 0x00, 0x00, 0x00, 0x00, 0x00, 0x00, 0x00, 0x00, 0x00, 0x00, 0x00,
  0x00, 0x00, 0x00, 0x00, 0x00, 0x00, 0x00, 0x00, 0x00, 0x00, 0x00, 0x00,
  0x00, 0x00, 0x00, 0x00, 0x00, 0x00, 0x00, 0x00, 0x00, 0x00, 0x00, 0x00,
  0x00, 0x00, 0x00, 0x00, 0x00, 0x00, 0x00, 0x00, 0x00, 0x00, 0x00, 0x00,
  0x00, 0x00, 0x00, 0x00, 0x00, 0x00, 0x00, 0x00, 0x00, 0x00, 0x00, 0x00,
  0x00, 0x00, 0x00, 0x00, 0x00, 0x00, 0x00, 0x00, 0x00, 0x00, 0x00, 0x00,
  0x00, 0x00, 0x00, 0x00, 0x00, 0x00, 0x00, 0x00, 0x00, 0x00, 0x00, 0x00,
  0x00, 0x00, 0x00, 0x00, 0x00, 0x00, 0x00, 0x00, 0x00, 0x00, 0x00, 0x00,
  0x00, 0x00, 0x00, 0x00, 0x00, 0x00, 0x00, 0x00, 0x00, 0x00, 0x00, 0x00,
  0x00, 0x00, 0x00, 0x00, 0x00, 0x00, 0x00, 0x00, 0x00, 0x00, 0x00, 0x00,
  0x00, 0x00, 0x00, 0x00, 0x00, 0x00, 0x00, 0x00, 0x00, 0x00, 0x00, 0x00,
  0x00, 0x00, 0x00, 0x00, 0x00, 0x00, 0x00, 0x00, 0x00, 0x00, 0x00, 0x00,
  0x00, 0x00, 0x00, 0x00, 0x00, 0x00, 0x00, 0x00, 0x00, 0x00, 0x00, 0x00,
  0x00, 0x00, 0x00, 0x00, 0x00, 0x00, 0x00, 0x00, 0x00, 0x00, 0x00, 0x00,
  0x00, 0x00, 0x00, 0x00, 0x00, 0x00, 0x00, 0x00, 0x00, 0x00, 0x00, 0x00,
  0x00, 0x00, 0x00, 0x00, 0x00, 0x00, 0x00, 0x00, 0x00, 0x00, 0x00, 0x00,
  0x00, 0x00, 0x00, 0x00, 0x00, 0x00, 0x00, 0x00, 0x00, 0x00, 0x00, 0x00,
  0x00, 0x00, 0x00, 0x00, 0x00, 0x00, 0x00, 0x00, 0x00, 0x00, 0x00, 0x00,
  0x00, 0x00, 0x00, 0x00, 0x00, 0x00, 0x00, 0x00, 0x00, 0x00, 0x00, 0x00,
  0x00, 0x00, 0x00, 0x00, 0x00, 0x00, 0x00, 0x00, 0x00, 0x00, 0x00, 0x00,
  0x00, 0x00, 0x00, 0x00, 0x00, 0x00, 0x00, 0x00, 0x00, 0x00, 0x00, 0x00,
  0x00, 0x00, 0x00, 0x00, 0x00, 0x00, 0x00, 0x00, 0x00, 0x00, 0x00, 0x00,
  0x00, 0x00, 0x00, 0x00, 0x00, 0x00, 0x00, 0x00, 0x00, 0x00, 0x00, 0x00,
  0x00, 0x00, 0x00, 0x00, 0x00, 0x00, 0x00, 0x00, 0x00, 0x00, 0x00, 0x00,
  0x00, 0x00, 0x00, 0x00, 0x00, 0x00, 0x00, 0x00, 0x00, 0x00, 0x00, 0x00,
  0x00, 0x00, 0x00, 0x00, 0x00, 0x00, 0x00, 0x00, 0x00, 0x00, 0x00, 0x00,
  0x00, 0x00, 0x00, 0x00, 0x00, 0x00, 0x00, 0x00, 0x00, 0x00, 0x00, 0x00,
  0x00, 0x00, 0x00, 0x00, 0x00, 0x00, 0x00, 0x00, 0x00, 0x00, 0x00, 0x00,
  0x00, 0x00, 0x00, 0x00, 0x00, 0x00, 0x00, 0x00, 0x00, 0x00, 0x00, 0x00,
  0x00, 0x00, 0x00, 0x00, 0x00, 0x00, 0x00, 0x00, 0x00, 0x00, 0x00, 0x00,
  0x00, 0x00, 0x00, 0x00, 0x00, 0x00, 0x00, 0x00, 0x00, 0x00, 0x00, 0x00,
  0x00, 0x00, 0x00, 0x00, 0x00, 0x00, 0x00, 0x00, 0x00, 0x00, 0x00, 0x00,
  0x00, 0x00, 0x00, 0x00, 0x00, 0x00, 0x00, 0x00, 0x00, 0x00, 0x00, 0x00,
  0x00, 0x00, 0x00, 0x00, 0x00, 0x00, 0x00, 0x00, 0x00, 0x00, 0x00, 0x00,
  0x00, 0x00, 0x00, 0x00, 0x00, 0x00, 0x00, 0x00, 0x00, 0x00, 0x00, 0x00,
  0x00, 0x00, 0x00, 0x00, 0x00, 0x00, 0x00, 0x00, 0x00, 0x00, 0x00, 0x00,
  0x00, 0x00, 0x00, 0x00, 0x00, 0x00, 0x00, 0x00, 0x00, 0x00, 0x00, 0x00,
  0x00, 0x00, 0x00, 0x00, 0x00, 0x00, 0x00, 0x00, 0x00, 0x00, 0x00, 0x00,
  0x00, 0x00, 0x00, 0x00, 0x00, 0x00, 0x00, 0x00, 0x00, 0x00, 0x00, 0x00,
  0x00, 0x00, 0x00, 0x00, 0x00, 0x00, 0x00, 0x00, 0x00, 0x00, 0x00, 0x00,
  0x00, 0x00, 0x00, 0x00, 0x00, 0x00, 0x00, 0x00, 0x00, 0x00, 0x00, 0x00,
  0x00, 0x00, 0x00, 0x00, 0x00, 0x00, 0x00, 0x00, 0x00, 0x00, 0x00, 0x00,
  0x00, 0x00, 0x00, 0x00, 0x00, 0x00, 0x00, 0x00, 0x00, 0x00, 0x00, 0x00,
  0x00, 0x00, 0x00, 0x00, 0x00, 0x00, 0x00, 0x00, 0x00, 0x00, 0x00, 0x00,
  0x00, 0x00, 0x00, 0x00, 0x00, 0x00, 0x00, 0x00, 0x00, 0x00, 0x00, 0x00,
  0x00, 0x00, 0x00, 0x00, 0x00, 0x00, 0x00, 0x00, 0x00, 0x00, 0x00, 0x00,
  0x00, 0x00, 0x00, 0x00, 0x00, 0x00, 0x00, 0x00, 0x00, 0x00, 0x00, 0x00,
  0x00, 0x00, 0x00, 0x00, 0x00, 0x00, 0x00, 0x00, 0x00, 0x00, 0x00, 0x00,
  0x00, 0x00, 0x00, 0x00, 0x00, 0x00, 0x00, 0x00, 0x00, 0x00, 0x00, 0x00,
  0x00, 0x00, 0x00, 0x00, 0x00, 0x00, 0x00, 0x00, 0x00, 0x00, 0x00, 0x00,
  0x00, 0x00, 0x00, 0x00, 0x00, 0x00, 0x00, 0x00, 0x00, 0x00, 0x00, 0x00,
  0x00, 0x00, 0x00, 0x00, 0x00, 0x00, 0x00, 0x00, 0x00, 0x00, 0x00, 0x00,
  0x00, 0x00, 0x00, 0x00, 0x00, 0x00, 0x00, 0x00, 0x00, 0x00, 0x00, 0x00,
  0x00, 0x00, 0x00, 0x00, 0x00, 0x00, 0x00, 0x00, 0x00, 0x00, 0x00, 0x00,
  0x00, 0x00, 0x00, 0x00, 0x00, 0x00, 0x00, 0x00, 0x00, 0x00, 0x00, 0x00,
  0x00, 0x00, 0x00, 0x00, 0x00, 0x00, 0x00, 0x00, 0x00, 0x00, 0x00, 0x00,
  0x00, 0x00, 0x00, 0x00, 0x00, 0x00, 0x00, 0x00, 0x00, 0x00, 0x00, 0x00,
  0x00, 0x00, 0x00, 0x00, 0x00, 0x00, 0x00, 0x00, 0x00, 0x00, 0x00, 0x00,
  0x00, 0x00, 0x00, 0x00, 0x00, 0x00, 0x00, 0x00, 0x00, 0x00, 0x00, 0x00,
  0x00, 0x00, 0x00, 0x00, 0x00, 0x00, 0x00, 0x00, 0x00, 0x00, 0x00, 0x00,
  0x00, 0x00, 0x00, 0x00, 0x00, 0x00, 0x00, 0x00, 0x00, 0x00, 0x00, 0x00,
  0x00, 0x00, 0x00, 0x00, 0x00, 0x00, 0x00, 0x00, 0x00, 0x00, 0x00, 0x00,
  0x00, 0x00, 0x00, 0x00, 0x00, 0x00, 0x00, 0x00, 0x00, 0x00, 0x00, 0x00,
  0x00, 0x00, 0x00, 0x00, 0x00, 0x00, 0x00, 0x00, 0x00, 0x00, 0x00, 0x00,
  0x00, 0x00, 0x00, 0x00, 0x00, 0x00, 0x00, 0x00, 0x00, 0x00, 0x00, 0x00,
  0x00, 0x00, 0x00, 0x00, 0x00, 0x00, 0x00, 0x00, 0x00, 0x00, 0x00, 0x00,
  0x00, 0x00, 0x00, 0x00, 0x00, 0x00, 0x00, 0x00, 0x00, 0x00, 0x00, 0x00,
  0x00, 0x00, 0x00, 0x00, 0x00, 0x00, 0x00, 0x00, 0x00, 0x00, 0x00, 0x00,
  0x00, 0x00, 0x00, 0x00, 0x00, 0x00, 0x00, 0x00, 0x00, 0x00, 0x00, 0x00,
  0x00, 0x00, 0x00, 0x00, 0x00, 0x00, 0x00, 0x00, 0x00, 0x00, 0x00, 0x00,
  0x00, 0x00, 0x00, 0x00, 0x00, 0x00, 0x00, 0x00, 0x00, 0x00, 0x00, 0x00,
  0x00, 0x00, 0x00, 0x00, 0x00, 0x00, 0x00, 0x00, 0x00, 0x00, 0x00, 0x00,
  0x00, 0x00, 0x00, 0x00, 0x00, 0x00, 0x00, 0x00, 0x00, 0x00, 0x00, 0x00,
  0x00, 0x00, 0x00, 0x00, 0x00, 0x00, 0x00, 0x00, 0x00, 0x00, 0x00, 0x00,
  0x00, 0x00, 0x00, 0x00, 0x00, 0x00, 0x00, 0x00, 0x00, 0x00, 0x00, 0x00,
  0x00, 0x00, 0x00, 0x00, 0x00, 0x00, 0x00, 0x00, 0x00, 0x00, 0x00, 0x00,
  0x00, 0x00, 0x00, 0x00, 0x00, 0x00, 0x00, 0x00, 0x00, 0x00, 0x00, 0x00,
  0x00, 0x00, 0x00, 0x00, 0x00, 0x00, 0x00, 0x00, 0x00, 0x00, 0x00, 0x00,
  0x00, 0x00, 0x00, 0x00, 0x00, 0x00, 0x00, 0x00, 0x00, 0x00, 0x00, 0x00,
  0x00, 0x00, 0x00, 0x00, 0x00, 0x00, 0x00, 0x00, 0x00, 0x00, 0x00, 0x00,
  0x00, 0x00, 0x00, 0x00, 0x00, 0x00, 0x00, 0x00, 0x00, 0x00, 0x00, 0x00,
  0x00, 0x00, 0x00, 0x00, 0x00, 0x00, 0x00, 0x00, 0x00, 0x00, 0x00, 0x00,
  0x6e, 0x6f, 0x20, 0x73, 0x75, 0x63, 0x68, 0x20, 0x66, 0x69, 0x6c, 0x65,
  0x20, 0x6f, 0x72, 0x20, 0x64, 0x69, 0x72, 0x65, 0x63, 0x74, 0x6f, 0x72,
  0x79, 0x00, 0x70, 0x65, 0x72, 0x6d, 0x69, 0x73, 0x73, 0x69, 0x6f, 0x6e,
  0x20, 0x64, 0x65, 0x6e, 0x69, 0x65, 0x64, 0x00, 0x66, 0x69, 0x6c, 0x65,
  0x20, 0x65, 0x78, 0x69, 0x73, 0x74, 0x73, 0x00, 0x6e, 0x6f, 0x74, 0x20,
  0x61, 0x20, 0x64, 0x69, 0x72, 0x65, 0x63, 0x74, 0x6f, 0x72, 0x79, 0x00,
  0x69, 0x73, 0x20, 0x61, 0x20, 0x64, 0x69, 0x72, 0x65, 0x63, 0x74, 0x6f,
  0x72, 0x79, 0x00, 0x69, 0x6e, 0x76, 0x61, 0x6c, 0x69, 0x64, 0x20, 0x61,
  0x72, 0x67, 0x75, 0x6d, 0x65, 0x6e, 0x74, 0x00, 0x72, 0x65, 0x73, 0x75,
  0x6c, 0x74, 0x20, 0x74, 0x6f, 0x6f, 0x20, 0x6c, 0x61, 0x72, 0x67, 0x65,
  0x00, 0x64, 0x69, 0x72, 0x65, 0x63, 0x74, 0x6f, 0x72, 0x79, 0x20, 0x6e,
  0x6f, 0x74, 0x20, 0x65, 0x6d, 0x70, 0x74, 0x79, 0x00, 0x6f, 0x70, 0x65,
  0x72, 0x61, 0x74, 0x69, 0x6f, 0x6e, 0x20, 0x66, 0x61, 0x69, 0x6c, 0x65,
  0x64, 0x00, 0x25, 0x73, 0x3a, 0x20, 0x25, 0x73, 0x3a, 0x20, 0x25, 0x73,
  0x0a, 0x00, 0x25, 0x73, 0x3a, 0x20, 0x25, 0x73, 0x0a, 0x00, 0x00, 0x00,
  0x54, 0x69, 0x6e, 0x79, 0x4f, 0x53, 0x20, 0x72, 0x69, 0x6e, 0x67, 0x2d,
  0x33, 0x20, 0x73, 0x68, 0x65, 0x6c, 0x6c, 0x2e, 0x20, 0x42, 0x75, 0x69,
  0x6c, 0x74, 0x69, 0x6e, 0x73, 0x3a, 0x0a, 0x20, 0x20, 0x68, 0x65, 0x6c,
  0x70, 0x20, 0x20, 0x20, 0x20, 0x20, 0x20, 0x20, 0x20, 0x20, 0x20, 0x20,
  0x20, 0x20, 0x20, 0x74, 0x68, 0x69, 0x73, 0x20, 0x6d, 0x65, 0x73, 0x73,
  0x61, 0x67, 0x65, 0x0a, 0x20, 0x20, 0x65, 0x63, 0x68, 0x6f, 0x20, 0x5b,
  0x61, 0x72, 0x67, 0x73, 0x2e, 0x2e, 0x2e, 0x5d, 0x20, 0x20, 0x20, 0x20,
  0x70, 0x72, 0x69, 0x6e, 0x74, 0x20, 0x61, 0x72, 0x67, 0x75, 0x6d, 0x65,
  0x6e, 0x74, 0x73, 0x0a, 0x20, 0x20, 0x70, 0x77, 0x64, 0x20, 0x20, 0x20,
  0x20, 0x20, 0x20, 0x20, 0x20, 0x20, 0x20, 0x20, 0x20, 0x20, 0x20, 0x20,
  0x70, 0x72, 0x69, 0x6e, 0x74, 0x20, 0x77, 0x6f, 0x72, 0x6b, 0x69, 0x6e,
  0x67, 0x20, 0x64, 0x69, 0x72, 0x65, 0x63, 0x74, 0x6f, 0x72, 0x79, 0x0a,
  0x20, 0x20, 0x63, 0x64, 0x20, 0x5b, 0x64, 0x69, 0x72, 0x5d, 0x20, 0x20,
  0x20, 0x20, 0x20, 0x20, 0x20, 0x20, 0x20, 0x20, 0x63, 0x68, 0x61, 0x6e,
  0x67, 0x65, 0x20, 0x64, 0x69, 0x72, 0x65, 0x63, 0x74, 0x6f, 0x72, 0x79,
  0x20, 0x28, 0x6e, 0x6f, 0x20, 0x61, 0x72, 0x67, 0x3a, 0x20, 0x44, 0x3a,
  0x2f, 0x29, 0x0a, 0x20, 0x20, 0x6c, 0x73, 0x20, 0x5b, 0x64, 0x69, 0x72,
  0x5d, 0x20, 0x20, 0x20, 0x20, 0x20, 0x20, 0x20, 0x20, 0x20, 0x20, 0x6c,
  0x69, 0x73, 0x74, 0x20, 0x61, 0x20, 0x64, 0x69, 0x72, 0x65, 0x63, 0x74,
  0x6f, 0x72, 0x79, 0x20, 0x28, 0x64, 0x65, 0x66, 0x61, 0x75, 0x6c, 0x74,
  0x3a, 0x20, 0x2e, 0x29, 0x0a, 0x20, 0x20, 0x63, 0x61, 0x74, 0x20, 0x3c,
  0x66, 0x69, 0x6c, 0x65, 0x3e, 0x2e, 0x2e, 0x2e, 0x20, 0x20, 0x20, 0x20,
  0x20, 0x70, 0x72, 0x69, 0x6e, 0x74, 0x20, 0x66, 0x69, 0x6c, 0x65, 0x20,
  0x63, 0x6f, 0x6e, 0x74, 0x65, 0x6e, 0x74, 0x73, 0x0a, 0x20, 0x20, 0x73,
  0x74, 0x61, 0x74, 0x20, 0x3c, 0x70, 0x61, 0x74, 0x68, 0x3e, 0x2e, 0x2e,
  0x2e, 0x20, 0x20, 0x20, 0x20, 0x73, 0x68, 0x6f, 0x77, 0x20, 0x73, 0x69,
  0x7a, 0x65, 0x20, 0x61, 0x6e, 0x64, 0x20, 0x74, 0x79, 0x70, 0x65, 0x0a,
  0x20, 0x20, 0x6d, 0x6b, 0x64, 0x69, 0x72, 0x20, 0x3c, 0x64, 0x69, 0x72,
  0x3e, 0x2e, 0x2e, 0x2e, 0x20, 0x20, 0x20, 0x20, 0x63, 0x72, 0x65, 0x61,
  0x74, 0x65, 0x20, 0x64, 0x69, 0x72, 0x65, 0x63, 0x74, 0x6f, 0x72, 0x69,
  0x65, 0x73, 0x0a, 0x20, 0x20, 0x72, 0x6d, 0x64, 0x69, 0x72, 0x20, 0x3c,
  0x64, 0x69, 0x72, 0x3e, 0x2e, 0x2e, 0x2e, 0x20, 0x20, 0x20, 0x20, 0x72,
  0x65, 0x6d, 0x6f, 0x76, 0x65, 0x20, 0x65, 0x6d, 0x70, 0x74, 0x79, 0x20,
  0x64, 0x69, 0x72, 0x65, 0x63, 0x74, 0x6f, 0x72, 0x69, 0x65, 0x73, 0x0a,
  0x20, 0x20, 0x72, 0x6d, 0x20, 0x3c, 0x66, 0x69, 0x6c, 0x65, 0x3e, 0x2e,
  0x2e, 0x2e, 0x20, 0x20, 0x20, 0x20, 0x20, 0x20, 0x72, 0x65, 0x6d, 0x6f,
  0x76, 0x65, 0x20, 0x66, 0x69, 0x6c, 0x65, 0x73, 0x0a, 0x20, 0x20, 0x77,
  0x72, 0x69, 0x74, 0x65, 0x20, 0x3c, 0x66, 0x3e, 0x20, 0x3c, 0x74, 0x65,
  0x78, 0x74, 0x3e, 0x20, 0x20, 0x77, 0x72, 0x69, 0x74, 0x65, 0x20, 0x74,
  0x65, 0x78, 0x74, 0x20, 0x74, 0x6f, 0x20, 0x61, 0x20, 0x66, 0x69, 0x6c,
  0x65, 0x20, 0x28, 0x74, 0x72, 0x75, 0x6e, 0x63, 0x61, 0x74, 0x65, 0x73,
  0x29, 0x0a, 0x20, 0x20, 0x67, 0x65, 0x74, 0x70, 0x69, 0x64, 0x20, 0x20,
  0x20, 0x20, 0x20, 0x20, 0x20, 0x20, 0x20, 0x20, 0x20, 0x20, 0x70, 0x72,
  0x69, 0x6e, 0x74, 0x20, 0x74, 0x68, 0x69, 0x73, 0x20, 0x73, 0x68, 0x65,
  0x6c, 0x6c, 0x27, 0x73, 0x20, 0x70, 0x69, 0x64, 0x0a, 0x20, 0x20, 0x69,
  0x64, 0x20, 0x20, 0x20, 0x20, 0x20, 0x20, 0x20, 0x20, 0x20, 0x20, 0x20,
  0x20, 0x20, 0x20, 0x20, 0x20, 0x70, 0x72, 0x69, 0x6e, 0x74, 0x20, 0x75,
  0x69, 0x64, 0x20, 0x61, 0x6e, 0x64, 0x20, 0x67, 0x69, 0x64, 0x0a, 0x20,
  0x20, 0x65, 0x78, 0x69, 0x74, 0x20, 0x5b, 0x73, 0x74, 0x61, 0x74, 0x75,
  0x73, 0x5d, 0x20, 0x20, 0x20, 0x20, 0x20, 0x6c, 0x65, 0x61, 0x76, 0x65,
  0x20, 0x74, 0x68, 0x65, 0x20, 0x73, 0x68, 0x65, 0x6c, 0x6c, 0x0a, 0x0a,
  0x41, 0x6e, 0x79, 0x74, 0x68, 0x69, 0x6e, 0x67, 0x20, 0x65, 0x6c, 0x73,
  0x65, 0x20, 0x69, 0x73, 0x20, 0x72, 0x75, 0x6e, 0x20, 0x61, 0x73, 0x20,
  0x61, 0x20, 0x70, 0x72, 0x6f, 0x67, 0x72, 0x61, 0x6d, 0x3a, 0x20, 0x61,
  0x20, 0x6e, 0x61, 0x6d, 0x65, 0x20, 0x63, 0x6f, 0x6e, 0x74, 0x61, 0x69,
  0x6e, 0x69, 0x6e, 0x67, 0x20, 0x27, 0x2f, 0x27, 0x20, 0x6f, 0x72, 0x20,
  0x65, 0x6e, 0x64, 0x69, 0x6e, 0x67, 0x0a, 0x69, 0x6e, 0x20, 0x2e, 0x65,
  0x6c, 0x66, 0x20, 0x69, 0x73, 0x20, 0x73, 0x70, 0x61, 0x77, 0x6e, 0x65,
  0x64, 0x2c, 0x20, 0x61, 0x6e, 0x64, 0x20, 0x74, 0x68, 0x65, 0x20, 0x73,
  0x68, 0x65, 0x6c, 0x6c, 0x20, 0x77, 0x61, 0x69, 0x74, 0x73, 0x20, 0x66,
  0x6f, 0x72, 0x20, 0x69, 0x74, 0x20, 0x75, 0x6e, 0x6c, 0x65, 0x73, 0x73,
  0x20, 0x69, 0x74, 0x20, 0x65, 0x6e, 0x64, 0x73, 0x20, 0x27, 0x26, 0x27,
  0x2e, 0x0a, 0x00, 0x20, 0x00, 0x0a, 0x00, 0x70, 0x77, 0x64, 0x00, 0x25,
  0x73, 0x0a, 0x00, 0x44, 0x3a, 0x2f, 0x00, 0x63, 0x64, 0x00, 0x2e, 0x00,
  0x6c, 0x73, 0x00, 0x25, 0x73, 0x2f, 0x0a, 0x00, 0x28, 0x65, 0x6d, 0x70,
  0x74, 0x79, 0x29, 0x0a, 0x00, 0x75, 0x73, 0x61, 0x67, 0x65, 0x3a, 0x20,
  0x63, 0x61, 0x74, 0x20, 0x3c, 0x66, 0x69, 0x6c, 0x65, 0x3e, 0x2e, 0x2e,
  0x2e, 0x0a, 0x00, 0x63, 0x61, 0x74, 0x00, 0x75, 0x73, 0x61, 0x67, 0x65,
  0x3a, 0x20, 0x73, 0x74, 0x61, 0x74, 0x20, 0x3c, 0x70, 0x61, 0x74, 0x68,
  0x3e, 0x2e, 0x2e, 0x2e, 0x0a, 0x00, 0x73, 0x74, 0x61, 0x74, 0x00, 0x64,
  0x69, 0x72, 0x65, 0x63, 0x74, 0x6f, 0x72, 0x79, 0x00, 0x66, 0x69, 0x6c,
  0x65, 0x00, 0x25, 0x73, 0x20, 0x20, 0x73, 0x69, 0x7a, 0x65, 0x3d, 0x25,
  0x75, 0x20, 0x20, 0x25, 0x73, 0x0a, 0x00, 0x75, 0x73, 0x61, 0x67, 0x65,
  0x3a, 0x20, 0x25, 0x73, 0x20, 0x3c, 0x70, 0x61, 0x74, 0x68, 0x3e, 0x2e,
  0x2e, 0x2e, 0x0a, 0x00, 0x75, 0x73, 0x61, 0x67, 0x65, 0x3a, 0x20, 0x77,
  0x72, 0x69, 0x74, 0x65, 0x20, 0x3c, 0x66, 0x69, 0x6c, 0x65, 0x3e, 0x20,
  0x3c, 0x74, 0x65, 0x78, 0x74, 0x2e, 0x2e, 0x2e, 0x3e, 0x0a, 0x00, 0x77,
  0x72, 0x69, 0x74, 0x65, 0x00, 0x75, 0x69, 0x64, 0x3d, 0x25, 0x64, 0x20,
  0x67, 0x69, 0x64, 0x3d, 0x25, 0x64, 0x0a, 0x00, 0x25, 0x73, 0x3a, 0x20,
  0x70, 0x61, 0x74, 0x68, 0x20, 0x74, 0x6f, 0x6f, 0x20, 0x6c, 0x6f, 0x6e,
  0x67, 0x0a, 0x00, 0x5b, 0x25, 0x64, 0x5d, 0x20, 0x25, 0x73, 0x0a, 0x00,
  0x25, 0x73, 0x3a, 0x20, 0x65, 0x78, 0x69, 0x74, 0x65, 0x64, 0x20, 0x77,
  0x69, 0x74, 0x68, 0x20, 0x73, 0x74, 0x61, 0x74, 0x75, 0x73, 0x20, 0x25,
  0x64, 0x0a, 0x00, 0x26, 0x00, 0x2e, 0x65, 0x6c, 0x66, 0x00, 0x65, 0x78,
  0x69, 0x74, 0x00, 0x6c, 0x6f, 0x67, 0x6f, 0x75, 0x74, 0x00, 0x68, 0x65,
  0x6c, 0x70, 0x00, 0x65, 0x63, 0x68, 0x6f, 0x00, 0x69, 0x64, 0x00, 0x6d,
  0x6b, 0x64, 0x69, 0x72, 0x00, 0x72, 0x6d, 0x64, 0x69, 0x72, 0x00, 0x72,
  0x6d, 0x00, 0x67, 0x65, 0x74, 0x70, 0x69, 0x64, 0x00, 0x25, 0x64, 0x0a,
  0x00, 0x25, 0x73, 0x3a, 0x20, 0x6e, 0x6f, 0x74, 0x20, 0x66, 0x6f, 0x75,
  0x6e, 0x64, 0x20, 0x28, 0x74, 0x72, 0x79, 0x20, 0x27, 0x68, 0x65, 0x6c,
  0x70, 0x27, 0x29, 0x0a, 0x00, 0x00, 0x00, 0x00, 0x0a, 0x54, 0x69, 0x6e,
  0x79, 0x4f, 0x53, 0x20, 0x73, 0x68, 0x65, 0x6c, 0x6c, 0x20, 0x28, 0x72,
  0x69, 0x6e, 0x67, 0x20, 0x33, 0x29, 0x20, 0x2d, 0x20, 0x74, 0x79, 0x70,
  0x65, 0x20, 0x27, 0x68, 0x65, 0x6c, 0x70, 0x27, 0x20, 0x66, 0x6f, 0x72,
  0x20, 0x62, 0x75, 0x69, 0x6c, 0x74, 0x69, 0x6e, 0x73, 0x2c, 0x20, 0x27,
  0x65, 0x78, 0x69, 0x74, 0x27, 0x20, 0x74, 0x6f, 0x20, 0x6c, 0x65, 0x61,
  0x76, 0x65, 0x0a, 0x00, 0x25, 0x73, 0x20, 0x24, 0x20, 0x00, 0x24, 0x20,
  0x00, 0x73, 0x68, 0x65, 0x6c, 0x6c, 0x3a, 0x20, 0x65, 0x78, 0x69, 0x74,
  0x69, 0x6e, 0x67, 0x0a, 0x00, 0x00, 0x00, 0x00, 0x28, 0x6e, 0x75, 0x6c,
  0x6c, 0x29, 0x00, 0x30, 0x78, 0x00, 0x00, 0x00, 0x30, 0x31, 0x32, 0x33,
  0x34, 0x35, 0x36, 0x37, 0x38, 0x39, 0x61, 0x62, 0x63, 0x64, 0x65, 0x66,
  0x00, 0x00, 0x00, 0x00, 0x00, 0x00, 0x00, 0x00, 0x00, 0x00, 0x00, 0x00,
  0x00, 0x00, 0x00, 0x00, 0x00, 0x00, 0x00, 0x00, 0x00, 0x00, 0x00, 0x00,
  0x00, 0x00, 0x00, 0x00, 0x00, 0x00, 0x00, 0x00, 0x00, 0x00, 0x00, 0x00,
  0x00, 0x00, 0x00, 0x00, 0x00, 0x00, 0x00, 0x00, 0x00, 0x00, 0x00, 0x00,
  0x00, 0x00, 0x00, 0x00, 0x00, 0x00, 0x00, 0x00, 0x00, 0x00, 0x00, 0x00,
  0x00, 0x00, 0x00, 0x00, 0x00, 0x00, 0x00, 0x00, 0x00, 0x00, 0x00, 0x00,
  0x00, 0x00, 0x00, 0x00, 0x00, 0x00, 0x00, 0x00, 0x00, 0x00, 0x00, 0x00,
  0x00, 0x00, 0x00, 0x00, 0x00, 0x00, 0x00, 0x00, 0x00, 0x00, 0x00, 0x00,
  0x00, 0x00, 0x00, 0x00, 0x00, 0x00, 0x00, 0x00, 0x00, 0x00, 0x00, 0x00,
  0x00, 0x00, 0x00, 0x00, 0x00, 0x00, 0x00, 0x00, 0x00, 0x00, 0x00, 0x00,
  0x00, 0x00, 0x00, 0x00, 0x00, 0x00, 0x00, 0x00, 0x00, 0x00, 0x00, 0x00,
  0x00, 0x00, 0x00, 0x00, 0x00, 0x00, 0x00, 0x00, 0x00, 0x00, 0x00, 0x00,
  0x00, 0x00, 0x00, 0x00, 0x00, 0x00, 0x00, 0x00, 0x00, 0x00, 0x00, 0x00,
  0x00, 0x00, 0x00, 0x00, 0x00, 0x00, 0x00, 0x00, 0x00, 0x00, 0x00, 0x00,
  0x00, 0x00, 0x00, 0x00, 0x00, 0x00, 0x00, 0x00, 0x00, 0x00, 0x00, 0x00,
  0x00, 0x00, 0x00, 0x00, 0x00, 0x00, 0x00, 0x00, 0x00, 0x00, 0x00, 0x00,
  0x00, 0x00, 0x00, 0x00, 0x00, 0x00, 0x00, 0x00, 0x00, 0x00, 0x00, 0x00,
  0x00, 0x00, 0x00, 0x00, 0x00, 0x00, 0x00, 0x00, 0x00, 0x00, 0x00, 0x00,
  0x00, 0x00, 0x00, 0x00, 0x00, 0x00, 0x00, 0x00, 0x00, 0x00, 0x00, 0x00,
  0x00, 0x00, 0x00, 0x00, 0x00, 0x00, 0x00, 0x00, 0x00, 0x00, 0x00, 0x00,
  0x00, 0x00, 0x00, 0x00, 0x00, 0x00, 0x00, 0x00, 0x00, 0x00, 0x00, 0x00,
  0x00, 0x00, 0x00, 0x00, 0x00, 0x00, 0x00, 0x00, 0x00, 0x00, 0x00, 0x00,
  0x00, 0x00, 0x00, 0x00, 0x00, 0x00, 0x00, 0x00, 0x00, 0x00, 0x00, 0x00,
  0x00, 0x00, 0x00, 0x00, 0x00, 0x00, 0x00, 0x00, 0x00, 0x00, 0x00, 0x00,
  0x00, 0x00, 0x00, 0x00, 0x00, 0x00, 0x00, 0x00, 0x00, 0x00, 0x00, 0x00,
  0x00, 0x00, 0x00, 0x00, 0x00, 0x00, 0x00, 0x00, 0x00, 0x00, 0x00, 0x00,
  0x00, 0x00, 0x00, 0x00, 0x00, 0x00, 0x00, 0x00, 0x00, 0x00, 0x00, 0x00,
  0x00, 0x00, 0x00, 0x00, 0x00, 0x00, 0x00, 0x00, 0x00, 0x00, 0x00, 0x00,
  0x00, 0x00, 0x00, 0x00, 0x00, 0x00, 0x00, 0x00, 0x00, 0x00, 0x00, 0x00,
  0x00, 0x00, 0x00, 0x00, 0x00, 0x00, 0x00, 0x00, 0x00, 0x00, 0x00, 0x00,
  0x00, 0x00, 0x00, 0x00, 0x00, 0x00, 0x00, 0x00, 0x00, 0x00, 0x00, 0x00,
  0x00, 0x00, 0x00, 0x00, 0x00, 0x00, 0x00, 0x00, 0x00, 0x00, 0x00, 0x00,
  0x00, 0x00, 0x00, 0x00, 0x00, 0x00, 0x00, 0x00, 0x00, 0x00, 0x00, 0x00,
  0x00, 0x00, 0x00, 0x00, 0x00, 0x00, 0x00, 0x00, 0x00, 0x00, 0x00, 0x00,
  0x00, 0x00, 0x00, 0x00, 0x00, 0x00, 0x00, 0x00, 0x00, 0x00, 0x00, 0x00,
  0x00, 0x00, 0x00, 0x00, 0x00, 0x00, 0x00, 0x00, 0x00, 0x00, 0x00, 0x00,
  0x00, 0x00, 0x00, 0x00, 0x00, 0x00, 0x00, 0x00, 0x00, 0x00, 0x00, 0x00,
  0x00, 0x00, 0x00, 0x00, 0x00, 0x00, 0x00, 0x00, 0x00, 0x00, 0x00, 0x00,
  0x00, 0x00, 0x00, 0x00, 0x00, 0x00, 0x00, 0x00, 0x00, 0x00, 0x00, 0x00,
  0x00, 0x00, 0x00, 0x00, 0x00, 0x00, 0x00, 0x00, 0x00, 0x00, 0x00, 0x00,
  0x00, 0x00, 0x00, 0x00, 0x00, 0x00, 0x00, 0x00, 0x00, 0x00, 0x00, 0x00,
  0x00, 0x00, 0x00, 0x00, 0x00, 0x00, 0x00, 0x00, 0x00, 0x00, 0x00, 0x00,
  0x00, 0x00, 0x00, 0x00, 0x00, 0x00, 0x00, 0x00, 0x00, 0x00, 0x00, 0x00,
  0x00, 0x00, 0x00, 0x00, 0x00, 0x00, 0x00, 0x00, 0x00, 0x00, 0x00, 0x00,
  0x00, 0x00, 0x00, 0x00, 0x00, 0x00, 0x00, 0x00, 0x00, 0x00, 0x00, 0x00,
  0x00, 0x00, 0x00, 0x00, 0x00, 0x00, 0x00, 0x00, 0x00, 0x00, 0x00, 0x00,
  0x00, 0x00, 0x00, 0x00, 0x00, 0x00, 0x00, 0x00, 0x00, 0x00, 0x00, 0x00,
  0x00, 0x00, 0x00, 0x00, 0x00, 0x00, 0x00, 0x00, 0x00, 0x00, 0x00, 0x00,
  0x00, 0x00, 0x00, 0x00, 0x00, 0x00, 0x00, 0x00, 0x00, 0x00, 0x00, 0x00,
  0x00, 0x00, 0x00, 0x00, 0x00, 0x00, 0x00, 0x00, 0x00, 0x00, 0x00, 0x00,
  0x00, 0x00, 0x00, 0x00, 0x00, 0x00, 0x00, 0x00, 0x00, 0x00, 0x00, 0x00,
  0x00, 0x00, 0x00, 0x00, 0x00, 0x00, 0x00, 0x00, 0x00, 0x00, 0x00, 0x00,
  0x00, 0x00, 0x00, 0x00, 0x00, 0x00, 0x00, 0x00, 0x00, 0x00, 0x00, 0x00,
  0x00, 0x00, 0x00, 0x00, 0x00, 0x00, 0x00, 0x00, 0x00, 0x00, 0x00, 0x00,
  0x00, 0x00, 0x00, 0x00, 0x00, 0x00, 0x00, 0x00, 0x00, 0x00, 0x00, 0x00,
  0x00, 0x00, 0x00, 0x00, 0x00, 0x00, 0x00, 0x00, 0x00, 0x00, 0x00, 0x00,
  0x00, 0x00, 0x00, 0x00, 0x00, 0x00, 0x00, 0x00, 0x00, 0x00, 0x00, 0x00,
  0x00, 0x00, 0x00, 0x00, 0x00, 0x00, 0x00, 0x00, 0x00, 0x00, 0x00, 0x00,
  0x00, 0x00, 0x00, 0x00, 0x00, 0x00, 0x00, 0x00, 0x00, 0x00, 0x00, 0x00,
  0x00, 0x00, 0x00, 0x00, 0x00, 0x00, 0x00, 0x00, 0x00, 0x00, 0x00, 0x00,
  0x00, 0x00, 0x00, 0x00, 0x00, 0x00, 0x00, 0x00, 0x00, 0x00, 0x00, 0x00,
  0x00, 0x00, 0x00, 0x00, 0x00, 0x00, 0x00, 0x00, 0x00, 0x00, 0x00, 0x00,
  0x00, 0x00, 0x00, 0x00, 0x00, 0x00, 0x00, 0x00, 0x00, 0x00, 0x00, 0x00,
  0x00, 0x00, 0x00, 0x00, 0x00, 0x00, 0x00, 0x00, 0x00, 0x00, 0x00, 0x00,
  0x00, 0x00, 0x00, 0x00, 0x00, 0x00, 0x00, 0x00, 0x00, 0x00, 0x00, 0x00,
  0x00, 0x00, 0x00, 0x00, 0x00, 0x00, 0x00, 0x00, 0x00, 0x00, 0x00, 0x00,
  0x00, 0x00, 0x00, 0x00, 0x00, 0x00, 0x00, 0x00, 0x00, 0x00, 0x00, 0x00,
  0x00, 0x00, 0x00, 0x00, 0x00, 0x00, 0x00, 0x00, 0x00, 0x00, 0x00, 0x00,
  0x00, 0x00, 0x00, 0x00, 0x00, 0x00, 0x00, 0x00, 0x00, 0x00, 0x00, 0x00,
  0x00, 0x00, 0x00, 0x00, 0x00, 0x00, 0x00, 0x00, 0x00, 0x00, 0x00, 0x00,
  0x00, 0x00, 0x00, 0x00, 0x00, 0x00, 0x00, 0x00, 0x00, 0x00, 0x00, 0x00,
  0x00, 0x00, 0x00, 0x00, 0x00, 0x00, 0x00, 0x00, 0x00, 0x00, 0x00, 0x00,
  0x00, 0x00, 0x00, 0x00, 0x00, 0x00, 0x00, 0x00, 0x00, 0x00, 0x00, 0x00,
  0x00, 0x00, 0x00, 0x00, 0x00, 0x00, 0x00, 0x00, 0x00, 0x00, 0x00, 0x00,
  0x00, 0x00, 0x00, 0x00, 0x00, 0x00, 0x00, 0x00, 0x00, 0x00, 0x00, 0x00,
  0x00, 0x00, 0x00, 0x00, 0x00, 0x00, 0x00, 0x00, 0x00, 0x00, 0x00, 0x00,
  0x00, 0x00, 0x00, 0x00, 0x00, 0x00, 0x00, 0x00, 0x00, 0x00, 0x00, 0x00,
  0x00, 0x00, 0x00, 0x00, 0x00, 0x00, 0x00, 0x00, 0x00, 0x00, 0x00, 0x00,
  0x00, 0x00, 0x00, 0x00, 0x00, 0x00, 0x00, 0x00, 0x00, 0x00, 0x00, 0x00,
  0x00, 0x00, 0x00, 0x00, 0x00, 0x00, 0x00, 0x00, 0x00, 0x00, 0x00, 0x00,
  0x00, 0x00, 0x00, 0x00, 0x00, 0x00, 0x00, 0x00, 0x00, 0x00, 0x00, 0x00,
  0x00, 0x00, 0x00, 0x00, 0x00, 0x00, 0x00, 0x00, 0x00, 0x00, 0x00, 0x00,
  0x00, 0x00, 0x00, 0x00, 0x00, 0x00, 0x00, 0x00, 0x00, 0x00, 0x00, 0x00,
  0x00, 0x00, 0x00, 0x00, 0x00, 0x00, 0x00, 0x00, 0x00, 0x00, 0x00, 0x00,
  0x00, 0x00, 0x00, 0x00, 0x00, 0x00, 0x00, 0x00, 0x00, 0x00, 0x00, 0x00,
  0x00, 0x00, 0x00, 0x00, 0x00, 0x00, 0x00, 0x00, 0x00, 0x00, 0x00, 0x00,
  0x00, 0x00, 0x00, 0x00, 0x00, 0x00, 0x00, 0x00, 0x00, 0x00, 0x00, 0x00,
  0x00, 0x00, 0x00, 0x00, 0x00, 0x00, 0x00, 0x00, 0x00, 0x00, 0x00, 0x00,
  0x00, 0x00, 0x00, 0x00, 0x00, 0x00, 0x00, 0x00, 0x00, 0x00, 0x00, 0x00,
  0x00, 0x00, 0x00, 0x00, 0x00, 0x00, 0x00, 0x00, 0x00, 0x00, 0x00, 0x00,
  0x00, 0x00, 0x00, 0x00, 0x00, 0x00, 0x00, 0x00, 0x00, 0x00, 0x00, 0x00,
  0x00, 0x00, 0x00, 0x00, 0x00, 0x00, 0x00, 0x00, 0x00, 0x00, 0x00, 0x00,
  0x00, 0x00, 0x00, 0x00, 0x00, 0x00, 0x00, 0x00, 0x00, 0x00, 0x00, 0x00,
  0x00, 0x00, 0x00, 0x00, 0x00, 0x00, 0x00, 0x00, 0x00, 0x00, 0x00, 0x00,
  0x00, 0x00, 0x00, 0x00, 0x00, 0x00, 0x00, 0x00, 0x00, 0x00, 0x00, 0x00,
  0x00, 0x00, 0x00, 0x00, 0x00, 0x00, 0x00, 0x00, 0x00, 0x00, 0x00, 0x00,
  0x00, 0x00, 0x00, 0x00, 0x00, 0x00, 0x00, 0x00, 0x00, 0x00, 0x00, 0x00,
  0x00, 0x00, 0x00, 0x00, 0x00, 0x00, 0x00, 0x00, 0x00, 0x00, 0x00, 0x00,
  0x00, 0x00, 0x00, 0x00, 0x00, 0x00, 0x00, 0x00, 0x00, 0x00, 0x00, 0x00,
  0x00, 0x00, 0x00, 0x00, 0x00, 0x00, 0x00, 0x00, 0x00, 0x00, 0x00, 0x00,
  0x00, 0x00, 0x00, 0x00, 0x00, 0x00, 0x00, 0x00, 0x00, 0x00, 0x00, 0x00,
  0x00, 0x00, 0x00, 0x00, 0x00, 0x00, 0x00, 0x00, 0x00, 0x00, 0x00, 0x00,
  0x00, 0x00, 0x00, 0x00, 0x00, 0x00, 0x00, 0x00, 0x00, 0x00, 0x00, 0x00,
  0x00, 0x00, 0x00, 0x00, 0x00, 0x00, 0x00, 0x00, 0x00, 0x00, 0x00, 0x00,
  0x00, 0x00, 0x00, 0x00, 0x00, 0x00, 0x00, 0x00, 0x00, 0x00, 0x00, 0x00,
  0x00, 0x00, 0x00, 0x00, 0x00, 0x00, 0x00, 0x00, 0x00, 0x00, 0x00, 0x00,
  0x00, 0x00, 0x00, 0x00, 0x00, 0x00, 0x00, 0x00, 0x00, 0x00, 0x00, 0x00,
  0x00, 0x00, 0x00, 0x00, 0x00, 0x00, 0x00, 0x00, 0x00, 0x00, 0x00, 0x00,
  0x00, 0x00, 0x00, 0x00, 0x00, 0x00, 0x00, 0x00, 0x00, 0x00, 0x00, 0x00,
  0x00, 0x00, 0x00, 0x00, 0x00, 0x00, 0x00, 0x00, 0x00, 0x00, 0x00, 0x00,
  0x00, 0x00, 0x00, 0x00, 0x00, 0x00, 0x00, 0x00, 0x00, 0x00, 0x00, 0x00,
  0x00, 0x00, 0x00, 0x00, 0x00, 0x00, 0x00, 0x00, 0x00, 0x00, 0x00, 0x00,
  0x00, 0x00, 0x00, 0x00, 0x00, 0x00, 0x00, 0x00, 0x00, 0x00, 0x00, 0x00,
  0x00, 0x00, 0x00, 0x00, 0x00, 0x00, 0x00, 0x00, 0x00, 0x00, 0x00, 0x00,
  0x00, 0x00, 0x00, 0x00, 0x00, 0x00, 0x00, 0x00, 0x00, 0x00, 0x00, 0x00,
  0x00, 0x00, 0x00, 0x00, 0x00, 0x00, 0x00, 0x00, 0x00, 0x00, 0x00, 0x00,
  0x00, 0x00, 0x00, 0x00, 0x00, 0x00, 0x00, 0x00, 0x00, 0x00, 0x00, 0x00,
  0x00, 0x00, 0x00, 0x00, 0x00, 0x00, 0x00, 0x00, 0x00, 0x00, 0x00, 0x00,
  0x00, 0x00, 0x00, 0x00, 0x00, 0x00, 0x00, 0x00, 0x00, 0x00, 0x00, 0x00,
  0x00, 0x00, 0x00, 0x00, 0x00, 0x00, 0x00, 0x00, 0x00, 0x00, 0x00, 0x00,
  0x00, 0x00, 0x00, 0x00, 0x00, 0x00, 0x00, 0x00, 0x00, 0x00, 0x00, 0x00,
  0x00, 0x00, 0x00, 0x00, 0x00, 0x00, 0x00, 0x00, 0x00, 0x00, 0x00, 0x00,
  0x00, 0x00, 0x00, 0x00, 0x00, 0x00, 0x00, 0x00, 0x00, 0x00, 0x00, 0x00,
  0x00, 0x00, 0x00, 0x00, 0x00, 0x00, 0x00, 0x00, 0x00, 0x00, 0x00, 0x00,
  0x00, 0x00, 0x00, 0x00, 0x00, 0x00, 0x00, 0x00, 0x00, 0x00, 0x00, 0x00,
  0x00, 0x00, 0x00, 0x00, 0x00, 0x00, 0x00, 0x00, 0x00, 0x00, 0x00, 0x00,
  0x00, 0x00, 0x00, 0x00, 0x00, 0x00, 0x00, 0x00, 0x00, 0x00, 0x00, 0x00,
  0x00, 0x00, 0x00, 0x00, 0x00, 0x00, 0x00, 0x00, 0x00, 0x00, 0x00, 0x00,
  0x00, 0x00, 0x00, 0x00, 0x00, 0x00, 0x00, 0x00, 0x00, 0x00, 0x00, 0x00,
  0x00, 0x00, 0x00, 0x00, 0x00, 0x00, 0x00, 0x00, 0x00, 0x00, 0x00, 0x00,
  0x00, 0x00, 0x00, 0x00, 0x00, 0x00, 0x00, 0x00, 0x00, 0x00, 0x00, 0x00,
  0x00, 0x00, 0x00, 0x00, 0x00, 0x00, 0x00, 0x00, 0x00, 0x00, 0x00, 0x00,
  0x00, 0x00, 0x00, 0x00, 0x00, 0x00, 0x00, 0x00, 0x00, 0x00, 0x00, 0x00,
  0x00, 0x00, 0x00, 0x00, 0x00, 0x00, 0x00, 0x00, 0x00, 0x00, 0x00, 0x00,
  0x00, 0x00, 0x00, 0x00, 0x00, 0x00, 0x00, 0x00, 0x00, 0x00, 0x00, 0x00,
  0x00, 0x00, 0x00, 0x00, 0x00, 0x00, 0x00, 0x00, 0x00, 0x00, 0x00, 0x00,
  0x00, 0x00, 0x00, 0x00, 0x00, 0x00, 0x00, 0x00, 0x00, 0x00, 0x00, 0x00,
  0x00, 0x00, 0x00, 0x00, 0x00, 0x00, 0x00, 0x00, 0x00, 0x00, 0x00, 0x00,
  0x00, 0x00, 0x00, 0x00, 0x00, 0x00, 0x00, 0x00, 0x00, 0x00, 0x00, 0x00,
  0x00, 0x00, 0x00, 0x00, 0x00, 0x00, 0x00, 0x00, 0x00, 0x00, 0x00, 0x00,
  0x00, 0x00, 0x00, 0x00, 0x00, 0x00, 0x00, 0x00, 0x00, 0x00, 0x00, 0x00,
  0x00, 0x00, 0x00, 0x00, 0x00, 0x00, 0x00, 0x00, 0x00, 0x00, 0x00, 0x00,
  0x00, 0x00, 0x00, 0x00, 0x00, 0x00, 0x00, 0x00, 0x00, 0x00, 0x00, 0x00,
  0x00, 0x00, 0x00, 0x00, 0x00, 0x00, 0x00, 0x00, 0x00, 0x00, 0x00, 0x00,
  0x00, 0x00, 0x00, 0x00, 0x00, 0x00, 0x00, 0x00, 0x00, 0x00, 0x00, 0x00,
  0x00, 0x00, 0x00, 0x00, 0x00, 0x00, 0x00, 0x00, 0x00, 0x00, 0x00, 0x00,
  0x00, 0x00, 0x00, 0x00, 0x00, 0x00, 0x00, 0x00, 0x00, 0x00, 0x00, 0x00,
  0x00, 0x00, 0x00, 0x00, 0x00, 0x00, 0x00, 0x00, 0x00, 0x00, 0x00, 0x00,
  0x00, 0x00, 0x00, 0x00, 0x00, 0x00, 0x00, 0x00, 0x00, 0x00, 0x00, 0x00,
  0x00, 0x00, 0x00, 0x00, 0x00, 0x00, 0x00, 0x00, 0x00, 0x00, 0x00, 0x00,
  0x00, 0x00, 0x00, 0x00, 0x00, 0x00, 0x00, 0x00, 0x00, 0x00, 0x00, 0x00,
  0x00, 0x00, 0x00, 0x00, 0x00, 0x00, 0x00, 0x00, 0x00, 0x00, 0x00, 0x00,
  0x00, 0x00, 0x00, 0x00, 0x00, 0x00, 0x00, 0x00, 0x00, 0x00, 0x00, 0x00,
  0x00, 0x00, 0x00, 0x00, 0x00, 0x00, 0x00, 0x00, 0x00, 0x00, 0x00, 0x00,
  0x00, 0x00, 0x00, 0x00, 0x00, 0x00, 0x00, 0x00, 0x00, 0x00, 0x00, 0x00,
  0x00, 0x00, 0x00, 0x00, 0x00, 0x00, 0x00, 0x00, 0x00, 0x00, 0x00, 0x00,
  0x00, 0x00, 0x00, 0x00, 0x00, 0x00, 0x00, 0x00, 0x00, 0x00, 0x00, 0x00,
  0x00, 0x00, 0x00, 0x00, 0x00, 0x00, 0x00, 0x00, 0x00, 0x00, 0x00, 0x00,
  0x00, 0x00, 0x00, 0x00, 0x00, 0x00, 0x00, 0x00, 0x00, 0x00, 0x00, 0x00,
  0x00, 0x00, 0x00, 0x00, 0x00, 0x00, 0x00, 0x00, 0x00, 0x00, 0x00, 0x00,
  0x00, 0x00, 0x00, 0x00, 0x00, 0x00, 0x00, 0x00, 0x00, 0x00, 0x00, 0x00,
  0x00, 0x00, 0x00, 0x00, 0x00, 0x00, 0x00, 0x00, 0x00, 0x00, 0x00, 0x00,
  0x00, 0x00, 0x00, 0x00, 0x00, 0x00, 0x00, 0x00, 0x00, 0x00, 0x00, 0x00,
  0x00, 0x00, 0x00, 0x00, 0x00, 0x00, 0x00, 0x00, 0x00, 0x00, 0x00, 0x00,
  0x00, 0x00, 0x00, 0x00, 0x00, 0x00, 0x00, 0x00, 0x00, 0x00, 0x00, 0x00,
  0x00, 0x00, 0x00, 0x00, 0x00, 0x00, 0x00, 0x00, 0x00, 0x00, 0x00, 0x00,
  0x00, 0x00, 0x00, 0x00, 0x00, 0x00, 0x00, 0x00, 0x00, 0x00, 0x00, 0x00,
  0x00, 0x00, 0x00, 0x00, 0x00, 0x00, 0x00, 0x00, 0x00, 0x00, 0x00, 0x00,
  0x00, 0x00, 0x00, 0x00, 0x00, 0x00, 0x00, 0x00, 0x00, 0x00, 0x00, 0x00,
  0x00, 0x00, 0x00, 0x00, 0x00, 0x00, 0x00, 0x00, 0x00, 0x00, 0x00, 0x00,
  0x00, 0x00, 0x00, 0x00, 0x00, 0x00, 0x00, 0x00, 0x00, 0x00, 0x00, 0x00,
  0x00, 0x00, 0x00, 0x00, 0x00, 0x00, 0x00, 0x00, 0x00, 0x00, 0x00, 0x00,
  0x00, 0x00, 0x00, 0x00, 0x00, 0x00, 0x00, 0x00, 0x00, 0x00, 0x00, 0x00,
  0x00, 0x00, 0x00, 0x00, 0x00, 0x00, 0x00, 0x00, 0x00, 0x00, 0x00, 0x00,
  0x00, 0x00, 0x00, 0x00, 0x00, 0x00, 0x00, 0x00, 0x00, 0x00, 0x00, 0x00,
  0x00, 0x00, 0x00, 0x00, 0x00, 0x00, 0x00, 0x00, 0x00, 0x00, 0x00, 0x00,
  0x00, 0x00, 0x00, 0x00, 0x00, 0x00, 0x00, 0x00, 0x00, 0x00, 0x00, 0x00,
  0x00, 0x00, 0x00, 0x00, 0x00, 0x00, 0x00, 0x00, 0x00, 0x00, 0x00, 0x00,
  0x00, 0x00, 0x00, 0x00, 0x00, 0x00, 0x00, 0x00, 0x00, 0x00, 0x00, 0x00,
  0x00, 0x00, 0x00, 0x00, 0x00, 0x00, 0x00, 0x00, 0x00, 0x00, 0x00, 0x00,
  0x00, 0x00, 0x00, 0x00, 0x00, 0x00, 0x00, 0x00, 0x00, 0x00, 0x00, 0x00,
  0x00, 0x00, 0x00, 0x00, 0x00, 0x00, 0x00, 0x00, 0x00, 0x00, 0x00, 0x00,
  0x00, 0x00, 0x00, 0x00, 0x00, 0x00, 0x00, 0x00, 0x00, 0x00, 0x00, 0x00,
  0x00, 0x00, 0x00, 0x00, 0x00, 0x00, 0x00, 0x00, 0x00, 0x00, 0x00, 0x00,
  0x00, 0x00, 0x00, 0x00, 0x00, 0x00, 0x00, 0x00, 0x00, 0x00, 0x00, 0x00,
  0x00, 0x00, 0x00, 0x00, 0x00, 0x00, 0x00, 0x00, 0x00, 0x00, 0x00, 0x00,
  0x00, 0x00, 0x00, 0x00, 0x00, 0x00, 0x00, 0x00, 0x00, 0x00, 0x00, 0x00,
  0x00, 0x00, 0x00, 0x00, 0x00, 0x00, 0x00, 0x00, 0x00, 0x00, 0x00, 0x00,
  0x00, 0x00, 0x00, 0x00, 0x00, 0x00, 0x00, 0x00, 0x00, 0x00, 0x00, 0x00,
  0x00, 0x00, 0x00, 0x00, 0x00, 0x00, 0x00, 0x00, 0x00, 0x00, 0x00, 0x00,
  0x00, 0x00, 0x00, 0x00, 0x00, 0x00, 0x00, 0x00, 0x00, 0x00, 0x00, 0x00,
  0x00, 0x00, 0x00, 0x00, 0x00, 0x00, 0x00, 0x00, 0x00, 0x00, 0x00, 0x00,
  0x00, 0x00, 0x00, 0x00, 0x00, 0x00, 0x00, 0x00, 0x00, 0x00, 0x00, 0x00,
  0x00, 0x00, 0x00, 0x00, 0x00, 0x00, 0x00, 0x00, 0x00, 0x00, 0x00, 0x00,
  0x00, 0x00, 0x00, 0x00, 0x00, 0x00, 0x00, 0x00, 0x00, 0x00, 0x00, 0x00,
  0x00, 0x00, 0x00, 0x00, 0x00, 0x00, 0x00, 0x00, 0x00, 0x00, 0x00, 0x00,
  0x00, 0x00, 0x00, 0x00, 0x00, 0x00, 0x00, 0x00, 0x00, 0x00, 0x00, 0x00,
  0x00, 0x00, 0x00, 0x00, 0x00, 0x00, 0x00, 0x00, 0x00, 0x00, 0x00, 0x00,
  0x00, 0x00, 0x00, 0x00, 0x00, 0x00, 0x00, 0x00, 0x00, 0x00, 0x00, 0x00,
  0x00, 0x00, 0x00, 0x00, 0x00, 0x00, 0x00, 0x00, 0x00, 0x00, 0x00, 0x00,
  0x00, 0x00, 0x00, 0x00, 0x00, 0x00, 0x00, 0x00, 0x00, 0x00, 0x00, 0x00,
  0x00, 0x00, 0x00, 0x00, 0x00, 0x00, 0x00, 0x00, 0x00, 0x00, 0x00, 0x00,
  0x00, 0x00, 0x00, 0x00, 0x00, 0x00, 0x00, 0x00, 0x00, 0x00, 0x00, 0x00,
  0x00, 0x00, 0x00, 0x00, 0x00, 0x00, 0x00, 0x00, 0x00, 0x00, 0x00, 0x00,
  0x00, 0x00, 0x00, 0x00, 0x00, 0x00, 0x00, 0x00, 0x00, 0x00, 0x00, 0x00,
  0x00, 0x00, 0x00, 0x00, 0x00, 0x00, 0x00, 0x00, 0x00, 0x00, 0x00, 0x00,
  0x00, 0x00, 0x00, 0x00, 0x00, 0x00, 0x00, 0x00, 0x00, 0x00, 0x00, 0x00,
  0x00, 0x00, 0x00, 0x00, 0x00, 0x00, 0x00, 0x00, 0x00, 0x00, 0x00, 0x00,
  0x00, 0x00, 0x00, 0x00, 0x00, 0x00, 0x00, 0x00, 0x00, 0x00, 0x00, 0x00,
  0x00, 0x00, 0x00, 0x00, 0x00, 0x00, 0x00, 0x00, 0x00, 0x00, 0x00, 0x00,
  0x00, 0x00, 0x00, 0x00, 0x00, 0x00, 0x00, 0x00, 0x00, 0x00, 0x00, 0x00,
  0x00, 0x00, 0x00, 0x00, 0x00, 0x00, 0x00, 0x00, 0x00, 0x00, 0x00, 0x00,
  0x00, 0x00, 0x00, 0x00, 0x00, 0x00, 0x00, 0x00, 0x00, 0x00, 0x00, 0x00,
  0x00, 0x00, 0x00, 0x00, 0x00, 0x00, 0x00, 0x00, 0x00, 0x00, 0x00, 0x00,
  0x00, 0x00, 0x00, 0x00, 0x00, 0x00, 0x00, 0x00, 0x00, 0x00, 0x00, 0x00,
  0x00, 0x00, 0x00, 0x00, 0x00, 0x00, 0x00, 0x00, 0x00, 0x00, 0x00, 0x00,
  0x00, 0x00, 0x00, 0x00, 0x00, 0x00, 0x00, 0x00, 0x00, 0x00, 0x00, 0x00,
  0x00, 0x00, 0x00, 0x00, 0x00, 0x00, 0x00, 0x00, 0x00, 0x00, 0x00, 0x00,
  0x00, 0x00, 0x00, 0x00, 0x00, 0x00, 0x00, 0x00, 0x00, 0x00, 0x00, 0x00,
  0x00, 0x00, 0x00, 0x00, 0x00, 0x00, 0x00, 0x00, 0x00, 0x00, 0x00, 0x00,
  0x00, 0x00, 0x00, 0x00, 0x00, 0x00, 0x00, 0x00, 0x00, 0x00, 0x00, 0x00,
  0x00, 0x00, 0x00, 0x00, 0x00, 0x00, 0x00, 0x00, 0x00, 0x00, 0x00, 0x00,
  0x00, 0x00, 0x00, 0x00, 0x00, 0x00, 0x00, 0x00, 0x00, 0x00, 0x00, 0x00,
  0x00, 0x00, 0x00, 0x00, 0x00, 0x00, 0x00, 0x00, 0x00, 0x00, 0x00, 0x00,
  0x00, 0x00, 0x00, 0x00, 0x00, 0x00, 0x00, 0x00, 0x00, 0x00, 0x00, 0x00,
  0x00, 0x00, 0x00, 0x00, 0x00, 0x00, 0x00, 0x00, 0x00, 0x00, 0x00, 0x00,
  0x00, 0x00, 0x00, 0x00, 0x00, 0x00, 0x00, 0x00, 0x00, 0x00, 0x00, 0x00,
  0x01, 0x00, 0x00, 0x00, 0x00, 0x00, 0x00, 0x00, 0x00, 0x00, 0x00, 0x00,
  0x04, 0x00, 0xf1, 0xff, 0x09, 0x00, 0x00, 0x00, 0x27, 0x00, 0x00, 0x08,
  0x9c, 0x00, 0x00, 0x00, 0x02, 0x00, 0x01, 0x00, 0x10, 0x00, 0x00, 0x00,
  0xc3, 0x00, 0x00, 0x08, 0x52, 0x00, 0x00, 0x00, 0x02, 0x00, 0x01, 0x00,
  0x15, 0x00, 0x00, 0x00, 0x15, 0x01, 0x00, 0x08, 0x19, 0x00, 0x00, 0x00,
  0x02, 0x00, 0x01, 0x00, 0x1e, 0x00, 0x00, 0x00, 0x2e, 0x01, 0x00, 0x08,
  0x61, 0x00, 0x00, 0x00, 0x02, 0x00, 0x01, 0x00, 0x27, 0x00, 0x00, 0x00,
  0x8f, 0x01, 0x00, 0x08, 0x59, 0x00, 0x00, 0x00, 0x02, 0x00, 0x01, 0x00,
  0x2f, 0x00, 0x00, 0x00, 0xe8, 0x01, 0x00, 0x08, 0x4e, 0x00, 0x00, 0x00,
  0x02, 0x00, 0x01, 0x00, 0x36, 0x00, 0x00, 0x00, 0x36, 0x02, 0x00, 0x08,
  0x7d, 0x01, 0x00, 0x00, 0x02, 0x00, 0x01, 0x00, 0x3d, 0x00, 0x00, 0x00,
  0xb3, 0x03, 0x00, 0x08, 0x0a, 0x01, 0x00, 0x00, 0x02, 0x00, 0x01, 0x00,
  0x45, 0x00, 0x00, 0x00, 0xbd, 0x04, 0x00, 0x08, 0xce, 0x00, 0x00, 0x00,
  0x02, 0x00, 0x01, 0x00, 0x4e, 0x00, 0x00, 0x00, 0x8b, 0x05, 0x00, 0x08,
  0x81, 0x00, 0x00, 0x00, 0x02, 0x00, 0x01, 0x00, 0x5a, 0x00, 0x00, 0x00,
  0x0c, 0x06, 0x00, 0x08, 0x39, 0x01, 0x00, 0x00, 0x02, 0x00, 0x01, 0x00,
  0x64, 0x00, 0x00, 0x00, 0x45, 0x07, 0x00, 0x08, 0x2b, 0x00, 0x00, 0x00,
  0x02, 0x00, 0x01, 0x00, 0x6b, 0x00, 0x00, 0x00, 0x70, 0x07, 0x00, 0x08,
  0xe9, 0x00, 0x00, 0x00, 0x02, 0x00, 0x01, 0x00, 0x77, 0x00, 0x00, 0x00,
  0x59, 0x08, 0x00, 0x08, 0xbf, 0x00, 0x00, 0x00, 0x02, 0x00, 0x01, 0x00,
  0x82, 0x00, 0x00, 0x00, 0x18, 0x09, 0x00, 0x08, 0xbb, 0x00, 0x00, 0x00,
  0x02, 0x00, 0x01, 0x00, 0x97, 0x00, 0x00, 0x00, 0xd3, 0x09, 0x00, 0x08,
  0x66, 0x00, 0x00, 0x00, 0x02, 0x00, 0x01, 0x00, 0xaa, 0x00, 0x00, 0x00,
  0x39, 0x0a, 0x00, 0x08, 0x2d, 0x03, 0x00, 0x00, 0x02, 0x00, 0x01, 0x00,
  0xb3, 0x00, 0x00, 0x00, 0x00, 0x00, 0x00, 0x00, 0x00, 0x00, 0x00, 0x00,
  0x04, 0x00, 0xf1, 0xff, 0xba, 0x00, 0x00, 0x00, 0xcf, 0x11, 0x00, 0x08,
  0x38, 0x00, 0x00, 0x00, 0x02, 0x00, 0x01, 0x00, 0xc4, 0x00, 0x00, 0x00,
  0x07, 0x12, 0x00, 0x08, 0x55, 0x00, 0x00, 0x00, 0x02, 0x00, 0x01, 0x00,
  0xcb, 0x00, 0x00, 0x00, 0x5c, 0x12, 0x00, 0x08, 0x2e, 0x00, 0x00, 0x00,
  0x02, 0x00, 0x01, 0x00, 0xd3, 0x00, 0x00, 0x00, 0x8a, 0x12, 0x00, 0x08,
  0x7f, 0x00, 0x00, 0x00, 0x02, 0x00, 0x01, 0x00, 0xdc, 0x00, 0x00, 0x00,
  0x09, 0x13, 0x00, 0x08, 0x5d, 0x00, 0x00, 0x00, 0x02, 0x00, 0x01, 0x00,
  0xe4, 0x00, 0x00, 0x00, 0x60, 0x25, 0x00, 0x08, 0x11, 0x00, 0x00, 0x00,
  0x01, 0x00, 0x02, 0x00, 0xed, 0x00, 0x00, 0x00, 0x00, 0x40, 0x00, 0x08,
  0x00, 0x40, 0x00, 0x00, 0x01, 0x00, 0x04, 0x00, 0xf2, 0x00, 0x00, 0x00,
  0x00, 0x80, 0x00, 0x08, 0x04, 0x00, 0x00, 0x00, 0x01, 0x00, 0x04, 0x00,
  0xfc, 0x00, 0x00, 0x00, 0xcb, 0x10, 0x00, 0x08, 0x24, 0x00, 0x00, 0x00,
  0x12, 0x00, 0x01, 0x00, 0x04, 0x01, 0x00, 0x00, 0xd2, 0x16, 0x00, 0x08,
  0x30, 0x00, 0x00, 0x00, 0x12, 0x00, 0x01, 0x00, 0x0b, 0x01, 0x00, 0x00,
  0x6a, 0x0f, 0x00, 0x08, 0x10, 0x00, 0x00, 0x00, 0x12, 0x00, 0x01, 0x00,
  0x11, 0x01, 0x00, 0x00, 0x8c, 0x0f, 0x00, 0x08, 0x13, 0x00, 0x00, 0x00,
  0x12, 0x00, 0x01, 0x00, 0x19, 0x01, 0x00, 0x00, 0xef, 0x10, 0x00, 0x08,
  0x28, 0x00, 0x00, 0x00, 0x12, 0x00, 0x01, 0x00, 0x1f, 0x01, 0x00, 0x00,
  0x5b, 0x0f, 0x00, 0x08, 0x0f, 0x00, 0x00, 0x00, 0x12, 0x00, 0x01, 0x00,
  0xd9, 0x01, 0x00, 0x00, 0xf2, 0x15, 0x00, 0x08, 0x23, 0x00, 0x00, 0x00,
  0x12, 0x00, 0x01, 0x00, 0x26, 0x01, 0x00, 0x00, 0xda, 0x0e, 0x00, 0x08,
  0x13, 0x00, 0x00, 0x00, 0x12, 0x00, 0x01, 0x00, 0x2f, 0x01, 0x00, 0x00,
  0xca, 0x17, 0x00, 0x08, 0x7d, 0x00, 0x00, 0x00, 0x12, 0x00, 0x01, 0x00,
  0x37, 0x01, 0x00, 0x00, 0x00, 0x00, 0x00, 0x08, 0x00, 0x00, 0x00, 0x00,
  0x10, 0x00, 0x01, 0x00, 0x49, 0x01, 0x00, 0x00, 0x00, 0x40, 0x00, 0x08,
  0x00, 0x00, 0x00, 0x00, 0x10, 0x00, 0x04, 0x00, 0x5a, 0x01, 0x00, 0x00,
  0x3d, 0x0f, 0x00, 0x08, 0x0f, 0x00, 0x00, 0x00, 0x12, 0x00, 0x01, 0x00,
  0x61, 0x01, 0x00, 0x00, 0x04, 0x80, 0x00, 0x08, 0x00, 0x00, 0x00, 0x00,
  0x10, 0x00, 0x04, 0x00, 0x70, 0x01, 0x00, 0x00, 0x8d, 0x17, 0x00, 0x08,
  0x3d, 0x00, 0x00, 0x00, 0x12, 0x00, 0x01, 0x00, 0x77, 0x01, 0x00, 0x00,
  0x6e, 0x11, 0x00, 0x08, 0x61, 0x00, 0x00, 0x00, 0x12, 0x00, 0x01, 0x00,
  0x80, 0x01, 0x00, 0x00, 0x17, 0x11, 0x00, 0x08, 0x28, 0x00, 0x00, 0x00,
  0x12, 0x00, 0x01, 0x00, 0x85, 0x01, 0x00, 0x00, 0x4c, 0x0f, 0x00, 0x08,
  0x0f, 0x00, 0x00, 0x00, 0x12, 0x00, 0x01, 0x00, 0x8c, 0x01, 0x00, 0x00,
  0x6a, 0x19, 0x00, 0x08, 0x52, 0x00, 0x00, 0x00, 0x12, 0x00, 0x01, 0x00,
  0x93, 0x01, 0x00, 0x00, 0x7a, 0x10, 0x00, 0x08, 0x13, 0x00, 0x00, 0x00,
  0x12, 0x00, 0x01, 0x00, 0x99, 0x01, 0x00, 0x00, 0x18, 0x10, 0x00, 0x08,
  0x1a, 0x00, 0x00, 0x00, 0x12, 0x00, 0x01, 0x00, 0xa1, 0x01, 0x00, 0x00,
  0xc2, 0x19, 0x00, 0x08, 0x00, 0x00, 0x00, 0x00, 0x10, 0x00, 0x01, 0x00,
  0xb1, 0x01, 0x00, 0x00, 0x4c, 0x10, 0x00, 0x08, 0x1b, 0x00, 0x00, 0x00,
  0x12, 0x00, 0x01, 0x00, 0xb7, 0x01, 0x00, 0x00, 0x04, 0x30, 0x00, 0x08,
  0x00, 0x00, 0x00, 0x00, 0x10, 0x00, 0x03, 0x00, 0xc9, 0x01, 0x00, 0x00,
  0x9f, 0x0f, 0x00, 0x08, 0x19, 0x00, 0x00, 0x00, 0x12, 0x00, 0x01, 0x00,
  0x5e, 0x00, 0x00, 0x00, 0xb8, 0x0f, 0x00, 0x08, 0x1a, 0x00, 0x00, 0x00,
  0x12, 0x00, 0x01, 0x00, 0xcf, 0x01, 0x00, 0x00, 0x7a, 0x0f, 0x00, 0x08,
  0x12, 0x00, 0x00, 0x00, 0x12, 0x00, 0x01, 0x00, 0xd8, 0x01, 0x00, 0x00,
  0x66, 0x13, 0x00, 0x08, 0x8c, 0x02, 0x00, 0x00, 0x12, 0x00, 0x01, 0x00,
  0xe0, 0x01, 0x00, 0x00, 0xb8, 0x10, 0x00, 0x08, 0x13, 0x00, 0x00, 0x00,
  0x12, 0x00, 0x01, 0x00, 0xc2, 0x01, 0x00, 0x00, 0x00, 0x00, 0x00, 0x08,
  0x00, 0x00, 0x00, 0x00, 0x10, 0x00, 0x01, 0x00, 0xe6, 0x01, 0x00, 0x00,
  0x00, 0x20, 0x00, 0x08, 0x00, 0x00, 0x00, 0x00, 0x10, 0x00, 0x02, 0x00,
  0xfa, 0x01, 0x00, 0x00, 0xd2, 0x0f, 0x00, 0x08, 0x1a, 0x00, 0x00, 0x00,
  0x12, 0x00, 0x01, 0x00, 0xff, 0x01, 0x00, 0x00, 0x7b, 0x16, 0x00, 0x08,
  0x57, 0x00, 0x00, 0x00, 0x12, 0x00, 0x01, 0x00, 0x07, 0x02, 0x00, 0x00,
  0x02, 0x17, 0x00, 0x08, 0x5d, 0x00, 0x00, 0x00, 0x12, 0x00, 0x01, 0x00,
  0x0f, 0x02, 0x00, 0x00, 0x8d, 0x10, 0x00, 0x08, 0x13, 0x00, 0x00, 0x00,
  0x12, 0x00, 0x01, 0x00, 0x16, 0x02, 0x00, 0x00, 0x75, 0x18, 0x00, 0x08,
  0x55, 0x00, 0x00, 0x00, 0x12, 0x00, 0x01, 0x00, 0x1d, 0x02, 0x00, 0x00,
  0x47, 0x18, 0x00, 0x08, 0x2e, 0x00, 0x00, 0x00, 0x12, 0x00, 0x01, 0x00,
  0x24, 0x02, 0x00, 0x00, 0x66, 0x0d, 0x00, 0x08, 0x74, 0x01, 0x00, 0x00,
  0x12, 0x00, 0x01, 0x00, 0x29, 0x02, 0x00, 0x00, 0x04, 0x30, 0x00, 0x08,
  0x00, 0x00, 0x00, 0x00, 0x10, 0x00, 0x03, 0x00, 0x39, 0x02, 0x00, 0x00,
  0x3f, 0x11, 0x00, 0x08, 0x2f, 0x00, 0x00, 0x00, 0x12, 0x00, 0x01, 0x00,
  0x41, 0x02, 0x00, 0x00, 0x3c, 0x16, 0x00, 0x08, 0x3f, 0x00, 0x00, 0x00,
  0x12, 0x00, 0x01, 0x00, 0x48, 0x02, 0x00, 0x00, 0xa0, 0x10, 0x00, 0x08,
  0x18, 0x00, 0x00, 0x00, 0x12, 0x00, 0x01, 0x00, 0x4f, 0x02, 0x00, 0x00,
  0xed, 0x0e, 0x00, 0x08, 0x1c, 0x00, 0x00, 0x00, 0x12, 0x00, 0x01, 0x00,
  0x49, 0x00, 0x00, 0x00, 0x32, 0x10, 0x00, 0x08, 0x1a, 0x00, 0x00, 0x00,
  0x12, 0x00, 0x01, 0x00, 0x58, 0x02, 0x00, 0x00, 0x71, 0x25, 0x00, 0x08,
  0x00, 0x00, 0x00, 0x00, 0x10, 0x00, 0x02, 0x00, 0x6a, 0x02, 0x00, 0x00,
  0x29, 0x0f, 0x00, 0x08, 0x14, 0x00, 0x00, 0x00, 0x12, 0x00, 0x01, 0x00,
  0x6f, 0x02, 0x00, 0x00, 0xca, 0x18, 0x00, 0x08, 0xa0, 0x00, 0x00, 0x00,
  0x12, 0x00, 0x01, 0x00, 0x74, 0x02, 0x00, 0x00, 0x15, 0x16, 0x00, 0x08,
  0x27, 0x00, 0x00, 0x00, 0x12, 0x00, 0x01, 0x00, 0x7b, 0x02, 0x00, 0x00,
  0xec, 0x0f, 0x00, 0x08, 0x19, 0x00, 0x00, 0x00, 0x12, 0x00, 0x01, 0x00,
  0x80, 0x02, 0x00, 0x00, 0x5f, 0x17, 0x00, 0x08, 0x2e, 0x00, 0x00, 0x00,
  0x12, 0x00, 0x01, 0x00, 0x87, 0x02, 0x00, 0x00, 0x09, 0x0f, 0x00, 0x08,
  0x20, 0x00, 0x00, 0x00, 0x12, 0x00, 0x01, 0x00, 0x90, 0x02, 0x00, 0x00,
  0x67, 0x10, 0x00, 0x08, 0x13, 0x00, 0x00, 0x00, 0x12, 0x00, 0x01, 0x00,
  0x96, 0x02, 0x00, 0x00, 0x05, 0x10, 0x00, 0x08, 0x13, 0x00, 0x00, 0x00,
  0x12, 0x00, 0x01, 0x00, 0x9c, 0x02, 0x00, 0x00, 0xbc, 0x19, 0x00, 0x08,
  0x06, 0x00, 0x00, 0x00, 0x12, 0x00, 0x01, 0x00, 0x00, 0x73, 0x68, 0x65,
  0x6c, 0x6c, 0x2e, 0x63, 0x00, 0x65, 0x72, 0x72, 0x73, 0x74, 0x72, 0x00,
  0x66, 0x61, 0x69, 0x6c, 0x00, 0x63, 0x6d, 0x64, 0x5f, 0x68, 0x65, 0x6c,
  0x70, 0x00, 0x63, 0x6d, 0x64, 0x5f, 0x65, 0x63, 0x68, 0x6f, 0x00, 0x63,
  0x6d, 0x64, 0x5f, 0x70, 0x77, 0x64, 0x00, 0x63, 0x6d, 0x64, 0x5f, 0x63,
  0x64, 0x00, 0x63, 0x6d, 0x64, 0x5f, 0x6c, 0x73, 0x00, 0x63, 0x6d, 0x64,
  0x5f, 0x63, 0x61, 0x74, 0x00, 0x63, 0x6d, 0x64, 0x5f, 0x73, 0x74, 0x61,
  0x74, 0x00, 0x63, 0x6d, 0x64, 0x5f, 0x70, 0x61, 0x74, 0x68, 0x5f, 0x6f,
  0x70, 0x00, 0x63, 0x6d, 0x64, 0x5f, 0x77, 0x72, 0x69, 0x74, 0x65, 0x00,
  0x63, 0x6d, 0x64, 0x5f, 0x69, 0x64, 0x00, 0x72, 0x75, 0x6e, 0x5f, 0x70,
  0x72, 0x6f, 0x67, 0x72, 0x61, 0x6d, 0x00, 0x73, 0x70, 0x6c, 0x69, 0x74,
  0x5f, 0x61, 0x72, 0x67, 0x73, 0x00, 0x74, 0x61, 0x6b, 0x65, 0x5f, 0x62,
  0x61, 0x63, 0x6b, 0x67, 0x72, 0x6f, 0x75, 0x6e, 0x64, 0x5f, 0x66, 0x6c,
  0x61, 0x67, 0x00, 0x6c, 0x6f, 0x6f, 0x6b, 0x73, 0x5f, 0x6c, 0x69, 0x6b,
  0x65, 0x5f, 0x70, 0x72, 0x6f, 0x67, 0x72, 0x61, 0x6d, 0x00, 0x64, 0x69,
  0x73, 0x70, 0x61, 0x74, 0x63, 0x68, 0x00, 0x6c, 0x69, 0x62, 0x63, 0x2e,
  0x63, 0x00, 0x6f, 0x75, 0x74, 0x5f, 0x66, 0x6c, 0x75, 0x73, 0x68, 0x00,
  0x6f, 0x75, 0x74, 0x5f, 0x63, 0x68, 0x00, 0x6f, 0x75, 0x74, 0x5f, 0x73,
  0x74, 0x72, 0x00, 0x6f, 0x75, 0x74, 0x5f, 0x75, 0x64, 0x65, 0x63, 0x00,
  0x6f, 0x75, 0x74, 0x5f, 0x68, 0x65, 0x78, 0x00, 0x64, 0x69, 0x67, 0x69,
  0x74, 0x73, 0x2e, 0x30, 0x00, 0x68, 0x65, 0x61, 0x70, 0x00, 0x68, 0x65,
  0x61, 0x70, 0x5f, 0x75, 0x73, 0x65, 0x64, 0x00, 0x70, 0x75, 0x74, 0x63,
  0x68, 0x61, 0x72, 0x00, 0x73, 0x74, 0x72, 0x63, 0x70, 0x79, 0x00, 0x79,
  0x69, 0x65, 0x6c, 0x64, 0x00, 0x77, 0x61, 0x69, 0x74, 0x70, 0x69, 0x64,
  0x00, 0x70, 0x72, 0x69, 0x6e, 0x74, 0x00, 0x67, 0x65, 0x74, 0x67, 0x69,
  0x64, 0x00, 0x73, 0x79, 0x73, 0x63, 0x61, 0x6c, 0x6c, 0x30, 0x00, 0x6d,
  0x65, 0x6d, 0x6d, 0x6f, 0x76, 0x65, 0x00, 0x5f, 0x5f, 0x75, 0x73, 0x65,
  0x72, 0x5f, 0x74, 0x65, 0x78, 0x74, 0x5f, 0x73, 0x74, 0x61, 0x72, 0x74,
  0x00, 0x5f, 0x5f, 0x75, 0x73, 0x65, 0x72, 0x5f, 0x62, 0x73, 0x73, 0x5f,
  0x73, 0x74, 0x61, 0x72, 0x74, 0x00, 0x67, 0x65, 0x74, 0x70, 0x69, 0x64,
  0x00, 0x5f, 0x5f, 0x75, 0x73, 0x65, 0x72, 0x5f, 0x62, 0x73, 0x73, 0x5f,
  0x65, 0x6e, 0x64, 0x00, 0x6d, 0x65, 0x6d, 0x63, 0x70, 0x79, 0x00, 0x72,
  0x65, 0x61, 0x64, 0x6c, 0x69, 0x6e, 0x65, 0x00, 0x70, 0x75, 0x74, 0x73,
  0x00, 0x67, 0x65, 0x74, 0x75, 0x69, 0x64, 0x00, 0x6d, 0x61, 0x6c, 0x6c,
  0x6f, 0x63, 0x00, 0x72, 0x6d, 0x64, 0x69, 0x72, 0x00, 0x72, 0x65, 0x61,
  0x64, 0x64, 0x69, 0x72, 0x00, 0x5f, 0x5f, 0x75, 0x73, 0x65, 0x72, 0x5f,
  0x74, 0x65, 0x78, 0x74, 0x5f, 0x65, 0x6e, 0x64, 0x00, 0x6c, 0x73, 0x65,
  0x65, 0x6b, 0x00, 0x5f, 0x5f, 0x75, 0x73, 0x65, 0x72, 0x5f, 0x64, 0x61,
  0x74, 0x61, 0x5f, 0x73, 0x74, 0x61, 0x72, 0x74, 0x00, 0x73, 0x70, 0x61,
  0x77, 0x6e, 0x00, 0x73, 0x6c, 0x65, 0x65, 0x70, 0x5f, 0x6d, 0x73, 0x00,
  0x76, 0x70, 0x72, 0x69, 0x6e, 0x74, 0x66, 0x00, 0x63, 0x68, 0x64, 0x69,
  0x72, 0x00, 0x5f, 0x5f, 0x75, 0x73, 0x65, 0x72, 0x5f, 0x72, 0x6f, 0x64,
  0x61, 0x74, 0x61, 0x5f, 0x73, 0x74, 0x61, 0x72, 0x74, 0x00, 0x72, 0x65,
  0x61, 0x64, 0x00, 0x73, 0x74, 0x72, 0x6e, 0x63, 0x6d, 0x70, 0x00, 0x73,
  0x74, 0x72, 0x6e, 0x63, 0x70, 0x79, 0x00, 0x75, 0x6e, 0x6c, 0x69, 0x6e,
  0x6b, 0x00, 0x6d, 0x65, 0x6d, 0x63, 0x6d, 0x70, 0x00, 0x6d, 0x65, 0x6d,
  0x73, 0x65, 0x74, 0x00, 0x6d, 0x61, 0x69, 0x6e, 0x00, 0x5f, 0x5f, 0x75,
  0x73, 0x65, 0x72, 0x5f, 0x64, 0x61, 0x74, 0x61, 0x5f, 0x65, 0x6e, 0x64,
  0x00, 0x67, 0x65, 0x74, 0x63, 0x68, 0x61, 0x72, 0x00, 0x73, 0x74, 0x72,
  0x63, 0x6d, 0x70, 0x00, 0x67, 0x65, 0x74, 0x63, 0x77, 0x64, 0x00, 0x73,
  0x79, 0x73, 0x63, 0x61, 0x6c, 0x6c, 0x31, 0x00, 0x5f, 0x5f, 0x75, 0x73,
  0x65, 0x72, 0x5f, 0x72, 0x6f, 0x64, 0x61, 0x74, 0x61, 0x5f, 0x65, 0x6e,
  0x64, 0x00, 0x65, 0x78, 0x69, 0x74, 0x00, 0x61, 0x74, 0x6f, 0x69, 0x00,
  0x73, 0x74, 0x72, 0x6c, 0x65, 0x6e, 0x00, 0x6f, 0x70, 0x65, 0x6e, 0x00,
  0x73, 0x74, 0x72, 0x63, 0x68, 0x72, 0x00, 0x73, 0x79, 0x73, 0x63, 0x61,
  0x6c, 0x6c, 0x33, 0x00, 0x6d, 0x6b, 0x64, 0x69, 0x72, 0x00, 0x63, 0x6c,
  0x6f, 0x73, 0x65, 0x00, 0x66, 0x72, 0x65, 0x65, 0x00, 0x00, 0x2e, 0x73,
  0x79, 0x6d, 0x74, 0x61, 0x62, 0x00, 0x2e, 0x73, 0x74, 0x72, 0x74, 0x61,
  0x62, 0x00, 0x2e, 0x73, 0x68, 0x73, 0x74, 0x72, 0x74, 0x61, 0x62, 0x00,
  0x2e, 0x74, 0x65, 0x78, 0x74, 0x00, 0x2e, 0x72, 0x6f, 0x64, 0x61, 0x74,
  0x61, 0x00, 0x2e, 0x64, 0x61, 0x74, 0x61, 0x00, 0x2e, 0x62, 0x73, 0x73,
  0x00, 0x00, 0x00, 0x00, 0x00, 0x00, 0x00, 0x00, 0x00, 0x00, 0x00, 0x00,
  0x00, 0x00, 0x00, 0x00, 0x00, 0x00, 0x00, 0x00, 0x00, 0x00, 0x00, 0x00,
  0x00, 0x00, 0x00, 0x00, 0x00, 0x00, 0x00, 0x00, 0x00, 0x00, 0x00, 0x00,
  0x00, 0x00, 0x00, 0x00, 0x00, 0x00, 0x00, 0x00, 0x1b, 0x00, 0x00, 0x00,
  0x01, 0x00, 0x00, 0x00, 0x06, 0x00, 0x00, 0x00, 0x00, 0x00, 0x00, 0x08,
  0x00, 0x10, 0x00, 0x00, 0xc2, 0x19, 0x00, 0x00, 0x00, 0x00, 0x00, 0x00,
  0x00, 0x00, 0x00, 0x00, 0x01, 0x00, 0x00, 0x00, 0x00, 0x00, 0x00, 0x00,
  0x21, 0x00, 0x00, 0x00, 0x01, 0x00, 0x00, 0x00, 0x02, 0x00, 0x00, 0x00,
  0x00, 0x20, 0x00, 0x08, 0x00, 0x30, 0x00, 0x00, 0x71, 0x05, 0x00, 0x00,
  0x00, 0x00, 0x00, 0x00, 0x00, 0x00, 0x00, 0x00, 0x04, 0x00, 0x00, 0x00,
  0x00, 0x00, 0x00, 0x00, 0x29, 0x00, 0x00, 0x00, 0x01, 0x00, 0x00, 0x00,
  0x03, 0x00, 0x00, 0x00, 0x00, 0x30, 0x00, 0x08, 0x00, 0x40, 0x00, 0x00,
  0x04, 0x00, 0x00, 0x00, 0x00, 0x00, 0x00, 0x00, 0x00, 0x00, 0x00, 0x00,
  0x01, 0x00, 0x00, 0x00, 0x00, 0x00, 0x00, 0x00, 0x2f, 0x00, 0x00, 0x00,
  0x08, 0x00, 0x00, 0x00, 0x03, 0x00, 0x00, 0x00, 0x00, 0x40, 0x00, 0x08,
  0x04, 0x40, 0x00, 0x00, 0x04, 0x40, 0x00, 0x00, 0x00, 0x00, 0x00, 0x00,
  0x00, 0x00, 0x00, 0x00, 0x08, 0x00, 0x00, 0x00, 0x00, 0x00, 0x00, 0x00,
  0x01, 0x00, 0x00, 0x00, 0x02, 0x00, 0x00, 0x00, 0x00, 0x00, 0x00, 0x00,
  0x00, 0x00, 0x00, 0x00, 0x04, 0x40, 0x00, 0x00, 0x10, 0x05, 0x00, 0x00,
  0x06, 0x00, 0x00, 0x00, 0x1c, 0x00, 0x00, 0x00, 0x04, 0x00, 0x00, 0x00,
  0x10, 0x00, 0x00, 0x00, 0x09, 0x00, 0x00, 0x00, 0x03, 0x00, 0x00, 0x00,
  0x00, 0x00, 0x00, 0x00, 0x00, 0x00, 0x00, 0x00, 0x14, 0x45, 0x00, 0x00,
  0xa1, 0x02, 0x00, 0x00, 0x00, 0x00, 0x00, 0x00, 0x00, 0x00, 0x00, 0x00,
  0x01, 0x00, 0x00, 0x00, 0x00, 0x00, 0x00, 0x00, 0x11, 0x00, 0x00, 0x00,
  0x03, 0x00, 0x00, 0x00, 0x00, 0x00, 0x00, 0x00, 0x00, 0x00, 0x00, 0x00,
  0xb5, 0x47, 0x00, 0x00, 0x34, 0x00, 0x00, 0x00, 0x00, 0x00, 0x00, 0x00,
  0x00, 0x00, 0x00, 0x00, 0x01, 0x00, 0x00, 0x00, 0x00, 0x00, 0x00, 0x00,
  0x54, 0x49, 0x4e, 0x59, 0x4f, 0x53, 0x5f, 0x53, 0x49, 0x47, 0x5f, 0x56,
  0x31, 0x00, 0x00, 0x00, 0x2c, 0x49, 0x00, 0x00, 0x2c, 0x49, 0x00, 0x00,
  0x4f, 0x2e, 0xbe, 0x10, 0x9f, 0xcb, 0x93, 0x06, 0x66, 0x1e, 0x95, 0x36,
  0x6b, 0x42, 0xe9, 0x9b, 0x13, 0x24, 0x85, 0x28, 0x8a, 0x16, 0x9b, 0x34,
  0xc2, 0x01, 0xf7, 0xa8, 0x4e, 0x93, 0xf3, 0x89, 0xa5, 0xd4, 0xc6, 0x0f,
  0x58, 0x50, 0x9c, 0x68, 0xab, 0x99, 0x96, 0x05, 0xdf, 0x52, 0x83, 0x8b,
  0x8f, 0xd9, 0x3e, 0xb6, 0xfc, 0x05, 0xc9, 0x97, 0xcd, 0x5b, 0x96, 0x54,
  0xe8, 0xbf, 0x88, 0x2d, 0x83, 0x66, 0xa3, 0x4c, 0x77, 0xa3, 0x81, 0xb1,
  0x00, 0xe9, 0xc3, 0xe1, 0xe4, 0x64, 0x06, 0x79, 0xfb, 0xe3, 0x10, 0x20,
  0x94, 0x28, 0x8d, 0xc5, 0x4b, 0xe2, 0xf0, 0x16, 0x8c, 0x17, 0xd5, 0xea,
  0x36, 0x53, 0xa2, 0x7e, 0x3c, 0xc1, 0xc5, 0xaf, 0x51, 0xda, 0x74, 0x41,
  0xde, 0xef, 0x4a, 0xc9, 0x8e, 0x8b, 0xa9, 0x23, 0xdc, 0x28, 0x62, 0x9e,
  0xdd, 0x27, 0xf6, 0xe8, 0xc8, 0x41, 0xb5, 0x06, 0x19, 0xaa, 0xf7, 0x1c,
  0x21, 0x4a, 0xf6, 0x78, 0x92, 0xc0, 0x58, 0x99, 0x0e, 0x4d, 0x27, 0x68,
  0xc5, 0x1d, 0x5e, 0x10, 0x43, 0xc0, 0x7a, 0x77, 0x96, 0x85, 0x76, 0x30,
  0x55, 0xd9, 0x93, 0x47,
};
const unsigned int shell_elf_data_len = 18916;
